center_um,requested_R,actual_R,n_pixels,summed_signal_e_s,diagonal_noise_e_s,snr_diagonal
11.590957665760335,100,99.90066402378935,54,376.1950573168817,7.027126183803126,53.534695048450445
11.707449702602148,100,99.07780615958197,55,393.33808839771285,7.10358162994468,55.371798184119136
11.825112513683578,100,100.07356300540845,55,378.055161702248,7.077956334987627,53.413039556835415
11.943957865579895,100,101.12004961344685,55,348.163046269468,7.031986115495104,49.51133869594604
12.063997643123411,100,100.25716535643566,56,354.4959024192765,7.094399218902149,49.96841754757274
12.18524385059199,100,99.47886728547417,57,405.5212307533966,7.221548361867644,56.154332898287244
12.307708612909497,100,100.50302196346315,57,412.5101219317001,7.231538527026708,57.04320323953334
12.431404176858337,100,99.76457711941072,58,402.43749847714344,7.269771658667396,55.35765322110726
12.55634291230415,100,99.06620056208997,59,410.3609193980343,7.332666989564151,55.9633923076092
12.682537313432835,100,100.04284972282466,59,430.0186338067911,7.359206019798308,58.4327484038253
12.81,100,101.05874218865699,59,441.7806943292464,7.374444240012739,59.906981455253806
12.938743718592965,100,98.76356709844686,61,427.7153126976025,7.456993814869104,57.35760593561795
13.068781343905457,100,101.35062304238748,60,419.0871322698616,7.393043455629347,56.686685907513855
13.200125880025112,100,99.09183844939449,62,399.8915467751166,7.470427428256566,53.529941976618936
13.332790461733909,100,100.1249064537518,62,372.44708258015635,7.432986231564753,50.10732846490834
