observation,target,role,coordinates,extended,dither_optimized_for,groups_A,groups_B,groups_C,integrations,dithers,target_acquisition
1,F01,science,07 59 34.95 +32 21 43.3,NO,POINT SOURCE,27,60,27,1,4,F560W FAST 4 groups
2,F01-SKY,sky,07 59 39.684 +32 19 59.37,YES,EXTENDED SOURCE,27,60,27,1,4,NONE
3,F02,science,00 33 52.71 +20 21 04.1,NO,POINT SOURCE,27,60,27,1,4,FND FASTGRPAVG 10 groups
4,F02-SKY,sky,00 33 56.831 +20 21 19.63,YES,EXTENDED SOURCE,27,60,27,1,4,NONE
5,F03,science,10 53 25.41 +30 24 19.3,NO,POINT SOURCE,27,60,27,1,4,FND FASTGRPAVG 10 groups
6,F03-SKY,sky,10 53 33.496 +30 24 28.44,YES,EXTENDED SOURCE,27,60,27,1,4,NONE
7,F04,science,00 53 46.16 +22 32 22.4,NO,POINT SOURCE,27,60,27,1,4,FND FAST 10 groups
8,F04-SKY,sky,00 53 43.919 +22 30 26.49,YES,EXTENDED SOURCE,27,60,27,1,4,NONE
9,F05,science,08 53 59.06 +21 28 03.4,NO,POINT SOURCE,27,60,27,1,4,FND FASTGRPAVG 10 groups
10,F05-SKY,sky,08 54 01.285 +21 29 59.31,YES,EXTENDED SOURCE,27,60,27,1,4,NONE
11,F06,science,01 25 58.06 +15 18 13.7,NO,POINT SOURCE,27,60,27,1,4,FND FASTGRPAVG 10 groups
12,F06-SKY,sky,01 25 55.127 +15 18 56.13,YES,EXTENDED SOURCE,27,60,27,1,4,NONE
13,F07,science,23 44 33.09 +26 00 38.9,NO,POINT SOURCE,27,60,27,1,4,FND FASTGRPAVG 10 groups
14,F07-SKY,sky,23 44 38.133 +26 01 10.59,YES,EXTENDED SOURCE,27,60,27,1,4,NONE
15,F08,science,10 44 27.74 +27 18 06.5,NO,POINT SOURCE,27,60,27,1,4,FND FAST 10 groups
16,F08-SKY,sky,10 44 32.088 +27 18 22.02,YES,EXTENDED SOURCE,27,60,27,1,4,NONE
17,F09,science,08 35 38.78 -04 05 17.5,NO,POINT SOURCE,27,60,27,1,4,FND FAST 10 groups
18,F09-SKY,sky,08 35 34.770 -04 05 17.50,YES,EXTENDED SOURCE,27,60,27,1,4,NONE
19,F10,science,08 53 37.26 +01 43 03.6,NO,POINT SOURCE,27,60,27,1,4,FND FASTGRPAVG 10 groups
20,F10-SKY,sky,08 53 30.913 +01 42 19.22,YES,EXTENDED SOURCE,27,60,27,1,4,NONE
21,F11,science,23 30 32.30 -02 27 45.0,NO,POINT SOURCE,27,60,27,1,4,FND FAST 10 groups
22,F11-SKY,sky,23 30 29.297 -02 26 27.06,YES,EXTENDED SOURCE,27,60,27,1,4,NONE
23,F12,science,04 58 40.30 -21 59 31.0,NO,POINT SOURCE,27,60,27,1,4,FND FASTGRPAVG 10 groups
24,F12-SKY,sky,04 58 35.447 -22 00 51.43,YES,EXTENDED SOURCE,27,60,27,1,4,NONE
25,R01,science,00 46 07.97664 +09 07 20.946,NO,POINT SOURCE,27,60,27,1,4,FND FAST 10 groups
26,R01-SKY,sky,00 46 05.205 +09 09 13.71,YES,EXTENDED SOURCE,27,60,27,1,4,NONE
27,R02,science,22 05 37.71 -07 11 14.5,NO,POINT SOURCE,27,60,27,1,4,FND FASTGRPAVG 10 groups
28,R02-SKY,sky,22 05 29.922 -07 10 43.44,YES,EXTENDED SOURCE,27,60,27,1,4,NONE
29,R03,science,10 47 05.16 +54 44 05.9,NO,POINT SOURCE,27,60,27,1,4,F560W FAST 4 groups
30,R03-SKY,sky,10 46 59.961 +54 45 23.84,YES,EXTENDED SOURCE,27,60,27,1,4,NONE
31,R04,science,08 29 42.67 +41 54 36.9,NO,POINT SOURCE,27,60,27,1,4,FND FAST 10 groups
32,R04-SKY,sky,08 29 33.363 +41 53 36.88,YES,EXTENDED SOURCE,27,60,27,1,4,NONE
33,R05,science,10 40 43.39 +27 35 19.0,NO,POINT SOURCE,27,60,27,1,4,FND FASTGRPAVG 10 groups
34,R05-SKY,sky,10 40 40.199 +27 34 36.57,YES,EXTENDED SOURCE,27,60,27,1,4,NONE
35,R06,science,08 38 26.50 +37 19 06.7,NO,POINT SOURCE,27,80,27,1,4,F560W FAST 4 groups
36,R06-SKY,sky,08 38 22.646 +37 19 45.26,YES,EXTENDED SOURCE,27,80,27,1,4,NONE
37,R07,science,10 11 52.98 +54 42 06.4,NO,POINT SOURCE,27,60,27,1,4,FND FASTGRPAVG 10 groups
38,R07-SKY,sky,10 11 52.980 +54 43 06.40,YES,EXTENDED SOURCE,27,60,27,1,4,NONE
39,R08,science,09 48 38.42 +40 30 43.6,NO,POINT SOURCE,27,60,27,1,4,FND FAST 10 groups
40,R08-SKY,sky,09 48 42.450 +40 30 05.03,YES,EXTENDED SOURCE,27,60,27,1,4,NONE
41,R09,science,06 55 49.53 +40 00 01.2,NO,POINT SOURCE,27,60,27,1,4,FND FAST 10 groups
42,R09-SKY,sky,06 55 42.748 +39 59 16.19,YES,EXTENDED SOURCE,27,60,27,1,4,NONE
43,R10,science,19 26 30.22 +41 33 05.0,NO,POINT SOURCE,27,60,27,1,4,FND FASTGRPAVG 10 groups
44,R10-SKY,sky,19 26 34.053 +41 34 06.43,YES,EXTENDED SOURCE,27,60,27,1,4,NONE
45,R11,science,19 49 13.70 -18 47 16.0,NO,POINT SOURCE,27,60,27,1,4,FND FASTGRPAVG 10 groups
46,R11-SKY,sky,19 49 17.909 -18 47 21.23,YES,EXTENDED SOURCE,27,60,27,1,4,NONE
47,R12,science,20 14 59.26 +25 23 01.2,NO,POINT SOURCE,27,60,27,1,4,FND FAST 10 groups
48,R12-SKY,sky,20 15 00.128 +25 20 46.71,YES,EXTENDED SOURCE,27,60,27,1,4,NONE
