name,id,target,ra,dec,z,direction,r_mag,w3_mjy,origin,r_adopted,brightness_year,brightness_source,hbeta_A,shortlist,order,night,start_pdt,end_pdt,start_utc,latest_start_pdt,jwst_id,jwst_target,jwst_family,observed_sep23,brightness_epoch,science_score,priority_reason,science_question,pool_role,reference_date,optical_delta_r,ir_delta_w1,nominal_snr_per_a,slit_arcsec,binspat,binspect,exposures,seconds_each,overhead_minutes,visit_minutes,flags,airmass_start,airmass_end,airmass_max_actual,moon_min,old_jwst
P14388,F01,J075934.95+322143.3,119.89561,32.362025,0.2689,fade,18.27,2.8,current,18.45542005,2025.6972956936986,"cached r 90-day bins, last 180 days",6170.280029999999,True,,,,,,,,,,,,,,,,,,,,,,,,,,,,,,,,True
CLAGN_0987,F09,NGC2617,128.9116,-4.0882,0.0142,fade,13.39,31.1,current,15.18375205,2025.78353350137,"cached r 90-day bins, last 180 days",4931.75034,True,,,,,,,,,,,,,,,,,,,,,,,,,,,,,,,,True
P9694,R01,J004607.98+090720.9,11.533236,9.122485,0.2377224,rise,16.38681,23.52,current,16.3585606,2025.7569059328766,"cached r 90-day bins, last 180 days",6018.67271448,True,,,,,,,,,,,,,,,,,,,,,,,,,,,,,,,,True
CLAGN_0045,R07,J101152.98+544206.4,152.970765,54.701781,0.2465,rise,19.19,4.1,current,18.5629864,2025.7820567287672,"cached r 90-day bins, last 180 days",6061.355549999999,True,,,,,,,,,,,,,,,,,,,,,,,,,,,,,,,,True
P20778,,P20778,144.72296,26.943668,0.2470719,fade,19.15632,2.9723702946001267,replacement,19.372739799999998,2025.7521140917809,"cached r 90-day bins, last 180 days",6064.1365281299995,True,,,,,,,,,,,,,,,,,,,,,,,,,,,,,,,,False
P14318,,P14318,115.16876,19.083213,0.1359153,fade,18.51148,2.0544847048206876,replacement,18.3605423,2025.7657234430137,"cached r 90-day bins, last 180 days",5523.61532931,True,,,,,,,,,,,,,,,,,,,,,,,,,,,,,,,,False
P18762,,P18762,135.55322,10.313733,0.1540024,fade,19.04951,1.2413747641438944,replacement,18.969753750000002,2025.7069156678083,"cached r 90-day bins, last 180 days",5611.567470479999,True,,,,,,,,,,,,,,,,,,,,,,,,,,,,,,,,False
P16096,,P16096,121.68024,15.637557,0.1052019,fade,17.56367,5.504310344980769,replacement,17.2802372,2025.7027656646576,"cached r 90-day bins, last 180 days",5374.26527913,True,,,,,,,,,,,,,,,,,,,,,,,,,,,,,,,,False
P16524,,P16524,123.74764,57.204866,0.2267392,fade,18.64158,2.19736859064028,replacement,18.84637645,2025.7657048134247,"cached r 90-day bins, last 180 days",5965.26470784,True,,,,,,,,,,,,,,,,,,,,,,,,,,,,,,,,False
P12673,,P12673,23.01441,-9.531599,0.1896872,rise,18.34281,4.260915409487776,replacement,17.484000700000003,2025.754330669589,"cached r 90-day bins, last 180 days",5785.09194744,True,,,,,,,,,,,,,,,,,,,,,,,,,,,,,,,,False
P7750,,P7750,356.86972,24.462707,0.1571145,rise,16.83134,12.16474227729936,replacement,16.5549622,2025.7568410228766,"cached r 90-day bins, last 180 days",5626.70067915,True,,,,,,,,,,,,,,,,,,,,,,,,,,,,,,,,False
P19631,,P19631,140.59728,58.473281,0.2775736,rise,18.28597,3.4634020716255143,replacement,17.962656,2025.7685237506848,"cached r 90-day bins, last 180 days",6212.45714472,True,,,,,,,,,,,,,,,,,,,,,,,,,,,,,,,,False
CLAGN_0808,,,297.30708333,-18.78777778,0.0811,,,,,18.17,,JWST proposal catalogue r,,False,1.0,oct26,2026-10-26T19:35:00-07:00,2026-10-26T19:47:00-07:00,2026-10-27T02:35:00+00:00,2026-10-26T20:08:38.491250-07:00,R11,J1949137-184716,rise,False,archival; epoch not specified,0.0,JWST required optical state,JWST R11 rise: establish optical Balmer state for the MIRI dust-response sample; Hon 2022,JWST,,,,,1.5,2.0,3.0,2.0,300.0,2.0,12.0,JWST addition: optical acquisition field and nuclear centering need inspection; JWST high-airmass exception X>1.8; No cached NGPS Hbeta ETC calculation,1.759122082555221,1.8067896942886592,1.8067896942886592,110.551400909872,True
CLAGN_0972,,,291.625904,41.5513839,0.071,,,,,17.79,,JWST proposal catalogue r,,False,2.0,oct26,2026-10-26T19:47:00-07:00,2026-10-26T19:59:00-07:00,2026-10-27T02:47:00+00:00,2026-10-26T22:50:08.491250-07:00,R10,J19263018+4133053,rise,False,archival; epoch not specified,0.0,JWST required optical state,JWST R10 rise: establish optical Balmer state for the MIRI dust-response sample; Temple 2023,JWST,,,,,1.5,2.0,3.0,2.0,300.0,2.0,12.0,JWST addition: optical acquisition field and nuclear centering need inspection; No cached NGPS Hbeta ETC calculation,1.0942983611222044,1.1143054057564417,1.1143054057564417,90.9966208299493,True
CLAGN_0973,,,303.746925,25.383657,0.0457,,,,,19.15,,JWST proposal catalogue r,,False,3.0,oct26,2026-10-26T19:59:00-07:00,2026-10-26T20:11:00-07:00,2026-10-27T02:59:00+00:00,2026-10-26T23:07:08.491250-07:00,R12,J20145928+2523010,rise,False,archival; epoch not specified,0.0,JWST required optical state,JWST R12 rise: establish optical Balmer state for the MIRI dust-response sample; Temple 2023,JWST,,,,,1.5,2.0,3.0,2.0,300.0,2.0,12.0,JWST faint exception to r<19; assess 2x300 s in Quicklook and use slack for depth; JWST addition: optical acquisition field and nuclear centering need inspection; No cached NGPS Hbeta ETC calculation,1.05489905222438,1.070816007997368,1.070816007997368,89.02765413352452,True
CLAGN_0215,,,331.407125,-7.18736111,0.295,,,,,18.26,,JWST proposal catalogue r,,False,4.0,oct26,2026-10-26T20:11:00-07:00,2026-10-26T20:23:00-07:00,2026-10-27T03:11:00+00:00,2026-10-26T23:26:38.491250-07:00,R02,J220537.71-071114.5,rise,False,archival; epoch not specified,0.0,JWST required optical state,JWST R02 rise: establish optical Balmer state for the MIRI dust-response sample; MacLeod 2019,JWST,,,,,1.5,2.0,3.0,2.0,300.0,2.0,12.0,JWST addition: optical acquisition field and nuclear centering need inspection; No cached NGPS Hbeta ETC calculation,1.3196763140099157,1.3145775634960024,1.3196763140099157,75.80395442731857,True
P6056,,,337.2192,-7.8962785,0.6378888,,,,,18.704,,cached ZTF last-180-day median,,False,5.0,oct26,2026-10-26T20:23:00-07:00,2026-10-26T20:35:00-07:00,2026-10-27T03:23:00+00:00,2026-10-26T23:24:38.491250-07:00,,,,False,2024-07-05,28.94878755073937,Manifold discovery / archival Balmer comparison,Test the manifold selection against the archival spectral baseline,manifold,2001-11-15,,,5.64878755073937,1.5,2.0,3.0,2.0,300.0,2.0,12.0,,1.342306363149011,1.333266790977195,1.342306363149011,70.97950590526034,False
P6658,,,341.35492,3.5813366,0.5304341,,,,,18.419,,cached ZTF last-180-day median,,False,6.0,oct26,2026-10-26T20:35:00-07:00,2026-10-26T20:47:00-07:00,2026-10-27T03:35:00+00:00,2026-10-27T00:25:08.491250-07:00,,,,False,2023-11-14,28.87128555501679,Manifold discovery / archival Balmer comparison,Test the manifold selection against the archival spectral baseline,manifold,2018-11-04,,0.0395000000000003,6.871285555016788,1.5,2.0,3.0,2.0,300.0,2.0,12.0,,1.1651228709391177,1.1571244167765211,1.1651228709391177,62.65977200497015,False
P6677,,,344.3924,23.801147,0.6459196,,,,,18.702,,cached ZTF last-180-day median,,False,7.0,oct26,2026-10-26T20:47:00-07:00,2026-10-26T20:59:00-07:00,2026-10-27T03:47:00+00:00,2026-10-27T01:28:08.491250-07:00,,,,False,2025-10-03,28.87720774549426,Manifold discovery / archival Balmer comparison,Test the manifold selection against the archival spectral baseline,manifold,2014-11-27,,0.1789999999999985,6.577207745494261,1.5,2.0,3.0,2.0,300.0,2.0,12.0,,1.024072753812401,1.0183957687606415,1.024072753812401,54.27327401565791,False
P7344,,,348.04364,24.172926,0.7178429,,,,,17.966,,cached ZTF last-180-day median,,False,8.0,oct26,2026-10-26T20:59:00-07:00,2026-10-26T21:11:00-07:00,2026-10-27T03:59:00+00:00,2026-10-27T01:43:08.491250-07:00,,,,False,2025-04-22,55.58647133191318,Dated IR evolution after reference,"Compare spectral epochs with dated IR evolution, allowing for a dust lag",manifold,2015-11-02,,0.3134999999999994,7.786471331913182,1.5,2.0,3.0,2.0,300.0,2.0,12.0,,1.024453839858704,1.018325619346903,1.024453839858704,51.00340713596208,False
P7457,,,351.67744,23.740057,0.6576853,,,,,18.239,,cached ZTF last-180-day median,,False,9.0,oct26,2026-10-26T21:11:00-07:00,2026-10-26T21:23:00-07:00,2026-10-27T04:11:00+00:00,2026-10-27T01:57:08.491250-07:00,,,,False,2025-10-03,29.11176860967843,Manifold discovery / archival Balmer comparison,Test the manifold selection against the archival spectral baseline,manifold,2024-12-01,0.0460000000000029,,6.21176860967843,1.5,2.0,3.0,2.0,300.0,2.0,12.0,,1.0273444654413408,1.0207067467053033,1.0273444654413408,47.859218060918096,False
P7346,,,351.35552,0.064480995,0.3382684,,,,,18.3245,,cached ZTF last-180-day median,,False,10.0,oct26,2026-10-26T21:23:00-07:00,2026-10-26T21:35:00-07:00,2026-10-27T04:23:00+00:00,2026-10-27T00:53:08.491250-07:00,,,,False,2025-10-21,132.2,Dated optical fading,Test broad-line response to dated fading after the accepted reference,manifold,2023-11-04,0.2315000000000004,,13.44386725739888,1.5,2.0,3.0,2.0,300.0,2.0,12.0,,1.2039363882025744,1.1975869018449956,1.2039363882025744,55.37158070983928,False
P7837,,,356.13787,26.010795,0.1631054,,,,,17.859,,cached ZTF last-180-day median,,False,11.0,oct26,2026-10-26T21:35:00-07:00,2026-10-26T21:47:00-07:00,2026-10-27T04:35:00+00:00,2026-10-27T02:37:38.491250-07:00,F07,J234433.09+260038.9,fade,True,2025-10-21,33.5,JWST required optical state,Test the manifold selection against the archival spectral baseline,manifold,2016-07-11,,-0.0149999999999987,10.922779954140909,1.5,2.0,3.0,2.0,300.0,2.0,12.0,Intentional JWST repeat of September spectrum,1.0174757539654014,1.0121620973784702,1.0174757539654014,43.750606112403986,True
P8205,,,354.78667,-0.11050798,0.4829799,,,,,17.1995,,cached ZTF last-180-day median,,False,12.0,oct26,2026-10-26T21:47:00-07:00,2026-10-26T21:59:00-07:00,2026-10-27T04:47:00+00:00,2026-10-27T01:06:08.491250-07:00,,,,False,2025-10-21,32.1,Manifold discovery / archival Balmer comparison,Test the manifold selection against the archival spectral baseline,manifold,2026-08-18,,,18.366640961802545,1.5,2.0,3.0,2.0,300.0,2.0,12.0,,1.2006689293575723,1.1971735795496787,1.2006689293575723,52.59413381201571,False
P8265,,,355.58988,3.7395655,0.4516512,,,,,18.5535,,cached ZTF last-180-day median,,False,13.0,oct26,2026-10-26T21:59:00-07:00,2026-10-26T22:11:00-07:00,2026-10-27T04:59:00+00:00,2026-10-27T01:22:08.491250-07:00,,,,False,2025-10-03,29.912095132631976,Manifold discovery / archival Balmer comparison,Test the manifold selection against the archival spectral baseline,manifold,2011-10-02,,,7.412095132631977,1.5,2.0,3.0,2.0,300.0,2.0,12.0,,1.1495884338407396,1.1486072980402096,1.1495884338407396,50.27164236132344,False
S729737389072738304,,,357.00694,-9.1987914,0.09259722,,,,,17.295,,cached ZTF last-180-day median,,False,14.0,oct26,2026-10-26T22:11:00-07:00,2026-10-26T22:23:00-07:00,2026-10-27T05:11:00+00:00,2026-10-27T00:37:38.491250-07:00,,,,False,2025-10-21,32.0,Manifold discovery / archival Balmer comparison,Test the manifold selection against the archival spectral baseline,manifold,2002-10-12,,,17.966807989244415,1.5,2.0,3.0,2.0,300.0,2.0,12.0,,1.3544461937667331,1.3553000125682724,1.3553000125682724,55.55949414451143,False
P7947,,,357.78113,14.556305,0.2537683,,,,,18.5545,,cached ZTF last-180-day median,,False,15.0,oct26,2026-10-26T22:23:00-07:00,2026-10-26T22:35:00-07:00,2026-10-27T05:23:00+00:00,2026-10-27T02:00:38.491250-07:00,,,,False,2025-10-21,31.65031556264436,Manifold discovery / archival Balmer comparison,Test the manifold selection against the archival spectral baseline,manifold,2001-11-13,,,9.150315562644362,1.5,2.0,3.0,2.0,300.0,2.0,12.0,,1.055653718005359,1.0580113180715465,1.0580113180715465,44.604946697344545,False
P8337,,,359.93833,-0.849319,0.5763773,,,,,17.286,,cached ZTF last-180-day median,,False,16.0,oct26,2026-10-26T22:35:00-07:00,2026-10-26T22:47:00-07:00,2026-10-27T05:35:00+00:00,2026-10-27T01:24:08.491250-07:00,,,,False,2025-10-21,32.7,Manifold discovery / archival Balmer comparison,Test the manifold selection against the archival spectral baseline,manifold,2026-08-21,,,11.126253046526289,1.5,2.0,3.0,2.0,300.0,2.0,12.0,,1.2078771692273629,1.2120215119589928,1.2120215119589928,48.829415076321474,False
P8357,,,359.51103,9.4419669,0.685631,,,,,18.051,,cached ZTF last-180-day median,,False,17.0,oct26,2026-10-26T22:47:00-07:00,2026-10-26T22:59:00-07:00,2026-10-27T05:47:00+00:00,2026-10-27T01:54:38.491250-07:00,,,,False,2025-10-03,32.1,Manifold discovery / archival Balmer comparison,Test the manifold selection against the archival spectral baseline,manifold,2018-11-28,0.2999999999999971,0.0879999999999991,11.887794623813493,1.5,2.0,3.0,2.0,300.0,2.0,12.0,,1.0973938193742887,1.1039019609815786,1.1039019609815786,44.81869277665764,False
P9424,,,1.977867,-4.161922,0.6804582,,,,,17.78,,cached ZTF last-180-day median,,False,18.0,oct26,2026-10-26T22:59:00-07:00,2026-10-26T23:11:00-07:00,2026-10-27T05:59:00+00:00,2026-10-27T01:19:38.491250-07:00,,,,False,2025-10-21,32.7,Manifold discovery / archival Balmer comparison,Test the manifold selection against the archival spectral baseline,manifold,2024-08-07,,,12.828753823110675,1.5,2.0,3.0,2.0,300.0,2.0,12.0,,1.2659262088984375,1.2753627726022778,1.2753627726022778,49.03998787432175,False
P8897,,,4.7301044,-9.2308634,0.7560716,,,,,17.306,,cached ZTF last-180-day median,,False,19.0,oct26,2026-10-26T23:11:00-07:00,2026-10-26T23:23:00-07:00,2026-10-27T06:11:00+00:00,2026-10-27T01:08:08.491250-07:00,,,,False,2025-10-21,32.6,Manifold discovery / archival Balmer comparison,Test the manifold selection against the archival spectral baseline,manifold,2026-09-11,,,11.870081995648013,1.5,2.0,3.0,2.0,300.0,2.0,12.0,,1.364555886858158,1.3757792563688076,1.3757792563688076,49.92646650370594,False
P8470,,,359.64274,15.000286,0.3517013,,,,,18.71538,,archival planning r,,False,20.0,oct26,2026-10-26T23:23:00-07:00,2026-10-26T23:35:00-07:00,2026-10-27T06:23:00+00:00,2026-10-27T02:09:08.491250-07:00,,,,False,2025-10-21,30.85218741038413,Manifold discovery / archival Balmer comparison,Test the manifold selection against the archival spectral baseline,manifold,2001-11-13,,,8.55218741038413,1.5,2.0,3.0,2.0,300.0,2.0,12.0,,1.0820408000281023,1.0959007344197575,1.0959007344197575,43.16913221766515,False
P8061,,,358.62572,23.045637,0.4657889,,,,,18.5805,,cached ZTF last-180-day median,,False,21.0,oct26,2026-10-26T23:35:00-07:00,2026-10-26T23:47:00-07:00,2026-10-27T06:35:00+00:00,2026-10-27T02:23:08.491250-07:00,,,,False,2025-10-03,29.064083051403426,Manifold discovery / archival Balmer comparison,Test the manifold selection against the archival spectral baseline,manifold,2014-11-12,,0.1440000000000001,6.464083051403419,1.5,2.0,3.0,2.0,300.0,2.0,12.0,,1.0588448421243375,1.0745723755885916,1.0745723755885916,42.52778213704759,False
P8879,,,4.74898710000002,6.325545,0.7692756,,,,,18.073,,cached ZTF last-180-day median,,False,22.0,oct26,2026-10-26T23:47:00-07:00,2026-10-26T23:59:00-07:00,2026-10-27T06:47:00+00:00,2026-10-27T02:06:38.491250-07:00,,,,False,2025-10-21,28.143361080815108,Manifold discovery / archival Balmer comparison,Test the manifold selection against the archival spectral baseline,manifold,2024-11-06,-0.0844999999999984,,5.443361080815109,1.5,2.0,3.0,2.0,300.0,2.0,12.0,,1.160050324681081,1.1773882429910223,1.1773882429910223,41.75027870586587,False
P10153,,,10.056741,-6.0057466,0.4406314,,,,,18.8585,,cached ZTF last-180-day median,,False,23.0,oct26,2026-10-26T23:59:00-07:00,2026-10-27T00:11:00-07:00,2026-10-27T06:59:00+00:00,2026-10-27T01:44:08.491250-07:00,,,,False,2025-10-21,29.845247858767355,Manifold discovery / archival Balmer comparison,Test the manifold selection against the archival spectral baseline,manifold,2016-10-05,,0.168000000000001,7.745247858767353,1.5,2.0,3.0,2.0,300.0,2.0,12.0,,1.3279213062838964,1.3476550426489395,1.3476550426489395,44.16139128608827,False
P9154,,,2.6009219,15.558708,0.7285111,,,,,17.881,,cached ZTF last-180-day median,,False,24.0,oct26,2026-10-27T00:11:00-07:00,2026-10-27T00:23:00-07:00,2026-10-27T07:11:00+00:00,2026-10-27T02:22:38.491250-07:00,,,,False,2025-10-21,32.6,Manifold discovery / archival Balmer comparison,Test the manifold selection against the archival spectral baseline,manifold,2001-12-08,,,12.592521643203746,1.5,2.0,3.0,2.0,300.0,2.0,12.0,,1.1290394049358483,1.1523383410492622,1.1523383410492622,40.58548474705264,False
P9178,,,6.22163139999998,6.9468046,0.3134726,,,,,16.534,,cached ZTF last-180-day median,,False,25.0,oct26,2026-10-27T00:23:00-07:00,2026-10-27T00:35:00-07:00,2026-10-27T07:23:00+00:00,2026-10-27T02:14:08.491250-07:00,,,,False,2025-10-21,112.4,Dated optical brightening,Comparison spectrum outside the selected manifold regions,reserve,2018-11-04,-0.3984999999999985,-0.0644999999999988,25.827144386191858,1.5,2.0,3.0,2.0,300.0,2.0,12.0,,1.2033711868098844,1.2300714879373071,1.2300714879373071,40.417665859701366,False
CLAGN_0969,,,103.956358,40.000323,0.0172,,,,,13.45,,JWST proposal catalogue r,,False,26.0,oct26,2026-10-27T02:23:00-07:00,2026-10-27T02:35:00-07:00,2026-10-27T09:23:00+00:00,2026-10-27T05:26:24.579252-07:00,R09,UGC03601,rise,False,archival; epoch not specified,0.0,JWST required optical state,JWST R09 rise: establish optical Balmer state for the MIRI dust-response sample; Temple 2023,JWST,,,,,1.5,2.0,3.0,2.0,300.0,2.0,12.0,Bright resolved galaxy: catalogue total r is not nuclear slit brightness; check first exposure for saturation; JWST addition: optical acquisition field and nuclear centering need inspection; No cached NGPS Hbeta ETC calculation,1.238321236555353,1.203969408093442,1.238321236555353,51.60851384386829,True
P15724,,,122.28391,46.323778,0.6568032,,,,,16.433500000000002,,cached ZTF last-180-day median,,False,27.0,oct26,2026-10-27T02:35:00-07:00,2026-10-27T02:47:00-07:00,2026-10-27T09:35:00+00:00,2026-10-27T05:26:24.579252-07:00,,,,False,2025-08-30,32.0,Manifold discovery / archival Balmer comparison,Test the manifold selection against the archival spectral baseline,manifold,2014-02-25,,,36.0851894787213,1.5,2.0,3.0,2.0,300.0,2.0,12.0,,1.4598850900657567,1.4067206209427758,1.4598850900657567,64.62406688973991,False
P15826,,,121.0385,38.896884,0.2111903,,,,,16.805500000000002,,cached ZTF last-180-day median,,False,28.0,oct26,2026-10-27T02:47:00-07:00,2026-10-27T02:59:00-07:00,2026-10-27T09:47:00+00:00,2026-10-27T05:26:24.579252-07:00,,,,False,2025-05-21,32.8,Manifold discovery / archival Balmer comparison,Test the manifold selection against the archival spectral baseline,manifold,2024-12-19,,,20.976103859577098,1.5,2.0,3.0,2.0,300.0,2.0,12.0,,1.4080882217366306,1.355130724867995,1.4080882217366306,64.6620333131125,False
P14703,,,118.90431,25.710828,0.4442408,,,,,17.555,,cached ZTF last-180-day median,,False,30.0,oct26,2026-10-27T03:11:00-07:00,2026-10-27T03:23:00-07:00,2026-10-27T10:11:00+00:00,2026-10-27T05:26:24.579252-07:00,,,,False,2025-09-30,32.5,Manifold discovery / archival Balmer comparison,Test the manifold selection against the archival spectral baseline,manifold,2021-02-05,-0.0109999999999992,,20.262084293785374,1.5,2.0,3.0,2.0,300.0,2.0,12.0,,1.3417377620710813,1.2923176663415528,1.3417377620710813,65.42608305322464,False
P15060,,,119.20491,24.436979,0.3630987,,,,,17.87596,,archival planning r,,False,31.0,oct26,2026-10-27T03:23:00-07:00,2026-10-27T03:35:00-07:00,2026-10-27T10:23:00+00:00,2026-10-27T05:26:24.579252-07:00,,,,False,archival; epoch not specified,33.7,Manifold discovery / archival Balmer comparison,Test the manifold selection against the archival spectral baseline,manifold,2003-01-30,,,15.145055681994236,1.5,2.0,3.0,2.0,300.0,2.0,12.0,,1.3062823785981237,1.2610527064024395,1.3062823785981237,65.92748546181171,False
P15919,,,125.36698,34.7253,0.5554821,,,,,17.8645,,cached ZTF last-180-day median,,False,32.0,oct26,2026-10-27T03:35:00-07:00,2026-10-27T03:47:00-07:00,2026-10-27T10:35:00+00:00,2026-10-27T05:26:24.579252-07:00,,,,False,2025-10-21,31.31420998551412,Manifold discovery / archival Balmer comparison,Test the manifold selection against the archival spectral baseline,manifold,2025-02-20,0.1559999999999988,,9.214209985514117,1.5,2.0,3.0,2.0,300.0,2.0,12.0,,1.2963164766454256,1.253713345274048,1.2963164766454256,68.55084579435382,False
P15439,,,125.10092,23.580691,0.4699606,,,,,17.753500000000003,,cached ZTF last-180-day median,,False,33.0,oct26,2026-10-27T03:47:00-07:00,2026-10-27T03:59:00-07:00,2026-10-27T10:47:00+00:00,2026-10-27T05:26:24.579252-07:00,,,,False,2025-10-21,132.5,Dated optical fading,Test broad-line response to dated fading after the accepted reference,manifold,2022-12-01,0.2915000000000027,-0.0092499999999997,15.890707900007992,1.5,2.0,3.0,2.0,300.0,2.0,12.0,,1.311059233310074,1.2653105889964749,1.311059233310074,71.16889357257165,False
P17421,,,128.89919,24.994491,0.3297258,,,,,15.793,,cached ZTF last-180-day median,,False,34.0,oct26,2026-10-27T03:59:00-07:00,2026-10-27T04:11:00-07:00,2026-10-27T10:59:00+00:00,2026-10-27T05:26:24.579252-07:00,,,,False,2025-10-20,33.0,Manifold discovery / archival Balmer comparison,Test the manifold selection against the archival spectral baseline,manifold,2017-12-16,,0.084249999999999,61.02056966309639,1.5,2.0,3.0,2.0,300.0,2.0,12.0,,1.312906263987026,1.2668793116277128,1.312906263987026,73.95907973831073,False
CLAGN_0818,,,147.1601,40.5121,0.0468,,,,,16.1,,JWST proposal catalogue r,,False,35.0,oct26,2026-10-27T04:11:00-07:00,2026-10-27T04:23:00-07:00,2026-10-27T11:11:00+00:00,2026-10-27T05:26:24.579252-07:00,R08,J094838.42+403043.7,rise,False,archival; epoch not specified,0.0,JWST required optical state,JWST R08 rise: establish optical Balmer state for the MIRI dust-response sample; Dong 2025,JWST,,,,,1.5,2.0,3.0,2.0,300.0,2.0,12.0,JWST addition: optical acquisition field and nuclear centering need inspection; No cached NGPS Hbeta ETC calculation,1.501307989742404,1.4392194121124315,1.501307989742404,82.87470537835092,True
P21422,,,146.58694,33.796367,0.2389956,,,,,17.066,,cached ZTF last-180-day median,,False,36.0,oct26,2026-10-27T04:23:00-07:00,2026-10-27T04:35:00-07:00,2026-10-27T11:23:00+00:00,2026-10-27T05:26:24.579252-07:00,,,,False,2025-10-20,133.6,Dated optical fading,Test broad-line response to dated fading after the accepted reference,manifold,2018-04-15,0.5634999999999977,,37.009397315929824,1.5,2.0,3.0,2.0,300.0,2.0,12.0,,1.4689193725336878,1.406588183943565,1.4689193725336878,85.10211263297205,False
P22470,,,155.46808,46.75435,0.2041101,,,,,18.256,,cached ZTF last-180-day median,,False,37.0,oct26,2026-10-27T04:35:00-07:00,2026-10-27T04:47:00-07:00,2026-10-27T11:35:00+00:00,2026-10-27T05:26:24.579252-07:00,,,,False,2025-05-29,38.79026670682893,Known CLAGN current state,Measure current state/persistence; recurrence is unverified,manifold,2014-04-22,,,4.590266706828927,1.5,2.0,3.0,2.0,300.0,2.0,12.0,Cached nominal Hbeta continuum S/N/A below 5; not a slot prediction,1.517952465248353,1.459243306525991,1.517952465248353,85.36977238151509,False
J085337.26+014303.6,,,133.40525,1.717666666666667,0.0582,,,,,16.61,,JWST proposal catalogue r,,False,38.0,oct26,2026-10-27T04:47:00-07:00,2026-10-27T04:59:00-07:00,2026-10-27T11:47:00+00:00,2026-10-27T05:26:24.579252-07:00,F10,J085337.26+014303.6,fade,False,archival; epoch not specified,0.0,JWST required optical state,JWST F10 fade: establish optical Balmer state for the MIRI dust-response sample; Zeltyn 2024,JWST,,,,,1.5,2.0,3.0,2.0,300.0,2.0,12.0,JWST addition: optical acquisition field and nuclear centering need inspection; No cached NGPS Hbeta ETC calculation,1.4851292330825443,1.4297571516095906,1.4851292330825443,85.93193673937668,True
P24541,,,161.77151,54.734966,0.2148,,,,,18.95,,JWST proposal catalogue r,,False,39.0,oct26,2026-10-27T04:59:00-07:00,2026-10-27T05:11:00-07:00,2026-10-27T11:59:00+00:00,2026-10-27T05:26:24.579252-07:00,R03,J104705.16+544405.8,rise,False,archival; epoch not specified,0.0,JWST required optical state,JWST R03 rise: establish optical Balmer state for the MIRI dust-response sample; Panda 2024; Dong 2025,JWST,,,,,1.5,2.0,3.0,2.0,300.0,2.0,12.0,JWST addition: optical acquisition field and nuclear centering need inspection; No cached NGPS Hbeta ETC calculation,1.5046529210701671,1.455555365468286,1.5046529210701671,84.60522117796168,True
CLAGN_0826,,,161.1156,27.3018,0.0758,,,,,16.44,,JWST proposal catalogue r,,False,40.0,oct26,2026-10-27T05:11:00-07:00,2026-10-27T05:23:00-07:00,2026-10-27T12:11:00+00:00,2026-10-27T05:26:24.579252-07:00,F08,J104427.75+271806.3,fade,False,archival; epoch not specified,0.0,JWST required optical state,JWST F08 fade: establish optical Balmer state for the MIRI dust-response sample; Dong 2025,JWST,,,,,1.5,2.0,3.0,2.0,300.0,2.0,12.0,JWST addition: optical acquisition field and nuclear centering need inspection; No cached NGPS Hbeta ETC calculation,1.598358754108208,1.5178937386227347,1.598358754108208,98.83213064173826,True
P7110,,,345.70365,13.764849,0.3818192,,,,,18.3985,,cached ZTF last-180-day median,,False,1.0,oct27,2026-10-27T20:46:00-07:00,2026-10-27T20:58:00-07:00,2026-10-28T03:46:00+00:00,2026-10-28T01:06:42.807665-07:00,,,,False,2025-05-23,28.436729736138435,Manifold discovery / archival Balmer comparison,Test the manifold selection against the archival spectral baseline,manifold,2001-12-20,,,5.236729736138438,1.5,2.0,3.0,2.0,300.0,2.0,12.0,,1.0742219808682645,1.0671013333415578,1.0742219808682645,69.27171394217002,False
P7083,,,345.48102,-0.588234,0.6971698,,,,,18.392,,cached ZTF last-180-day median,,False,2.0,oct27,2026-10-27T20:58:00-07:00,2026-10-27T21:10:00-07:00,2026-10-28T03:58:00+00:00,2026-10-28T00:23:42.807665-07:00,,,,False,2025-10-21,27.666993400034738,Manifold discovery / archival Balmer comparison,Test the manifold selection against the archival spectral baseline,manifold,2017-09-26,,-0.0229999999999996,5.366993400034739,1.5,2.0,3.0,2.0,300.0,2.0,12.0,,1.2116163615039883,1.2058425598053966,1.2116163615039883,75.42732174929351,False
P7558,,,352.25358,14.251259,0.5431399,,,,,18.292,,cached ZTF last-180-day median,,False,3.0,oct27,2026-10-27T21:10:00-07:00,2026-10-27T21:22:00-07:00,2026-10-28T04:10:00+00:00,2026-10-28T01:34:12.807665-07:00,,,,False,2025-10-21,29.52212764629105,Manifold discovery / archival Balmer comparison,Test the manifold selection against the archival spectral baseline,manifold,2001-11-25,,,7.02212764629105,1.5,2.0,3.0,2.0,300.0,2.0,12.0,,1.0724976102247306,1.0649676479309118,1.0724976102247306,63.39483723630972,False
CLAGN_0795,,,352.63458333,-2.4625,0.0332,,,,,15.77,,JWST proposal catalogue r,,False,4.0,oct27,2026-10-27T21:22:00-07:00,2026-10-27T21:34:00-07:00,2026-10-28T04:22:00+00:00,2026-10-28T01:05:12.807665-07:00,F11,J2330323-022745,fade,False,archival; epoch not specified,0.0,JWST required optical state,JWST F11 fade: establish optical Balmer state for the MIRI dust-response sample; Hon 2022,JWST,,,,,1.5,2.0,3.0,2.0,300.0,2.0,12.0,JWST addition: optical acquisition field and nuclear centering need inspection; No cached NGPS Hbeta ETC calculation,1.2427658001544934,1.2353737880083668,1.2427658001544934,70.1228250663702,True
P9292,,,5.1816474,14.213739,0.5880488,,,,,18.254,,cached ZTF last-180-day median,,False,5.0,oct27,2026-10-27T21:34:00-07:00,2026-10-27T21:46:00-07:00,2026-10-28T04:34:00+00:00,2026-10-28T02:25:42.807665-07:00,,,,False,2025-10-21,27.84176349774396,Manifold discovery / archival Balmer comparison,Test the manifold selection against the archival spectral baseline,manifold,2001-11-20,,,5.1417634977439635,1.5,2.0,3.0,2.0,300.0,2.0,12.0,,1.100429507136606,1.0865568664317828,1.100429507136606,51.91506770433019,False
P9506,,,8.469615,20.351152,0.2315291,,,,,17.6,,cached ZTF last-180-day median,,False,6.0,oct27,2026-10-27T21:46:00-07:00,2026-10-27T21:58:00-07:00,2026-10-28T04:46:00+00:00,2026-10-28T03:10:42.807665-07:00,F02,J003352.71+202104.1,fade,True,2025-10-20,57.7,JWST required optical state,"Compare spectral epochs with dated IR evolution, allowing for a dust lag",manifold,2014-10-16,,0.4140000000000015,17.48617212068275,1.5,2.0,3.0,2.0,300.0,2.0,12.0,Intentional JWST repeat of September spectrum,1.0659220651020107,1.0531091122177707,1.0659220651020107,47.10000362331003,True
P10252,,,8.98206620000002,8.1149752,0.7692883,,,,,18.183,,cached ZTF last-180-day median,,False,7.0,oct27,2026-10-27T21:58:00-07:00,2026-10-27T22:10:00-07:00,2026-10-28T04:58:00+00:00,2026-10-28T02:24:42.807665-07:00,,,,False,2025-10-21,29.570173807994603,Manifold discovery / archival Balmer comparison,Test the manifold selection against the archival spectral baseline,manifold,2011-11-17,,,7.570173807994602,1.5,2.0,3.0,2.0,300.0,2.0,12.0,,1.140315036747105,1.1271667067114892,1.140315036747105,51.12407912474308,False
P9595,,,11.006825,12.353727,0.6013558,,,,,18.525,,cached ZTF last-180-day median,,False,8.0,oct27,2026-10-27T22:10:00-07:00,2026-10-27T22:22:00-07:00,2026-10-28T05:10:00+00:00,2026-10-28T02:44:12.807665-07:00,,,,False,2025-10-21,125.88181066236956,Dated optical brightening,Test broad-line response to dated brightening after the accepted reference,manifold,2018-12-10,-0.4370000000000011,-0.0030000000000001,3.3818106623695545,1.5,2.0,3.0,2.0,300.0,2.0,12.0,Cached nominal Hbeta continuum S/N/A below 5; not a slot prediction,1.0992307786339504,1.0880143940274802,1.0992307786339504,47.66352493651777,False
P10381,,,13.442318,22.539551,0.1485672,,,,,16.9,,cached ZTF last-180-day median,,False,9.0,oct27,2026-10-27T22:22:00-07:00,2026-10-27T22:34:00-07:00,2026-10-28T05:22:00+00:00,2026-10-28T03:35:42.807665-07:00,F04,J005346.16+223222.4,fade,True,2025-10-21,33.5,JWST required optical state,Test the manifold selection against the archival spectral baseline,manifold,2024-10-04,0.0489999999999994,,27.551148828600095,1.5,2.0,3.0,2.0,300.0,2.0,12.0,Intentional JWST repeat of September spectrum,1.0404452389078354,1.0313524968299246,1.0404452389078354,42.361985432980205,True
P11010,,,17.251542,15.204896,0.3813568,,,,,17.988500000000002,,cached ZTF last-180-day median,,False,11.0,oct27,2026-10-27T22:46:00-07:00,2026-10-27T22:58:00-07:00,2026-10-28T05:46:00+00:00,2026-10-28T03:16:12.807665-07:00,,,,False,2025-10-21,32.0,Manifold discovery / archival Balmer comparison,Test the manifold selection against the archival spectral baseline,manifold,2000-11-30,,,26.164475401256936,1.5,2.0,3.0,2.0,300.0,2.0,12.0,,1.0693140824912313,1.0610811435765386,1.0693140824912313,41.27717461769411,False
P10983,,,15.524556,0.199162,0.7260242,,,,,17.093,,cached ZTF last-180-day median,,False,12.0,oct27,2026-10-27T22:58:00-07:00,2026-10-27T23:10:00-07:00,2026-10-28T05:58:00+00:00,2026-10-28T02:26:12.807665-07:00,,,,False,2025-10-21,33.8,Manifold discovery / archival Balmer comparison,Test the manifold selection against the archival spectral baseline,manifold,2024-10-28,,,14.61722258143836,1.5,2.0,3.0,2.0,300.0,2.0,12.0,,1.2005169923524213,1.194888527481634,1.2005169923524213,49.91319549746742,False
P10596,,,15.928081,0.427007,0.393918,,,,,17.516,,cached ZTF last-180-day median,,False,13.0,oct27,2026-10-27T23:10:00-07:00,2026-10-27T23:22:00-07:00,2026-10-28T06:10:00+00:00,2026-10-28T02:28:42.807665-07:00,,,,False,2025-10-21,33.6,Manifold discovery / archival Balmer comparison,Test the manifold selection against the archival spectral baseline,manifold,2024-10-28,,,17.56136391840705,1.5,2.0,3.0,2.0,300.0,2.0,12.0,,1.1923751706240011,1.1896303686669716,1.1923751706240011,49.55134287799543,False
P10961,,,19.791783,1.524434,0.5218441,,,,,17.486,,cached ZTF last-180-day median,,False,14.0,oct27,2026-10-27T23:22:00-07:00,2026-10-27T23:34:00-07:00,2026-10-28T06:22:00+00:00,2026-10-28T02:47:42.807665-07:00,,,,False,2025-10-21,32.9,Manifold discovery / archival Balmer comparison,Test the manifold selection against the archival spectral baseline,manifold,2023-01-14,-0.036999999999999,0.0039999999999995,23.33094885976417,1.5,2.0,3.0,2.0,300.0,2.0,12.0,,1.1794112598734623,1.1758212533622834,1.1794112598734623,45.841326386192875,False
P11542,,,20.915758,7.56979,0.2924425,,,,,18.648,,cached ZTF last-180-day median,,False,15.0,oct27,2026-10-27T23:34:00-07:00,2026-10-27T23:46:00-07:00,2026-10-28T06:34:00+00:00,2026-10-28T03:10:42.807665-07:00,,,,False,2025-10-21,28.831347844456804,Manifold discovery / archival Balmer comparison,Test the manifold selection against the archival spectral baseline,manifold,2011-12-17,,,5.431347844456805,1.5,2.0,3.0,2.0,300.0,2.0,12.0,,1.1106668663273471,1.1092585442280682,1.1106668663273471,41.73685093195319,False
P11538,,,21.145088,-4.017385,0.5601563,,,,,17.741500000000002,,cached ZTF last-180-day median,,False,16.0,oct27,2026-10-27T23:46:00-07:00,2026-10-27T23:58:00-07:00,2026-10-28T06:46:00+00:00,2026-10-28T02:32:42.807665-07:00,,,,False,2025-10-03,32.0397001669017,Manifold discovery / archival Balmer comparison,Test the manifold selection against the archival spectral baseline,manifold,2017-11-19,,0.0570000000000003,9.239700166901702,1.5,2.0,3.0,2.0,300.0,2.0,12.0,,1.2559770060443691,1.2575230503873776,1.2575230503873776,48.32212569294539,False
P12457,,,27.067712,0.32917348,0.09200296,,,,,16.951999999999998,,cached ZTF last-180-day median,,False,17.0,oct27,2026-10-27T23:58:00-07:00,2026-10-28T00:10:00-07:00,2026-10-28T06:58:00+00:00,2026-10-28T03:12:42.807665-07:00,,,,False,2025-10-21,33.5,Manifold discovery / archival Balmer comparison,Test the manifold selection against the archival spectral baseline,manifold,2000-09-06,,,22.974877853893947,1.5,2.0,3.0,2.0,300.0,2.0,12.0,,1.1926737805473278,1.1908951393458032,1.1926737805473278,41.08766874117437,False
S8825979238404608000,,,27.69034,1.3125356,0.9992139,,,,,18.628,,cached ZTF last-180-day median,,False,18.0,oct27,2026-10-28T00:10:00-07:00,2026-10-28T00:22:00-07:00,2026-10-28T07:10:00+00:00,2026-10-28T03:18:12.807665-07:00,,,,False,2025-10-21,124.30603520815684,Dated optical brightening,Test broad-line response to dated brightening after the accepted reference,manifold,2021-01-07,-0.4465000000000003,-0.0090000000000003,1.2060352081568486,1.5,2.0,3.0,2.0,300.0,2.0,12.0,Cached nominal Hbeta continuum S/N/A below 5; not a slot prediction,1.1781014005678023,1.17889601770053,1.17889601770053,40.067640775784575,False
P12415,,,28.35064,-10.009641,0.3604719,,,,,18.228,,cached ZTF last-180-day median,,False,19.0,oct27,2026-10-28T00:22:00-07:00,2026-10-28T00:34:00-07:00,2026-10-28T07:22:00+00:00,2026-10-28T02:34:12.807665-07:00,,,,False,2025-10-20,32.09284199031699,Manifold discovery / archival Balmer comparison,Test the manifold selection against the archival spectral baseline,manifold,2025-10-22,,,9.592841990316993,1.5,2.0,3.0,2.0,300.0,2.0,12.0,,1.373115596291733,1.3775481781890695,1.3775481781890695,47.65333325964778,False
P12124,,,29.218443,-0.20612271,0.1625108,,,,,18.179,,cached ZTF last-180-day median,,False,20.0,oct27,2026-10-28T00:34:00-07:00,2026-10-28T00:46:00-07:00,2026-10-28T07:34:00+00:00,2026-10-28T03:19:12.807665-07:00,,,,False,2025-10-21,32.663902075296406,Manifold discovery / archival Balmer comparison,Test the manifold selection against the archival spectral baseline,manifold,2026-08-23,,,9.863902075296403,1.5,2.0,3.0,2.0,300.0,2.0,12.0,,1.200770546897853,1.206570293481378,1.206570293481378,40.09558708167858,False
P10832,,,16.667567,24.606747,0.7412587,,,,,18.568,,cached ZTF last-180-day median,,False,21.0,oct27,2026-10-28T00:46:00-07:00,2026-10-28T00:58:00-07:00,2026-10-28T07:46:00+00:00,2026-10-28T03:34:42.807665-07:00,,,,False,2025-10-21,30.171166804735066,Manifold discovery / archival Balmer comparison,Test the manifold selection against the archival spectral baseline,manifold,2012-01-23,,,7.771166804735067,1.5,2.0,3.0,2.0,300.0,2.0,12.0,,1.056817780547628,1.072833550801232,1.072833550801232,40.041838759943694,False
P12889,,,30.464691,-1.456381,0.2639462,,,,,17.967,,cached ZTF last-180-day median,,False,22.0,oct27,2026-10-28T00:58:00-07:00,2026-10-28T01:10:00-07:00,2026-10-28T07:58:00+00:00,2026-10-28T03:19:42.807665-07:00,,,,False,2025-10-21,33.5,Manifold discovery / archival Balmer comparison,Test the manifold selection against the archival spectral baseline,manifold,2025-11-22,,,12.53349452257537,1.5,2.0,3.0,2.0,300.0,2.0,12.0,,1.2297820709643923,1.2414147732363308,1.2414147732363308,40.22040251881562,False
P13298,,,31.119115,-3.1704647,0.3597401,,,,,18.878,,cached ZTF last-180-day median,,False,23.0,oct27,2026-10-28T01:10:00-07:00,2026-10-28T01:22:00-07:00,2026-10-28T08:10:00+00:00,2026-10-28T03:15:42.807665-07:00,,,,False,2025-10-21,29.75091790092998,Manifold discovery / archival Balmer comparison,Test the manifold selection against the archival spectral baseline,manifold,2026-08-25,,,6.0509179009299805,1.5,2.0,3.0,2.0,300.0,2.0,12.0,,1.2658281919158405,1.2810340454184783,1.2810340454184783,41.06536993733975,False
V70149282,,,30.821666759548098,-1.4861652842610695,0.818103700876236,,,,,17.181,,cached ZTF last-180-day median,,False,24.0,oct27,2026-10-28T01:22:00-07:00,2026-10-28T01:34:00-07:00,2026-10-28T08:22:00+00:00,2026-10-28T03:21:12.807665-07:00,,,,False,2025-10-21,32.9,Manifold discovery / archival Balmer comparison,Test the manifold selection against the archival spectral baseline,manifold,2026-08-24,,,10.289702011787565,1.5,2.0,3.0,2.0,300.0,2.0,12.0,,1.255262198112216,1.2741991978039209,1.2741991978039209,40.14907341422666,False
P12758,,,36.121273,-9.3143751,0.3571666,,,,,18.776,,cached ZTF last-180-day median,,False,25.0,oct27,2026-10-28T01:34:00-07:00,2026-10-28T01:46:00-07:00,2026-10-28T08:34:00+00:00,2026-10-28T03:08:42.807665-07:00,,,,False,2025-10-20,33.6,Manifold discovery / archival Balmer comparison,Test the manifold selection against the archival spectral baseline,manifold,2000-12-30,,,11.15167247434774,1.5,2.0,3.0,2.0,300.0,2.0,12.0,,1.3907267022557643,1.4103889152688711,1.4103889152688711,42.86122894903451,False
P12825,,,36.512342,-9.2767,0.1701074,,,,,18.031,,cached ZTF last-180-day median,,False,26.0,oct27,2026-10-28T01:46:00-07:00,2026-10-28T01:58:00-07:00,2026-10-28T08:46:00+00:00,2026-10-28T03:10:42.807665-07:00,,,,False,2025-10-20,30.60743581323997,Manifold discovery / archival Balmer comparison,Test the manifold selection against the archival spectral baseline,manifold,2000-12-30,,,8.30743581323997,1.5,2.0,3.0,2.0,300.0,2.0,12.0,,1.4066938041008763,1.4307198379523898,1.4307198379523898,42.68156355683386,False
P16455,,,123.68083,43.887428,0.2240328,,,,,17.854,,cached ZTF last-180-day median,,False,27.0,oct27,2026-10-28T02:34:00-07:00,2026-10-28T02:46:00-07:00,2026-10-28T09:34:00+00:00,2026-10-28T05:27:09.559133-07:00,,,,False,2025-10-20,32.8,Manifold discovery / archival Balmer comparison,Test the manifold selection against the archival spectral baseline,manifold,2013-02-17,,,15.37585231650856,1.5,2.0,3.0,2.0,300.0,2.0,12.0,,1.4814085906194243,1.4240283682849697,1.4814085906194243,52.40423066923173,False
CLAGN_0801,,,74.66791667,-21.99194444,0.0394,,,,,16.68,,JWST proposal catalogue r,,False,28.0,oct27,2026-10-28T02:46:00-07:00,2026-10-28T02:58:00-07:00,2026-10-28T09:46:00+00:00,2026-10-28T04:45:12.807665-07:00,F12,J0458403-215931,fade,False,archival; epoch not specified,0.0,JWST required optical state,JWST F12 fade: establish optical Balmer state for the MIRI dust-response sample; Hon 2022,JWST,,,,,1.5,2.0,3.0,2.0,300.0,2.0,12.0,JWST addition: optical acquisition field and nuclear centering need inspection; No cached NGPS Hbeta ETC calculation,1.7838688004970809,1.7680968909235688,1.7838688004970809,49.446449341919845,True
P16576,,,125.59338,41.724389,0.3409032,,,,,18.176,,cached ZTF last-180-day median,,False,29.0,oct27,2026-10-28T02:58:00-07:00,2026-10-28T03:10:00-07:00,2026-10-28T09:58:00+00:00,2026-10-28T05:27:09.559133-07:00,,,,False,2025-10-20,32.5,Manifold discovery / archival Balmer comparison,Test the manifold selection against the archival spectral baseline,manifold,2024-12-20,-0.0510000000000019,,10.191925856072176,1.5,2.0,3.0,2.0,300.0,2.0,12.0,,1.4113722971356015,1.3597628684305878,1.4113722971356015,53.76195530036127,False
CLAGN_0030,,,127.42778,41.910244,0.1264,,,,,16.83,,JWST proposal catalogue r,,False,30.0,oct27,2026-10-28T03:10:00-07:00,2026-10-28T03:22:00-07:00,2026-10-28T10:10:00+00:00,2026-10-28T05:27:09.559133-07:00,R04,J082942.66+415436.8,rise,False,archival; epoch not specified,0.0,JWST required optical state,JWST R04 rise: establish optical Balmer state for the MIRI dust-response sample; Panda 2024,JWST,,,,,1.5,2.0,3.0,2.0,300.0,2.0,12.0,JWST addition: optical acquisition field and nuclear centering need inspection; No cached NGPS Hbeta ETC calculation,1.3899291094134925,1.340683402670794,1.3899291094134925,55.03441544292526,True
P17407,,,129.24547,44.434003,0.2543997,,,,,15.582,,cached ZTF last-180-day median,,False,31.0,oct27,2026-10-28T03:22:00-07:00,2026-10-28T03:34:00-07:00,2026-10-28T10:22:00+00:00,2026-10-28T05:27:09.559133-07:00,,,,False,2025-10-20,33.3,Manifold discovery / archival Balmer comparison,Test the manifold selection against the archival spectral baseline,manifold,2023-02-11,-0.1259999999999994,0.0557499999999997,76.82266398975935,1.5,2.0,3.0,2.0,300.0,2.0,12.0,,1.3642610148856815,1.319307979067821,1.3642610148856815,56.067774364912786,False
P18130,,,130.51555,40.308699,0.1516362,,,,,16.696,,cached ZTF last-180-day median,,False,32.0,oct27,2026-10-28T03:34:00-07:00,2026-10-28T03:46:00-07:00,2026-10-28T10:34:00+00:00,2026-10-28T05:27:09.559133-07:00,,,,False,2025-09-30,33.1,Manifold discovery / archival Balmer comparison,Test the manifold selection against the archival spectral baseline,manifold,2023-03-10,0.0040000000000013,-0.0190000000000019,12.55070531472731,1.5,2.0,3.0,2.0,300.0,2.0,12.0,,1.3458799728075912,1.3003179768855075,1.3458799728075912,57.37926655128284,False
P17881,,,129.61042,37.318528,0.2111,,,,,18.54,,JWST proposal catalogue r,,False,33.0,oct27,2026-10-28T03:46:00-07:00,2026-10-28T03:58:00-07:00,2026-10-28T10:46:00+00:00,2026-10-28T05:27:09.559133-07:00,R06,J083826.50+371906.7,rise,False,archival; epoch not specified,0.0,JWST required optical state,JWST R06 rise: establish optical Balmer state for the MIRI dust-response sample; Dong 2025,JWST,,,,,1.5,2.0,3.0,2.0,300.0,2.0,12.0,JWST addition: optical acquisition field and nuclear centering need inspection; No cached NGPS Hbeta ETC calculation,1.2947186679448877,1.2532126709887437,1.2947186679448877,57.057614404370426,True
CLAGN_0816,,,133.4961,21.4676,0.0842,,,,,16.82,,JWST proposal catalogue r,,False,34.0,oct27,2026-10-28T03:58:00-07:00,2026-10-28T04:10:00-07:00,2026-10-28T10:58:00+00:00,2026-10-28T05:27:09.559133-07:00,F05,J085359.05+212803.4,fade,False,archival; epoch not specified,0.0,JWST required optical state,JWST F05 fade: establish optical Balmer state for the MIRI dust-response sample; Dong 2025,JWST,,,,,1.5,2.0,3.0,2.0,300.0,2.0,12.0,JWST addition: optical acquisition field and nuclear centering need inspection; No cached NGPS Hbeta ETC calculation,1.4162294778940143,1.357925819627242,1.4162294778940143,64.2721009028622,True
P21743,,,149.88197,50.746961,0.143485,,,,,16.714,,cached ZTF last-180-day median,,False,35.0,oct27,2026-10-28T04:10:00-07:00,2026-10-28T04:22:00-07:00,2026-10-28T11:10:00+00:00,2026-10-28T05:27:09.559133-07:00,,,,False,2025-10-20,133.4,Dated optical brightening,Test broad-line response to dated brightening after the accepted reference,manifold,2023-04-07,-0.4305000000000021,0.1537500000000005,19.69780804301499,1.5,2.0,3.0,2.0,300.0,2.0,12.0,,1.4999587878339269,1.446958403770782,1.4999587878339269,68.43205927885583,False
P21841,,,148.47987,24.787596,0.5137621,,,,,18.316000000000003,,cached ZTF last-180-day median,,False,37.0,oct27,2026-10-28T04:34:00-07:00,2026-10-28T04:46:00-07:00,2026-10-28T11:34:00+00:00,2026-10-28T05:27:09.559133-07:00,,,,False,2025-10-09,133.6,Dated optical fading,Test broad-line response to dated fading after the accepted reference,manifold,2025-01-02,0.3094999999999999,,12.00772015464825,1.5,2.0,3.0,2.0,300.0,2.0,12.0,,1.5139212025919806,1.4435635101443678,1.5139212025919806,75.72670031089609,False
CLAGN_0824,,,160.1808,27.5886,0.1671,,,,,18.0,,JWST proposal catalogue r,,False,39.0,oct27,2026-10-28T04:58:00-07:00,2026-10-28T05:10:00-07:00,2026-10-28T11:58:00+00:00,2026-10-28T05:27:09.559133-07:00,R05,J104043.38+273518.9,rise,False,archival; epoch not specified,0.0,JWST required optical state,JWST R05 rise: establish optical Balmer state for the MIRI dust-response sample; Dong 2025,JWST,,,,,1.5,2.0,3.0,2.0,300.0,2.0,12.0,JWST addition: optical acquisition field and nuclear centering need inspection; No cached NGPS Hbeta ETC calculation,1.6338534413496109,1.5489459853826404,1.6338534413496109,83.98053659030832,True
P24976,,,163.35586,30.405374,0.2483,,,,,19.15,,JWST proposal catalogue r,,False,40.0,oct27,2026-10-28T05:10:00-07:00,2026-10-28T05:22:00-07:00,2026-10-28T12:10:00+00:00,2026-10-28T05:27:09.559133-07:00,F03,J105325.40+302419.3,fade,False,archival; epoch not specified,0.0,JWST required optical state,JWST F03 fade: establish optical Balmer state for the MIRI dust-response sample; Panda 2024,JWST,,,,,1.5,2.0,3.0,2.0,300.0,2.0,12.0,JWST faint exception to r<19; assess 2x300 s in Quicklook and use slack for depth; JWST addition: optical acquisition field and nuclear centering need inspection; No cached NGPS Hbeta ETC calculation,1.6017928445147651,1.522046821660755,1.6017928445147651,85.10290241661482,True
