id,target,internal_id,ra_hms,dec_dms,ra,dec,z,r_mag,w3_mjy,w4_mjy,family,reversal,w1_change_start,w1_change_end,w1_amp,tau_dust_yr,dt_rest_yr,dt_over_tau_dust,dt_over_tau_warm,si18_observed_um,transition,reference,ngps,ngps_hours_oct26,ngps_hours_oct27,moon_sep_oct26_deg
F01,J075934.95+322143.3,P14388,07:59:34.95,+32:21:43.3,119.89561,32.362025,0.2689,18.27,2.8,6.6,fade,False,2019.5,2024.5,1.52,0.59,4.7,8.0,0.8,22.8,catalog-confirmed CLAGN,Zeltyn 2024,2026-10-26/27,4.09,4.27,82.0
F02,J003352.71+202104.1,P9506,00:33:52.71,+20:21:04.1,8.469615,20.351152,0.2315,17.69,7.6,14.4,fade,False,2016.5,2024.5,1.57,0.66,6.1,9.2,0.92,22.2,no match in checked catalogs,September 2026 NGPS; spectral-state audit pending,2026-09-23,0.0,0.0,23.0
F03,J105325.40+302419.3,P24976,10:53:25.41,+30:24:19.3,163.35586,30.405374,0.2483,19.15,3.6,10.0,fade,False,2021.5,2024.5,1.73,0.36,4.0,11.0,1.1,22.5,catalog-confirmed CLAGN,Panda 2024,2026-10-26/27,1.19,1.37,117.0
F04,J005346.16+223222.4,P10381,00:53:46.16,+22:32:22.4,13.442318,22.539551,0.1486,17.19,13.6,19.3,fade,False,2014.5,2019.5,1.61,0.53,9.6,18.2,1.82,20.7,literature match; confirmation needs audit,September 2026 NGPS; spectral-state audit pending,2026-09-23,0.0,0.0,19.0
F05,J085359.05+212803.4,CLAGN_0816,08:53:59.06,+21:28:03.4,133.4961,21.4676,0.0842,16.82,5.1,13.6,fade,False,2018.5,2023.5,2.22,0.35,6.5,18.4,1.84,19.5,turn-on,Dong 2025,2026-10-26/27,2.9,2.91,96.0
F06,J012558.06+151813.7,P11530,01:25:58.06,+15:18:13.7,21.49192,15.303813,0.1117,17.48,4.8,8.0,fade,True,2019.5,2021.5,2.18,0.35,6.7,19.5,1.95,20.0,no match in checked catalogs,September 2026 NGPS; spectral-state audit pending,2026-09-23,0.0,0.0,10.0
F07,J234433.09+260038.9,P7837,23:44:33.09,+26:00:38.9,356.13787,26.010795,0.1631,17.91,6.5,18.0,fade,False,2013.5,2020.5,1.46,0.42,9.5,22.7,2.27,20.9,no match in checked catalogs,September 2026 NGPS; spectral-state audit pending,2026-09-23,0.0,0.0,35.0
F08,J104427.75+271806.3,CLAGN_0826,10:44:27.74,+27:18:06.5,161.1156,27.3018,0.0758,16.44,22.5,33.4,fade,False,2016.5,2019.5,1.68,0.37,9.3,24.8,2.48,19.4,turn-off,Dong 2025,2026-10-26/27,1.19,1.37,117.0
F09,NGC2617,CLAGN_0987,08:35:38.78,-04:05:17.5,128.9116,-4.0882,0.0142,13.39,31.1,56.1,fade,False,2015.5,2023.5,1.75,0.28,8.4,29.7,2.97,18.3,turn-on; Type 1.8 -> Type 1,Temple 2023,2026-10-26/27,2.05,2.05,98.0
F10,J085337.26+014303.6,J085337.26+014303.6,08:53:37.26,+01:43:03.6,133.40525,1.717666666666667,0.0582,16.61,6.3,6.6,fade,False,2016.5,2022.5,1.6,0.27,8.0,30.3,3.03,19.0,catalog-confirmed CLAGN,Zeltyn 2024,2026-10-26/27,2.05,2.05,101.0
F11,J2330323-022745,CLAGN_0795,23:30:32.30,-02:27:45.0,352.63458333,-2.4625,0.0332,15.77,48.4,80.8,fade,False,2017.5,2020.5,1.63,0.22,8.7,39.3,3.93,18.6,turn-on,Hon 2022,2026-10-26/27,5.97,5.98,41.0
F12,J0458403-215931,CLAGN_0801,04:58:40.30,-21:59:31.0,74.66791667,-21.99194444,0.0394,16.68,4.8,12.5,fade,False,2014.5,2022.5,1.65,0.17,9.1,53.0,5.3,18.7,turn-on,Hon 2022,2026-10-26/27,3.24,3.25,55.0
R01,J162039.13+430814.6,P1823,16:20:39.13,+43:08:14.6,245.16306,43.137382,0.6205,18.49,2.6,3.7,rise,False,2018.5,2024.5,1.55,1.27,4.0,3.2,0.32,29.2,no match in checked catalogs,September 2026 NGPS; spectral-state audit pending,2026-09-23,0.68,0.68,116.0
R02,J220537.71-071114.5,CLAGN_0215,22:05:37.71,-07:11:14.5,331.407125,-7.18736111,0.295,18.26,4.4,10.3,rise,False,2014.5,2021.5,1.49,0.65,7.7,11.8,1.18,23.3,turn-off / dimming,MacLeod 2019,2026-10-26/27,4.26,4.27,62.0
R03,J104705.16+544405.8,P24541,10:47:05.16,+54:44:05.9,161.77151,54.734966,0.2148,18.95,2.2,8.8,rise,False,2020.5,2024.5,2.28,0.34,4.5,13.2,1.32,21.9,catalog-confirmed CLAGN,Panda 2024; Dong 2025,2026-10-26/27,2.05,2.22,101.0
R04,J082942.66+415436.8,CLAGN_0030,08:29:42.67,+41:54:36.9,127.42778,41.910244,0.1264,16.83,14.3,50.3,rise,True,2017.5,2021.5,2.31,0.53,7.5,14.3,1.43,20.3,,Panda 2024,2026-10-26/27,3.92,4.1,86.0
R05,J104043.38+273518.9,CLAGN_0824,10:40:43.39,+27:35:19.0,160.1808,27.5886,0.1671,18.0,4.0,10.5,rise,False,2017.5,2024.5,1.5,0.41,6.0,14.6,1.46,21.0,turn-off,Dong 2025,2026-10-26/27,1.36,1.37,116.0
R06,J083826.50+371906.7,P17881,08:38:26.50,+37:19:06.7,129.61042,37.318528,0.2111,18.54,1.9,6.4,rise,True,2018.5,2021.5,1.54,0.41,6.6,16.2,1.62,21.8,catalog-confirmed CLAGN,Dong 2025,2026-10-26/27,3.75,3.76,89.0
R07,J101152.98+544206.4,CLAGN_0045,10:11:52.98,+54:42:06.4,152.970765,54.701781,0.2465,19.19,4.1,10.3,rise,False,2017.5,2023.5,2.25,0.35,6.0,17.0,1.7,22.4,turn-on,Panda 2024; Guo 2025,2026-10-26/27,2.73,2.74,97.0
R08,J094838.42+403043.7,CLAGN_0818,09:48:38.42,+40:30:43.6,147.1601,40.5121,0.0468,16.1,18.7,42.8,rise,False,2018.5,2024.5,1.47,0.27,6.2,23.1,2.31,18.8,turn-off,Dong 2025,2026-10-26/27,2.56,2.74,100.0
R09,UGC03601,CLAGN_0969,06:55:49.53,+40:00:01.2,103.956358,40.000323,0.0172,13.45,32.6,82.6,rise,False,2017.5,2020.5,1.67,0.33,8.8,26.6,2.66,18.3,turn-off; Type 1.5 -> Type 2/1.9,Temple 2023,2026-10-26/27,5.46,5.47,69.0
R10,J19263018+4133053,CLAGN_0972,19:26:30.22,+41:33:05.0,291.625904,41.5513839,0.071,17.79,11.4,24.5,rise,False,2019.5,2024.5,1.47,0.19,5.6,29.7,2.97,19.3,turn-on; Type 2 -> Type 1.9,Temple 2023,2026-10-26/27,3.75,3.59,88.0
R11,J1949137-184716,CLAGN_0808,19:49:13.70,-18:47:16.0,297.30708333,-18.78777778,0.0811,18.17,4.9,17.5,rise,False,2015.5,2017.5,2.08,0.18,10.6,58.7,5.87,19.5,turn-on,Hon 2022,2026-10-26/27,1.02,1.03,97.0
R12,J20145928+2523010,CLAGN_0973,20:14:59.26,+25:23:01.2,303.746925,25.383657,0.0457,19.15,31.8,66.2,rise,False,2014.5,2024.5,2.33,0.06,8.1,126.2,12.62,18.8,turn-on; Type 2 -> Type 1.9,Temple 2023,2026-10-26/27,3.92,3.93,82.0
