id,source,snapshot_sha256,download_complete,requested,accepted,quality_rejected,invalid_accepted,z,valid_points,visits
F01,review/spherex_sample/F01/*.json,3811ca00397319ca2529243bdae9666efa2cf660a8d328539600ff3426981a76,True,263,257.0,6.0,11,0.2689,246,2
F02,review/spherex_sample/F02/*.json,37221a28a336dccc5e8244e6ee139e9627ace58392ca215e2a77069ec6c5f0d6,False,406,290.0,14.0,11,0.2315,279,3
F03,review/spherex_sample/F03/*.json,52c98d4ed75247a493cc85f1c3cada3c85ed36ec72c05e8554a49676e6cb3c65,False,346,294.0,9.0,15,0.2483,279,3
F04,inputs/spherex_extracted/F04.csv,12d21ad229ce5a28387885aa69a90656c09d57bb813e992a3046491f247c51ea,True,338,338.0,0.0,12,0.1486,326,3
F05,review/spherex_sample/F05/*.json,5cbc1ad9e623f411f55a118e424161d6fbe670d67e11c5fc467c18867edc1bd6,True,235,228.0,7.0,10,0.0842,218,2
F06,inputs/spherex_extracted/F06.csv,625c4b7a001475176583238dfbffefcfa9b5b434882cd3378c3c7221f57f4adb,True,331,331.0,0.0,18,0.1117,313,3
F07,review/spherex_sample/F07/*.json,89f2465e1c15a9b46a8104039e56d54b03c379d4496a1d3ab9ac1d5cc2cca362,False,348,298.0,5.0,15,0.1631,283,3
F08,review/spherex_sample/F08/*.json,16ba0fa32f9512b7ffacedf61e83a6b5f8be4309a5d4a3d5466767f63d361857,True,287,277.0,10.0,6,0.0758,271,3
F09,review/spherex_sample/F09/*.json,3a803c8123a77fd92abaf4a638cf90b3a44e798b86a6a4bff9b82dd5ec110490,True,247,243.0,4.0,10,0.0142,233,3
F10,review/spherex_sample/F10/*.json,844d2b761ff5b9c68bbd96cabd0d833cd12e3feeac7c6f62ad6d6ec038e7c1b4,True,254,246.0,8.0,9,0.0582,237,2
F11,review/spherex_sample/F11/*.json,fe5515413ab2b86ebd121a0f7a232a5ac3d9cc0bba1063af2a4f9d4cae229b82,False,399,286.0,16.0,7,0.0332,279,3
F12,review/spherex_sample/F12/*.json,df81bcfbca932c747176d9affa37291eb8339f03e1480e3e299420e1aae3e8be,True,238,236.0,2.0,15,0.0394,221,2
R01,inputs/spaxel_scryer_P9694_ra11p5333_dec9p1225_cleaned.csv,f4c392054f1db1c60a346c76e2d241fbe9b4200a4a41d5d50b1d3e5f4117ae23,True,289,289.0,0.0,0,0.2377224,289,3
R02,review/spherex_sample/R02/*.json,ff9995d4923e38a8120c4d469c96e4626f50a230dbaef4f32cb4100a69c05e1b,False,310,296.0,6.0,15,0.295,281,3
R03,review/spherex_sample/R03/*.json,6bafbe0ce3fa9aec9235c7225aec6901414dbcf79d2500e4ac1b1e487e4b775c,True,254,250.0,4.0,13,0.2148,237,3
R04,review/spherex_sample/R04/*.json,b03ab829ff700061361114d7fcc343cd036ca304027c33140c72b815d5f4409c,True,230,221.0,9.0,9,0.1264,212,2
R05,review/spherex_sample/R05/*.json,83c4ff2941575a06c626303939ed1574d768d45a8488b3a01c6e6e9c31912f10,True,301,298.0,3.0,18,0.1671,280,3
R06,review/spherex_sample/R06/*.json,9f1fb479e97f88234256ad2c74137d35fab5ce168c8154295bde4dd1658e8a4f,True,257,248.0,9.0,14,0.2111,234,2
R07,review/spherex_sample/R07/*.json,2dd1eefe2542a438e22da80095973de8acb5124bb25a484cb43f68044cc108fb,True,248,243.0,5.0,16,0.2465,227,2
R08,review/spherex_sample/R08/*.json,4f30462d420b0f9162f2cb8cb16d3a9fec3185ee9359879eebf42354fe3bbe28,True,253,248.0,5.0,14,0.0468,234,3
R09,review/spherex_sample/R09/*.json,c746ab6f38414c22045e5cabb9b472eafcf681a01cd4df58b7d2b03c7c9e71cb,True,255,226.0,29.0,18,0.0172,208,2
R10,review/spherex_sample/R10/*.json,d16f6601b553c807e92f1b9a828985181bb581759b08a2961297bafd7efbd5f9,False,423,107.0,196.0,6,0.071,101,3
R11,review/spherex_sample/R11/*.json,4adde16fb64669646b02ae69ff614540038d60ac76be9ff565ffe9984e787956,True,232,90.0,142.0,3,0.0811,87,2
R12,review/spherex_sample/R12/*.json,bcc1af39ba3a035f9ce3512435bada29ea9549ae0811b2d8c7d228874da46d03,True,295,0.0,295.0,0,0.0457,0,0
