wavelength_um,wavelength_half_width_um,flux_mjy,flux_err_mjy,mjds,detector,obsid,psf_fraction,x,y,visit,rest_um
3.2378129320745295,0.046908001198418314,0.5608333368847616,0.03277054793806124,60974.165901398,4,2025W43_2A_0605_1,0.9940014423506327,7.933612057182952,7.574331541262795,0,2.5975234112110144
0.9610931144190813,0.012286938654654234,0.3622624896576721,0.0368365159179564,60974.165901398,1,2025W43_2A_0605_1,0.9980388175908653,7.940781638512567,7.627830065983044,0,0.7710333850133023
3.3250843227971356,0.04735319924827803,0.5784506133467411,0.033363524289872985,60974.167393655,4,2025W43_2A_0605_2,0.9976594621202913,7.426003056786008,7.288847579727426,0,2.6675365606074095
0.9842430902036858,0.01284921778003073,0.29250623987349467,0.03609879785301406,60974.167393666,1,2025W43_2A_0605_2,0.9982350373787504,7.64199359093693,7.210169511777998,0,0.7896053671910838
3.416255811790955,0.04841871259094423,0.5579119362413043,0.03236473179133524,60974.1688859,4,2025W43_2A_0605_3,0.9976614459114047,7.460053311234567,7.016375426484192,0,2.740678549371003
1.007326185488975,0.01339785443172813,0.37003917394417213,0.034862057078613104,60974.168885911,1,2025W43_2A_0605_3,0.9984490636946706,7.910428913526515,7.83634544051063,0,0.8081236947364421
1.032092617739933,0.013693765907913248,0.32709537838678,0.0366167569491251,60974.170378145,1,2025W43_2A_0605_4,0.9968025915173648,7.857935777605613,7.408364498300989,0,0.8279924731166731
0.7351719003637291,0.008690691957131376,0.298319324436787,0.03777328111996065,60974.440778354,1,2025W43_2A_0659_4,0.9976373330132026,7.269037174193032,7.635745103415406,0,0.5897889292930037
1.0319452041377182,0.013690711787973008,0.33281985461013763,0.03483977135585861,60974.641291224,1,2025W43_2A_0698_1,0.9955457596580005,7.251532931965893,7.823422614878558,0,0.8278742111012581
1.0562842373766201,0.01397745779666155,0.2708722366712426,0.03526117543998256,60974.642783469,1,2025W43_2A_0698_2,0.9853900310380865,7.026000144124751,7.30448863183093,0,0.8474001102098838
3.6046862218798617,0.049787895747713654,0.5243700584511325,0.03284254446546724,60974.642783469,4,2025W43_2A_0698_2,0.996786990414521,7.155488990427511,7.69391506335003,0,2.8918461467146908
3.699931203222648,0.05060268759394107,0.6104462819804987,0.03475423778306995,60974.644275726,4,2025W43_2A_0698_3,0.9949644422170072,7.219434678512243,7.308851998734529,0,2.968256079601001
1.0816977937928072,0.014376989826816719,0.23048547851467893,0.06047094772692812,60974.644275726,1,2025W43_2A_0698_3,0.965848213045316,7.303763498648941,7.807302968245869,0,0.8677880415505874
3.798772246115011,0.049497028791255976,0.5745039148392005,0.03474060066005477,60974.645767983,4,2025W43_2A_0698_4,0.9972208108338472,7.016913711660379,7.83240003705755,0,3.0475509395226723
1.1073694645851013,0.014799613655400992,0.33711535524726594,0.03659435157721926,60974.645767983,1,2025W43_2A_0698_4,0.9841990579604789,7.292432359182248,7.2625363563482175,0,0.8883830441918182
2.435808110444646,0.024148119749328234,0.6243914997790406,0.035334741516771385,60974.98006862,4,2025W43_2A_0770_1,0.9987090680394954,7.974459003147761,7.883189358621877,0,1.9541180188083804
0.7525026813678304,0.00911549671623334,0.21802330751823001,0.03410975122415761,60974.98006862,1,2025W43_2A_0770_1,0.9987371784871084,7.674749620881851,7.703573717796699,0,0.6036924840496032
2.5063569050591106,0.03647036978597653,0.6059287087140997,0.03394203084291302,60974.981560888,4,2025W43_2A_0770_2,0.9957371601674313,7.416231195576906,7.209384158031051,0,2.010715527524357
2.5759341363091965,0.03678487528707714,0.5841028926525702,0.03347927354691704,60974.983053145,4,2025W43_2A_0770_3,0.9976857506115383,7.335136617944251,7.5064837683910355,0,2.0665336031361385
0.7884756395871156,0.009847551175052004,0.2365003752526236,0.03354835262036471,60974.983053145,1,2025W43_2A_0770_3,0.9981660973334279,7.502467382188776,7.1703623035516735,0,0.6325516563073531
0.8072130958083943,0.010091819289597785,0.28090668588507917,0.034419587395452284,60974.984545402,1,2025W43_2A_0770_4,0.9982139198652054,7.339451999807318,7.2672492952608305,0,0.6475837110376208
2.6479891459302722,0.037366361666215486,0.5857200374165488,0.03197620748957898,60974.984545402,4,2025W43_2A_0770_4,0.9969128883650791,7.964451288269503,7.671370603569995,0,2.124339467252525
0.8267247404679566,0.010354032603558336,0.3423045262870215,0.033985002810433824,60976.134665391,1,2025W44_1A_0248_1,0.9981845604180558,7.611796715152897,7.953854990197197,0,0.6632368555699613
2.720718208902505,0.03836934199513907,0.5869208679383159,0.07392463642473274,60976.134665391,4,2025W44_1A_0248_1,0.9967369378694608,7.042612961748251,7.488634480762579,0,2.182686088168877
0.8465375456950575,0.010648018377685772,0.23335318569206698,0.031825162865519306,60976.136157636,1,2025W44_1A_0248_2,0.9973318495408569,7.296812251735162,7.949098729528112,0,0.6791316050501865
2.7954129146905164,0.0396675541974585,0.5662139735425029,0.03345741817531949,60976.136157636,4,2025W44_1A_0248_2,0.9981577508255509,7.487624418374564,7.54825169079,0,2.2426096387408876
0.8666155430535019,0.010983929530192206,0.32383920117908027,0.046822272186611495,60976.137649905,1,2025W44_1A_0248_3,0.6276294871810679,7.49199514514585,7.883063287745344,0,0.6952391039338162
2.872438995676668,0.041250127317677465,0.592292967472652,0.03333086921959154,60976.137649905,4,2025W44_1A_0248_3,0.9983055733434101,7.478478166402596,7.592975985464674,0,2.3044035264152973
2.949486581163859,0.042227768649158955,0.5080232360622208,0.030839192615235194,60976.139142161,4,2025W44_1A_0248_4,0.9907390668472345,7.081847986359721,7.640631727229925,0,2.366214665995876
0.8874840579963856,0.011409537510234375,0.23460758708951931,0.0315023543000015,60976.139142161,1,2025W44_1A_0248_4,0.9980809968619324,7.277814463334487,7.817064631632039,0,0.7119807926164345
0.8954826860057539,0.01143793855124095,0.24882809602218361,0.03502303720865271,60976.476000969,1,2025W44_1A_0323_1,0.9985317447148861,7.587760257453462,7.674830811843227,0,0.7183976622589281
2.983870661772924,0.04365960327239832,0.5065784099739076,0.03144580370717112,60976.476000981,4,2025W44_1A_0323_1,0.9943386144991114,7.181407906424344,7.316857002029531,0,2.3937991670861805
0.9169291940529506,0.011747425637182896,0.3284239872318272,0.03738887980214583,60976.477493226,1,2025W44_1A_0323_2,0.9980302475596182,7.3293788003866425,7.418527389493443,0,0.7356030437649023
3.0644727403401015,0.044821048485572175,0.583742758307212,0.0323988958780625,60976.477493226,4,2025W44_1A_0323_2,0.9973295391146011,7.716539536597745,7.1775895066631,0,2.458461885551626
3.1502053419333134,0.04594115487098305,0.5594863569385975,0.031814334307209514,60976.478985472,4,2025W44_1A_0323_3,0.9974544631136264,7.777605702380896,7.05416032166052,0,2.5272405470784705
0.9390750326801114,0.011976112311825304,0.3376207456196656,0.038606059786121645,60976.478985472,1,2025W44_1A_0323_3,0.9979453978179327,7.595653089984033,7.198338236736924,0,0.753369460633864
4.390114247228821,0.0190605399928089,0.6533359059779608,0.09164991954539269,60978.104815136,5,2025W44_1A_0700_1,0.9999618308563079,7.80735390198771,7.82469024998203,0,3.5219528658073176
1.6158973243255148,0.01946023405749775,0.5054061930088619,0.03388263688480908,60978.104815136,2,2025W44_1A_0700_1,0.9969294676467559,7.186075393834299,7.063627717375425,0,1.2963476328323424
4.097806025178787,0.018373206785134186,0.7349311434253238,0.08535744932873798,60978.376014731,5,2025W44_1A_0759_1,0.9999389056385742,7.639410945871711,7.922588046723293,0,3.287449679244916
1.3361198247433748,0.016104475985123635,0.4876468001483326,0.03632440016671745,60978.376014731,2,2025W44_1A_0759_1,0.9981009837235889,7.5568917692707345,7.124610441036406,0,1.0718971718759525
1.3682601745646195,0.016492922152932625,0.38326983505125667,0.03674645466095091,60978.377506988,2,2025W44_1A_0759_2,0.9975891067282954,7.361313058774829,7.6490375687227035,0,1.0976816482668428
4.133284792594093,0.01838526762661686,0.5504256373579228,0.08156032153874256,60978.377506999,5,2025W44_1A_0759_2,0.9949730005811082,7.88135114150414,7.562306827342242,0,3.3159123887638136
1.4011098428911688,0.016899767691758757,0.41578890439765065,0.034754495882309354,60978.378999245,2,2025W44_1A_0759_3,0.9970580469891377,7.739912056516399,7.194020513483888,0,1.1240351727967661
1.435313392531659,0.017371140121708633,0.40491732212844983,0.03349744420804348,60978.38049149,2,2025W44_1A_0759_4,0.9976368176707024,7.84165465847313,7.695287015583448,0,1.1514748435873718
4.205636581809514,0.01821755572104263,0.5278391934962283,0.08193765599869697,60978.380491502,5,2025W44_1A_0759_4,0.9760962343566767,7.2607277437963,7.824860284290473,0,3.373956343208595
3.809056113390361,0.017597910595317946,0.46630641531535383,0.07028634983061999,60978.445386837,5,2025W44_1A_0773_2,0.999808651282494,7.4359368745146135,7.773215936206361,0,3.055801133887173
1.0967643872699806,0.012912352953384415,0.29657915571445026,0.03848496395410773,60978.445386837,2,2025W44_1A_0773_2,0.9908126552998574,7.54078209310336,7.06172370251784,0,0.8798751602647258
3.8431504324017496,0.017784404299071344,0.5441946905633003,0.06691859984059859,60978.446879071,5,2025W44_1A_0773_3,0.9998839370316099,7.140845055673427,7.902827958184389,0,3.08315317481087
1.1227913516450938,0.013357497285720204,0.31108262810738496,0.03328809763013379,60978.446879083,2,2025W44_1A_0773_3,0.9951031335336611,7.837150991577179,7.0985787819934085,0,0.9007551958644957
1.1500150697367002,0.013767621426490219,0.3670334019244079,0.03482983501522456,60978.44837134,2,2025W44_1A_0773_4,0.9977215931850123,7.788912511944163,7.161615950097456,0,0.9225953226929003
3.876805477761091,0.017911074530380728,0.5423435204352116,0.07248591220806803,60978.44837134,5,2025W44_1A_0773_4,0.9998931624209202,7.54158324377595,7.072952494583246,0,3.1101528100770888
1.177462515010964,0.014151578360568946,0.33880463438634345,0.035151743173785395,60979.2589323,2,2025W44_2B_0184_1,0.9973184870255044,7.629025125670028,7.90367091566522,0,0.944614933823477
3.906250283363427,0.01800195763058098,0.728182557388383,0.07305305321062104,60979.2589323,5,2025W44_2B_0184_1,0.952868609438225,7.8589160140918,7.9627336607436225,0,3.1337747961198774
1.2063902332363607,0.014502232574078532,0.40152133685720276,0.0365935417594595,60979.260424557,2,2025W44_2B_0184_2,0.9973171442020247,7.374275922206136,7.76731000147859,0,0.9678220884367115
3.945467145548163,0.018127102276996397,0.5379021503608641,0.06973273311173343,60979.260424569,5,2025W44_2B_0184_2,0.999936073356031,7.027247082249,7.913877534976907,0,3.1652363782977644
3.980532548199026,0.018223844673945486,0.6578656222798275,0.0771370755523682,60979.261916814,5,2025W44_2B_0184_3,0.9999068573193344,7.684212228334788,7.8048605239566715,0,3.1933674674681316
1.2352507855819403,0.014843459414930614,0.433491869908485,0.0386636644445931,60979.261916814,2,2025W44_2B_0184_3,0.9979467083357643,7.574029956083979,7.562940100700452,0,0.9909753594720742
1.2656785740706036,0.015185968494107836,0.45856719318629,0.04022194945105888,60979.26340906,2,2025W44_2B_0184_4,0.9970690329158616,7.503767696932259,7.349933633656594,0,1.0153859398881697
4.015563702670575,0.018284762569460628,0.5835334902429812,0.07366747777828149,60979.26340906,5,2025W44_2B_0184_4,0.9266231660593357,7.066658115983124,7.716250743291555,0,3.2214710811637186
1.5417153307547204,0.01871606830956723,0.38145343068861776,0.03562459619625298,60980.62006428,2,2025W44_2B_0540_3,0.9963186782432032,7.282696787522966,7.244680987666208,0,1.2368354037342322
4.316223723115675,0.018638827262697846,0.559712760836791,0.08538170112822317,60980.62006428,5,2025W44_2B_0540_3,0.9999339214248815,7.99857685721471,7.755347894582627,0,3.4626744670001406
1.579218895091926,0.019091318729343037,0.46634865991008284,0.037283359136686206,60980.621556525,2,2025W44_2B_0540_4,0.9961729423090822,7.702019308593869,7.239978175643744,0,1.2669224990709393
4.351939213627406,0.0186478949215709,0.5127032311812036,0.0864663253513252,60980.621556536,5,2025W44_2B_0540_4,0.999910313951633,7.922417183397027,7.885931202335708,0,3.4913270867448105
4.050982959174928,0.01833551924929999,0.6024045715740955,0.07741052854108912,60980.819475738,5,2025W44_2B_0592_1,0.999989947111416,7.682816491388277,7.397693114157396,0,3.249886048275113
1.295602191226402,0.015561711636625565,0.38432331529155483,0.033789155719575754,60980.819475749,2,2025W44_2B_0592_1,0.9979181686236989,7.6527879857683505,7.895708714351035,0,1.0393920507231464
1.3266194667182702,0.015999145382660153,0.3946069694006891,0.036612384141658676,60980.820967995,2,2025W44_2B_0592_2,0.9970332732049563,7.156973152380556,7.538394758701502,0,1.0642755449003372
1.46968836493637,0.01783936782227244,0.3583472422705316,0.03339788965516793,60980.890091374,2,2025W44_2B_0612_1,0.9972504943093081,7.391981100392199,7.8071472835848805,0,1.1790520376545286
4.241759777694687,0.01829402893449406,0.8076784317552501,0.0861514876851962,60980.890091374,5,2025W44_2B_0612_1,0.9999822754757383,7.234759831631779,7.093414798431511,0,3.4029360430763638
1.5055116661067691,0.01831629255165913,0.40732035353147744,0.03382699383486746,60980.89158362,2,2025W44_2B_0612_2,0.9979539734885292,7.875534587044973,7.240032484637863,0,1.2077911481000956
4.279094704067193,0.018567808689659147,0.6628306877053044,0.08987470637895048,60980.891583631,5,2025W44_2B_0612_2,0.9998651538315094,7.1676361985694585,7.632941789591425,0,3.432887849231603
1.5419837201641595,0.01871932916168626,0.41499884931024156,0.03792291504648693,60980.893075888,2,2025W44_2B_0612_3,0.9972348187322116,7.344668342102264,7.560467397511044,0,1.2370507181421255
4.313128465592618,0.018637498703213812,0.6389186028796802,0.08606457343430587,60980.893075888,5,2025W44_2B_0612_3,0.999929748922253,7.061642693066592,7.107223089625991,0,3.4601913081368774
1.7240647965816693,0.020676742203575293,0.5207944566138194,0.03522861471091643,60981.908821861,3,2025W44_2B_0832_2,0.9979245184196208,7.0873491481900786,7.3349433418305825,0,1.3831245861064336
4.4856883189176235,0.017882523265308196,0.6374633600120991,0.11148547022906864,60981.908821872,6,2025W44_2B_0832_2,0.9999653142636665,7.379864359919894,7.263081101952901,0,3.5986268102026666
1.7649496899592467,0.021477019471744102,0.5057666693040204,0.04675406234436718,60981.910314129,3,2025W44_2B_0832_3,0.7230593308402488,7.362756252577738,7.574739269806262,0,1.4159243401197328
1.8064636871545872,0.02214758880328105,0.4637195196915796,0.03594831728968152,60981.911806374,3,2025W44_2B_0832_4,0.9982828426452122,7.60954217317253,7.7447047492839864,0,1.4492287903366123
4.5519692962420555,0.01785076640660875,0.5998719076024289,0.1049417705782367,60981.911806374,6,2025W44_2B_0832_4,0.9999329545582858,7.544042155327748,7.879044986721481,0,3.651800478332977
1.8485486731033864,0.022681051951619888,0.5787134574909601,0.03834215088450375,60982.110880298,3,2025W45_1A_0026_1,0.9982893919419373,7.516689395317986,7.602376101386605,0,1.4829913141623638
1.8920993025947004,0.023141943315774183,0.4566975647087855,0.03608458564920063,60982.112372543,3,2025W45_1A_0026_2,0.9983622681338898,7.785189656134708,7.561225750270344,0,1.51792964508199
4.6194296914157364,0.018061858297179458,0.4611675370207614,0.10243883886468463,60982.112372543,6,2025W45_1A_0026_2,0.9999912673710392,7.3171753557509716,7.940008153817853,0,3.705920330056748
4.653839511697215,0.018168364124798747,0.5515887471608792,0.10733648053320015,60982.113864812,6,2025W45_1A_0026_3,0.9999906936098962,7.252206379960594,7.986063044954324,0,3.7335254807037423
1.9363434419538894,0.023490975470556518,0.5464013311414004,0.03567875194719002,60982.113864812,3,2025W45_1A_0026_3,0.9977533696384593,7.976812281716009,7.524386999677496,0,1.5534243417199274
4.688223971133633,0.018275887876020212,0.4902913754610676,0.10786405887774136,60982.115374823,6,2025W45_1A_0026_4,0.9999975517171714,7.204567012405003,7.064993661228289,0,3.7611102857068857
1.981121356683567,0.024077749087217777,0.5771220045444828,0.03647004194941801,60982.115374823,3,2025W45_1A_0026_4,0.9972927012815143,7.152041519885799,7.462323104006659,0,1.589347257668325
1.9890651064131462,0.024362595370536817,0.5736837030148103,0.034923195139964794,60982.789323354,3,2025W45_1A_0172_1,0.9973020219527851,7.921790353380111,7.046236061017189,0,1.5957201014144775
4.691811432863169,0.018625450387764468,0.6762538810481931,0.1255037121873388,60982.789323365,6,2025W45_1A_0172_1,0.9917594207120801,7.652514562286063,7.229376705463236,0,3.763988313568527
2.0350192239632596,0.02520515008223618,0.5414997934478062,0.03352394614860134,60982.790815611,3,2025W45_1A_0172_2,0.9976411115342145,7.251988636089816,7.904506014800733,0,1.6325866217113998
4.726930775603659,0.01841960614942488,0.5633510498899978,0.11810589703020896,60982.790815611,6,2025W45_1A_0172_2,0.999985033135897,7.748182155573115,7.182983479282255,0,3.7921626759756593
2.0827440037665377,0.026000025732169398,0.6127979259775077,0.03573492375972606,60982.792307867,3,2025W45_1A_0172_3,0.9978205287173502,7.546421160680245,7.762319753954564,0,1.6708736492310772
4.761748265394823,0.018214567053158458,0.7644949286124921,0.12513005639874192,60982.792307879,6,2025W45_1A_0172_3,0.9999896322984179,7.8476517136626605,7.150417822816653,0,3.8200948779741863
2.131347587598296,0.02676395512712272,0.6510929835392731,0.035912733250113064,60982.793800124,3,2025W45_1A_0172_4,0.9968815018704504,7.8486447109014,7.618109940883155,0,1.7098656940218984
4.7965264649805075,0.01834723028853666,0.5974149051434946,0.11837008440600827,60982.793800124,6,2025W45_1A_0172_4,0.9999814251604434,7.964356234213923,7.09746684761643,0,3.8479955595511495
4.830966246460978,0.01854328828418695,0.5573750862338204,0.13077350772324922,60983.265494789,6,2025W45_1A_0275_1,0.9999876687728958,7.8522887977287255,7.44741714414813,0,3.8756247464588673
2.1810355992104897,0.027383044288521678,0.6590009240254492,0.03639064122984962,60983.265494789,3,2025W45_1A_0275_1,0.9975934726815766,7.983646895292042,7.812273600126865,0,1.7497277169759244
2.231498677140994,0.02789292231927276,0.6045346627564585,0.036247669489383946,60983.266987034,3,2025W45_1A_0275_2,0.9972436917409317,7.306418936057472,7.483486002291539,0,1.7902115340080178
2.283577305245087,0.028475643902916077,0.6298988681088448,0.042831042431488,60983.268479303,3,2025W45_1A_0275_3,0.9968944972895418,7.578874319060354,7.2117916693150015,0,1.831991420172553
4.902592031198815,0.018519160355529425,0.5835208008991468,0.12718565093817696,60983.268479303,6,2025W45_1A_0275_3,0.9999924725774735,7.0672736104264935,7.104207411975979,0,3.933086266505267
2.3364469705585815,0.029119682488022255,0.5863873578031474,0.034388988239038215,60983.269971548,3,2025W45_1A_0275_4,0.99695514527486,7.841305811212775,7.787627989887781,0,1.8744059130032744
4.942320323476621,0.01856000074795721,0.5924379130300467,0.14288084229856077,60983.26997156,6,2025W45_1A_0275_4,0.9999896057312909,7.104296720928295,7.849051598465362,0,3.9649581415777146
2.388926756180954,0.02941951355623459,0.5993648499055491,0.040065415871108276,60983.876306733,3,2025W45_1A_0420_1,0.9957766553059428,7.741957326098753,7.886487787039798,0,1.9165076262983989
4.975159918049078,0.018684020576788484,0.5877068254889777,0.1444145689403788,60983.876306745,6,2025W45_1A_0420_1,0.9954370358284687,7.778251988671965,7.037620855438956,0,3.991303584475795
1.6463703541965675,0.0197100303324005,0.4394225034359376,0.03656458455010359,60984.080266027,3,2025W45_1A_0469_1,0.9979961975718319,7.407612460041891,7.73284556716181,0,1.3207945079795969
1.0561934193882654,0.013972165585369692,0.2777262505793607,0.03752546900759817,60991.615212161,1,2025W46_1A_0728_1,0.9804328856883147,7.1638099491731495,7.685759964245756,0,0.8473272518156963
3.698983725053986,0.05058362051534197,0.6094318052966181,0.03461231307470303,60991.75052774,4,2025W46_1A_0776_1,0.9739377170274854,7.57826550254647,7.825082827636566,0,2.967495968755705
1.0819441044086828,0.014377955480259962,0.3965457655834149,0.08782852116166656,60991.75052774,1,2025W46_1A_0776_1,0.9837796433251708,7.660745561889012,7.312382489142527,0,0.8679856433282654
4.733395274816102,0.01832644650992613,0.7894872883350593,0.11797274402004859,61141.136985113,6,2026W15_2A_0414_1,0.9999898864416157,7.426331688591649,7.0354413298276945,1,3.7973487964830346
2.0388549698581375,0.025285946141461593,0.6285566226000777,0.0366321719617348,61141.136985124,3,2026W15_2A_0414_1,0.9974688146443995,7.951083568141028,7.757515812014049,1,1.6356638346234558
4.768171000581485,0.018079027620886038,0.5140280673544355,0.11953043872515959,61141.138477358,6,2026W15_2A_0414_2,0.9999957644974136,7.3711635472477735,7.1398229041475165,1,3.825247493446839
2.086772662514603,0.026066530675725477,0.6033494280784476,0.03412345701155173,61141.13847737,3,2026W15_2A_0414_2,0.9973806122174684,7.106577742964703,7.778508284750927,1,1.6741056257638212
4.802802521572862,0.018244662341166135,0.5084528015152064,0.1151054758903729,61141.139969615,6,2026W15_2A_0414_3,0.9999957060183904,7.308844924216986,7.205882797994763,1,3.853030502665754
2.1353837607466186,0.026836749090602036,0.525219991749684,0.033890569546828835,61141.139969615,3,2026W15_2A_0414_3,0.99663736843027,7.253685117260977,7.722897748471629,1,1.7131036989543673
2.1850753970814374,0.02742487627024284,0.6407462967546237,0.03838019571707251,61141.141461872,3,2026W15_2A_0414_4,0.9978542113647778,7.406120723965037,7.586589858869541,1,1.7529686298286702
4.837434796541,0.01841378220925085,0.8381398247677962,0.12960016746887007,61141.141461872,6,2026W15_2A_0414_4,0.9999931384928533,7.2539713757921795,7.189493283276722,1,3.8808141167597276
2.236314035669625,0.02793100479132527,0.5735421566581074,0.0357893694919848,61142.223275367,3,2026W15_2A_0641_1,0.9975060416479316,7.65502215827275,7.270111652537993,1,1.7940746375207584
4.873113739089337,0.018500060400656434,0.7311226361100722,0.12287560728743721,61142.223275367,6,2026W15_2A_0641_1,0.9999924914013565,7.266674479438112,7.020431669775009,1,3.909437416036372
2.287442485079419,0.028502691151946973,0.6549876893439432,0.03654375854055318,61142.224767636,3,2026W15_2A_0641_2,0.9973845973469466,7.822115391607344,7.158159625611875,1,1.8350922463533244
2.340606043205761,0.029143406833353758,0.5932141583341178,0.03402447857122538,61142.226277648,3,2026W15_2A_0641_3,0.997763940400414,7.011224382949111,7.959287306588912,1,1.8777425136026964
2.3937922424133173,0.029499489128272764,0.6267477356821537,0.04323986088947673,61142.227769905,3,2026W15_2A_0641_4,0.9961995406374662,7.265334778085231,7.703426575267343,1,1.9204109445754654
4.981491948843722,0.01868239913716893,0.6821450514209842,0.15564430610828195,61142.227769916,6,2026W15_2A_0641_4,0.9999973196985777,7.241329036135561,7.808589515405734,1,3.9963834326864998
1.6421550415122954,0.019666085677987125,0.45236604569016153,0.03735998327294736,61142.97409252,3,2026W15_2A_0773_4,0.9972366686195328,7.550599034125416,7.009971360724013,1,1.3174127890190899
4.4203438648591655,0.018191658156662537,0.5741538937337287,0.10312890556156305,61142.97409252,6,2026W15_2A_0773_4,0.9996410164941383,7.203051080638301,7.401163088564072,1,3.546204464387618
1.6808447749569861,0.020046364071373664,0.4803372064963996,0.037471649106341105,61144.802725911,3,2026W16_1A_0349_1,0.9977650336081936,7.110326832427752,7.579465202074827,1,1.3484514841211281
4.484812509349291,0.01793943591779794,0.4572084283253602,0.09719440090297249,61144.804218145,6,2026W16_1A_0349_2,0.9999838087327473,7.473272107001814,7.71004958828985,1,3.5979241952260663
1.7194667443759086,0.020656427716892755,0.460226179399712,0.034159552370400165,61144.804218157,3,2026W16_1A_0349_2,0.9978701252619508,7.233509755120836,7.071474358701144,1,1.3794358157849247
4.517559151261813,0.017940436400180355,0.7381672627139154,0.10535865296673076,61144.805710402,6,2026W16_1A_0349_3,0.9998808094525093,7.419358544136865,7.233603420095637,1,3.624195067197604
1.75990746470758,0.02152075694236891,0.43070387850842584,0.03716206029220516,61144.805710414,3,2026W16_1A_0349_3,0.9977294690212828,7.414788675687204,7.463281897480167,1,1.4118792336202006
4.550625057065568,0.017981592033996553,0.5240617075351056,0.10079869465386176,61144.807202648,6,2026W16_1A_0349_4,0.9995900073900778,7.40049999613581,7.660730142755874,1,3.6507220674412904
1.8010616112122309,0.022249798125337047,0.48924868644304687,0.03718879616286776,61144.807202648,3,2026W16_1A_0349_4,0.9974126777252557,7.608302962101823,7.786924157674122,1,1.4448949949556606
4.5846068038908445,0.0181494906722959,0.5918801819648993,0.09874565757208578,61146.703644812,6,2026W16_2A_0039_1,0.9998567767068374,7.230302240145893,7.967955765642831,1,3.6779837977463656
1.8441723103925929,0.02282780442257322,0.45337894773809023,0.0335356104178237,61146.703644812,3,2026W16_2A_0039_1,0.988440729323892,7.660125742348356,7.9746101607601805,1,1.4794803934156382
4.618531874033174,0.018313286246426363,0.5612231047459851,0.10347502389557219,61146.70513708,6,2026W16_2A_0039_2,0.9999805734934518,7.167083448277602,7.349848596375653,1,3.705200059392839
1.8874222094799764,0.023246591047069217,0.55848380588638,0.036475705639003965,61146.70513708,3,2026W16_2A_0039_2,0.9968802308673722,7.828613375294603,7.262626446284552,1,1.5141774644845378
4.652709473884506,0.018433489602349216,0.3902768653072706,0.10649864757748095,61146.706629314,6,2026W16_2A_0039_3,0.9999014016986686,7.129149912074023,7.628311798943724,1,3.7326189120613766
1.9317325927408802,0.02343026308002174,0.4811231860251074,0.034607989972318856,61146.706629326,3,2026W16_2A_0039_3,0.9963395282917731,7.994859693196696,7.427574461840008,1,1.5497253050468354
1.9768833758699489,0.023908385912059325,0.5832919385044929,0.03536930236514159,61146.708121571,3,2026W16_2A_0039_4,0.996667291080754,7.185739486027527,7.476928948468553,1,1.5859473532851576
4.686885197023627,0.01855373388107849,0.7444535281350338,0.11005290370883115,61146.708121583,6,2026W16_2A_0039_4,0.9999902383995345,7.1018585048306395,7.7964196505109165,1,3.7600362591445062
1.3781388536052641,0.016521271456914923,0.3973448472989446,0.03292623758859221,61146.773816305,2,2026W16_2A_0056_2,0.9981209092967416,7.812237024022377,7.097815947936911,1,1.105606781873457
4.180482232553573,0.018298471124569587,0.6417603992223855,0.07794607163163174,61146.775308562,5,2026W16_2A_0056_3,0.9999164767521612,7.877290330990439,7.308237949808185,1,3.35377635985044
1.4114599773393979,0.01695671787295743,0.4354212902138769,0.03605520149177172,61146.775308562,2,2026W16_2A_0056_3,0.9974043271971689,7.166827018596709,7.650436376839437,1,1.1323385297548318
4.216291709949352,0.018147798722600184,0.6873202789007015,0.08180561212503616,61146.776800819,5,2026W16_2A_0056_4,0.9999001756553207,7.659973081468143,7.057572760166313,1,3.382504380224109
1.4451941565635265,0.017476895640568087,0.4127054225742243,0.036196117077510984,61146.776800819,2,2026W16_2A_0056_4,0.9963680909502286,7.487837958293095,7.284028042039434,1,1.1594016498704585
2.0225832918318827,0.024883070720606443,0.5533372376748564,0.03525756780981553,61147.925996583,3,2026W16_2A_0271_1,0.9971608686969325,7.151600520137132,7.513569762110301,1,1.6226099413011494
4.252666261849539,0.01834157608700495,0.5510641839202648,0.0830274316592345,61148.537163597,5,2026W16_2A_0378_1,0.9999438557915373,7.570505649650844,7.824941623533316,1,3.411685729522294
1.4804123055019254,0.018007422738160604,0.40492343226745175,0.03347703479507731,61148.537163597,2,2026W16_2A_0378_1,0.9985310898140022,7.963051042073493,7.939638901722303,1,1.1876552791832535
1.5153348612653212,0.018527912688214358,0.5018195316977596,0.03859488389463719,61148.538655854,2,2026W16_2A_0378_2,0.9977281105882247,7.358936980787239,7.532273853540264,1,1.2156717699681678
4.28938413511441,0.018610134723915508,0.5691609549731426,0.08455239525678,61148.538655854,5,2026W16_2A_0378_2,0.9999823093361757,7.404597241646769,7.537291179195584,1,3.4411425071114405
4.325908464045325,0.018728128981002096,0.5345685598297664,0.07786608810458066,61148.540148099,5,2026W16_2A_0378_3,0.999990867516485,7.193864674608501,7.183983029865532,1,3.470444014476795
1.5530777595509098,0.01890424049782031,0.4273129628464939,0.03406240176284607,61148.540148099,2,2026W16_2A_0378_3,0.9979554620670743,7.713799890604422,7.050325331569002,1,1.2459508700769433
1.5906309280303792,0.019267560371802946,0.4562642458890673,0.03541022077407727,61148.541640356,2,2026W16_2A_0378_4,0.9975898391530443,7.099630589962699,7.444962876458301,1,1.276077760152731
4.363638511938062,0.01889154607155507,0.5729830450601329,0.09210366483763248,61148.541640367,5,2026W16_2A_0378_4,0.8084533268357338,7.045687226980768,7.7132548508453365,1,3.500712805405585
1.1041996343618865,0.013080005718390852,0.36186935194978836,0.03835448872105045,61148.944762242,2,2026W16_2A_0451_1,0.9900681289816401,7.3498717750361156,7.270553983641847,1,0.8858400596565476
3.819274044636826,0.01754787448331826,0.6433857718718187,0.069550392921566,61148.944762242,5,2026W16_2A_0451_1,0.9514040018030434,7.9482431640204005,7.576934948345153,1,3.063998431317149
3.853732459493133,0.017780014183153628,0.5301667835254098,0.06630949649107767,61148.946254499,5,2026W16_2A_0451_2,0.9999273321837817,7.7264985038972736,7.908650544598302,1,3.0916425667814944
1.1304530184200723,0.013556574399946194,0.28995703007868245,0.03766985348389023,61148.946254499,2,2026W16_2A_0451_2,0.9978895232140529,7.677027980594616,7.515803366844773,1,0.9069017396069573
1.1581946505058944,0.013951455349999302,0.2760511050453257,0.0339311915828786,61148.947746756,2,2026W16_2A_0451_3,0.9980699901573764,7.074080424980663,7.6820334192037425,1,0.9291573610155591
3.8876183353364997,0.017922079821156695,0.5379737407532219,0.06723138334422141,61148.947746756,5,2026W16_2A_0451_3,0.999919916642731,7.5866200949645535,7.245942615354229,1,3.1188273849470516
1.1853805428110964,0.014314743404421466,0.3407769302545078,0.036983748911744205,61148.949239002,2,2026W16_2A_0451_4,0.9970975925313095,7.451201945487634,7.7900040848288015,1,0.9509671422471693
3.9211055223492823,0.01806937213337524,0.5533339374754883,0.06951038019485573,61148.949239013,5,2026W16_2A_0451_4,0.9999153821484481,7.3935928813429435,7.459062659905146,1,3.1456923564775634
0.9384357247486311,0.01197170309427636,0.28885857385675023,0.032801446658243506,61149.760918817,1,2026W16_2A_0605_2,0.9988419173782848,7.9262470648831655,7.189478392997589,1,0.7528565782179151
3.1488025519169036,0.046038417898484583,0.571442641906338,0.03171068202435649,61149.760918828,4,2026W16_2A_0605_2,0.9976269941241582,7.988691114730848,7.764650662768739,1,2.5261151639927024
0.9609554522956271,0.01227240097681196,0.2808377150663412,0.032642346401997334,61149.762411074,1,2026W16_2A_0605_3,0.99833603848216,7.23100619625308,7.902486414792634,1,0.7709229460855412
0.9840345094836772,0.012813776837419792,0.2998232628065094,0.035960473786237374,61149.76390333,1,2026W16_2A_0605_4,0.9986188376177461,7.642653709555825,7.73734244166679,1,0.7894380340823725
3.32299317180777,0.047298472623604405,0.5571491065649558,0.03265699321113158,61149.763903342,4,2026W16_2A_0605_4,0.9970103734768742,7.307993164488919,7.520975208506657,1,2.665858942485175
1.214925748752828,0.0146171809937844,0.3515545644527326,0.0370319422924435,61149.895221733,2,2026W16_2A_0629_1,0.8422084891709312,7.829545537772603,7.901335946366667,1,0.9746696740897136
3.990235301688227,0.018316611521495683,0.46740751129858693,0.0719994999048921,61149.896713967,5,2026W16_2A_0629_2,0.9999388713959643,7.049826674293706,7.85380841724088,1,3.2011514654538527
1.2439330452276776,0.01491064795146492,0.37931111110873494,0.03476029910448956,61149.896713979,2,2026W16_2A_0629_2,0.998221804890806,7.1896828879870505,7.96873443094654,1,0.9979406700583053
4.02544152647552,0.018330064729783737,0.4783348149597441,0.06731075802523218,61149.898206236,5,2026W16_2A_0629_3,0.9999848280515083,7.875487531768227,7.939925500949726,1,3.229395528660666
1.2736733987489823,0.015208508062736166,0.4404286660174144,0.036996045296214856,61149.898206247,2,2026W16_2A_0629_3,0.9973562949373546,7.567412336258821,7.919973842694439,1,1.021799758322489
4.061050295500343,0.01836279186423625,0.7015569902367527,0.08135959282245571,61149.899698481,5,2026W16_2A_0629_4,0.9999273880457467,7.612346155888472,7.862393743683064,1,3.257962531488442
1.3044363947215596,0.01563253103520882,0.40741977538181573,0.03496765357353765,61149.899698481,2,2026W16_2A_0629_4,0.9975683265999878,7.853629926450026,7.757341376816936,1,1.0464792576988045
4.400748760081216,0.019174598404311804,1.2654124897067818,0.09992698969969134,61150.641810819,5,2026W17_1B_0129_1,0.615852980408983,7.050443204705202,7.3321379827835464,1,3.5304843642849706
1.6290226278042295,0.019632944386675566,0.4876905312434742,0.04092634615146641,61150.64181083,2,2026W17_1B_0129_1,0.6582762693373084,7.6459649742505675,7.957329454405791,1,1.3068773588481584
0.7368697472301254,0.008742281643833791,0.2118557521942568,0.033054850740247645,61150.916936363,1,2026W17_1B_0177_4,0.9980087604083121,7.712107107863384,7.982436504973524,1,0.5911510206418977
1.0073814271903154,0.01336349603456835,0.34853747812600355,0.03901673185249054,61151.320839905,1,2026W17_1B_0246_1,0.9984138626540018,7.379994104525947,7.546652319508249,1,0.8081680121863742
3.4139070388855,0.04867096343445253,0.5336765846968163,0.032241819802257425,61151.320839916,4,2026W17_1B_0246_1,0.9957389611415545,7.789188590152136,7.4764045786559326,1,2.738794255022463
1.0312555053273584,0.013728422503343935,0.26753986695036536,0.0349621559656343,61151.322332161,1,2026W17_1B_0246_2,0.9986543182325539,7.64737992138517,7.258742110723658,1,0.8273209027896979
1.0557282220960047,0.014093510869407308,0.3962587128035425,0.0359602688542339,61151.323824418,1,2026W17_1B_0246_3,0.9857184715927686,7.013828741199298,7.89035453935249,1,0.8469540490140431
1.08119590905188,0.014473731610390273,0.37170849998838745,0.07376734015708827,61151.325316664,1,2026W17_1B_0246_4,0.9862891947079785,7.392179328917812,7.479888958522126,1,0.8673854063793662
3.696511850561098,0.051381234685732094,0.5768737218484985,0.03342535493164791,61151.325316664,4,2026W17_1B_0246_4,0.9966764145445524,7.181225090599516,7.7054860089207935,1,2.9655129166154017
1.3461542425906905,0.016184276563083234,0.41416832238716433,0.034539847034817404,61151.593336236,2,2026W17_1B_0295_1,0.9978186142655747,7.829804708360474,7.7604930817316,1,1.0799472463623672
1.3784447429247124,0.016524773432961964,0.387921779332456,0.034623657797632316,61151.594828481,2,2026W17_1B_0295_2,0.996973685421581,7.176076508335982,7.5780195952863085,1,1.105852180445016
4.144482661221993,0.018362196645360075,0.5385261005027397,0.07999128052829882,61151.594828481,5,2026W17_1B_0295_2,0.925502628654695,7.438596202241994,7.113893626506564,1,3.3248958373220963
1.3351614906128757,0.016107903258329455,0.35445052668712995,0.03656274624865819,61151.660025796,2,2026W17_1B_0307_1,0.9976097978478686,7.339228337543432,7.652088569287123,1,1.071128351875552
4.096479246141223,0.018399540877065756,0.7676122966463016,0.0847708141595314,61151.660025796,5,2026W17_1B_0307_1,0.999958977568575,7.529619542500521,7.90277294829516,1,3.2863852756848964
0.7543343827050066,0.00916249999377583,0.2751880056515151,0.03319553063730567,61152.338539673,1,2026W17_1B_0435_1,0.9984589763809939,7.060302069416013,7.267468510478174,1,0.6051619596510283
2.452377336457415,0.03132851905140573,0.5327043584194717,0.035920787112480396,61152.338539685,4,2026W17_1B_0435_1,0.9976528402762584,7.285891258709404,7.475188771707524,1,1.967410618898849
0.7717064520606056,0.009583410447173717,0.2163166733171527,0.03214744681519562,61152.340031942,1,2026W17_1B_0435_2,0.9978070632990839,7.158145026379795,7.752347993977253,1,0.6190986378344209
2.5149073673744944,0.03680310648574344,0.6033596828305152,0.03309168628554882,61152.340031942,4,2026W17_1B_0435_2,0.9980614027401358,7.215057433298924,7.922952103740792,1,2.0175751041913315
2.5836348235432407,0.03685043238360202,0.5240658903011657,0.0316286193310559,61152.341541942,4,2026W17_1B_0435_3,0.9949677999273326,7.180765196561726,7.399581094400965,1,2.0727114508971045
0.7903793297754886,0.009879291300538256,0.22287406311506694,0.03279624229083494,61152.341541953,1,2026W17_1B_0435_3,0.9982184129949092,7.383912711523882,7.108904862000712,1,0.634078884697544
2.653660686212634,0.037457869424167234,0.5868012228032772,0.032744567833817385,61152.34303421,4,2026W17_1B_0435_4,0.9978074062663083,7.239394111184874,7.803765320179659,1,2.1288894394004285
0.8092055814129616,0.010142676664466065,0.32791083345520966,0.03742537234991016,61152.343034222,1,2026W17_1B_0435_4,0.9987149120807945,7.654392612008964,7.408402323010833,1,0.6491821752209881
3.797774687994344,0.04938757158490763,0.5856550311860178,0.034629950236479946,61152.678116386,4,2026W17_1B_0494_1,0.9973136342498442,7.0382129215331695,7.672970127722824,1,3.046750652221696
1.1074154714786413,0.014864141659185691,0.3983215488806246,0.04031879313787504,61152.678116386,1,2026W17_1B_0494_1,0.9831309441951781,7.472399895822572,7.406386844672735,1,0.8884199530514572
0.8285213716262203,0.010402577319540585,0.23864458138778882,0.03229144856317422,61153.697646016,1,2026W17_2A_0043_1,0.998318857534221,7.2561385464815,7.908719482164745,1,0.6646781962504776
2.7287424362063275,0.03848949705054214,0.5515442531061913,0.03342656120659379,61153.697646016,4,2026W17_2A_0043_1,0.9981401074153958,7.633097854231622,7.369770328697184,1,2.1891234947503633
2.8022879479916236,0.039809191058002846,0.6366064545665091,0.03498803633633304,61153.699138261,4,2026W17_2A_0043_2,0.9983076766942512,7.62636578113195,7.681021096320126,1,2.2481251086976526
0.8484223430256975,0.010676759555781408,0.2927315057602386,0.033928991924638004,61153.699138261,1,2026W17_2A_0043_2,0.998294150755735,7.452987255712005,7.112828346058766,1,0.6806436767153611
2.879472020570521,0.041500510054422096,0.4737277884828177,0.030258210693918052,61153.700630518,4,2026W17_2A_0043_3,0.9976562519453663,7.632708260492901,7.937660694365139,1,2.310045744541132
0.8686485542490151,0.011009049609051465,0.30448684717182894,0.035252808278356126,61153.700630518,1,2026W17_2A_0043_3,0.9982672882421948,7.648223073114831,7.2586084622723375,1,0.6968700796221542
0.8894315842595059,0.011425657772193377,0.268019706041143,0.0337179610757618,61153.702122775,1,2026W17_2A_0043_4,0.997808471441234,7.876139021561819,7.295210029075966,1,0.7135431883349426
0.9163368382663075,0.011731084171499703,0.28640715552065205,0.039277469734121086,61154.040278342,1,2026W17_2A_0117_1,0.8041103026945197,7.738758124200961,7.333249938016449,1,0.7351278285329382
3.063083238109014,0.04547945577950589,0.4644554994790847,0.031119898359942867,61154.040278342,4,2026W17_2A_0117_1,0.9984216350134769,7.047603448056329,7.804958015349744,1,2.4573471625423298
3.1509320319191043,0.04603879259885857,0.5322157480668257,0.031145281200678526,61154.041770587,4,2026W17_2A_0117_2,0.9975394465291121,7.10791848701959,7.799857180459581,1,2.5278235314232687
0.9385619681294306,0.011973289834711019,0.2501361519889164,0.032490460718333225,61154.041770587,1,2026W17_2A_0117_2,0.9982468097065433,7.042545202383759,7.226140500475594,1,0.7529578565017494
3.0401436358638563,0.04390379295363868,0.5517747158170152,0.03158572369121204,61154.178667196,4,2026W17_2A_0149_1,0.9976871400577773,7.068605853883515,7.988701599138537,1,2.438943951756002
0.9107139209757247,0.011794408414905748,0.2535270915902931,0.03287408810305005,61154.178667196,1,2026W17_2A_0149_1,0.9975665424385587,7.546965509276907,7.094878514108995,1,0.7306168639997792
4.733490983679452,0.01832932231057533,0.6477216940928427,0.11890656701178623,61163.881928458,6,2026W18_2A_0872_1,0.9999871489822764,7.0074313117686025,7.859075353907887,1,3.79742557856354
2.0392185317976534,0.025291395170841256,0.5912920491813756,0.03689401172269812,61163.881928469,3,2026W18_2A_0872_1,0.988843065237442,7.515197906690901,7.582174224525287,1,1.6359555008404763
1.4113564248505912,0.016957088758720318,0.3402084510215459,0.035417382288782814,61167.275244962,2,2026W19_1A_1180_1,0.9973275071072316,7.700494617095529,7.6566147004033756,1,1.1322554551549067
4.1796885730124345,0.01830198765459697,0.5605058398014652,0.08427965970421751,61167.275244962,5,2026W19_1A_1180_1,0.9999712041942763,7.420871173666512,7.320767099061969,1,3.353139649428347
4.216281684860996,0.018148627751955894,0.7869847796221768,0.08799873169413597,61167.888917034,5,2026W19_2A_0151_1,0.9999391385979479,7.413122088924798,7.217530993598449,1,3.3824963376341723
1.4449479705266546,0.01747303918791106,0.40450146846800883,0.03747148717062922,61167.888917034,2,2026W19_2A_0151_1,0.9962695678274958,7.265742515452487,7.423745706758867,1,1.159204148035824
4.252936787738887,0.01834533287214117,0.7164982404287029,0.08461197230221636,61168.160045506,5,2026W19_2A_0251_1,0.9999838553371846,7.936487761159949,7.997430782225306,1,3.411902757913267
1.4797433118805325,0.0179969031013034,0.45683774882579775,0.036025781679279965,61168.160045506,2,2026W19_2A_0251_1,0.9984657608702436,7.358709491050369,7.116068975757017,1,1.1871185815327177
4.289003384793384,0.0186089478982399,0.4880950337562803,0.08222752921539422,61168.499622312,5,2026W19_2A_0374_1,0.9999708403490282,7.191116062864515,7.766987679704975,1,3.4408370515791287
1.5159382357682207,0.018536928736264956,0.5550793779893364,0.03833495508112299,61168.499622312,2,2026W19_2A_0374_1,0.9974619097197187,7.155886622550841,7.730099821111997,1,1.216155824924365
0.9608393129993931,0.012269726372648294,0.24975333805701191,0.03185742638982487,61169.385488747,1,2026W19_2A_0725_1,0.9985719862357914,7.104318935460456,7.038896421798809,1,0.7708297737660594
0.9839611174658593,0.012812296270258816,0.32544911104603613,0.03437312285401681,61169.790529372,1,2026W19_2A_0888_1,0.997928432311277,7.324728894758748,7.996418225398292,1,0.789379155608391
3.324807277596705,0.047322264118585325,0.5340845038864268,0.031678419626508414,61169.790529372,4,2026W19_2A_0888_1,0.9975566021175287,7.938031901618657,7.7709624420717915,1,2.667314302123309
3.4106860317460157,0.04861024019552227,0.6027333629266339,0.03576299230318641,61170.400168817,4,2026W19_2A_1124_1,0.9957175083838972,7.27927064484788,7.711325571761414,1,2.7362102139960016
1.0073147464087762,0.013363457709148948,0.32261532360386147,0.03513684710870309,61170.400168828,1,2026W19_2A_1124_1,0.9638431342038689,7.834009630082539,7.809926917688646,1,0.808114517776796
3.5049353818484086,0.04988585534712002,0.6134721382961413,0.03482191006569852,61171.145408145,4,2026W20_1A_0051_1,0.997771918654651,7.549085995074361,7.488514645016798,1,2.8118214054138857
1.0313169591286198,0.013729381384667108,0.33891391857572484,0.0391158462880902,61171.145408157,1,2026W20_1A_0051_1,0.9982640344361313,7.327316691868643,7.4356950008331655,1,0.8273702038737423
1.0555699058338899,0.01409156024807769,0.304447673078564,0.03704165236950981,61171.695623898,1,2026W20_1A_0265_1,0.9660149043657893,7.662076391733944,7.88842902801386,1,0.8468270403801764
3.6985337385614314,0.051381585686502536,0.5571765598371868,0.034474568339055024,61172.03335318,4,2026W20_1A_0398_1,0.9972726893045569,7.931910652583673,7.839552578208689,1,2.967134968761678
1.0810768207344212,0.014472068141346663,0.37063126374373645,0.0526856980651082,61172.03335318,1,2026W20_1A_0398_1,0.9848942407515874,7.1566236548893585,7.626591836970073,1,0.8672898682185489
