oid,tid,mjd,candid,fid,pid,diffmaglim,isdiffpos,nid,distnr,magpsf,magpsf_corr,magap,sigmapsf,sigmapsf_corr,sigmapsf_corr_ext,sigmagap,ra,dec,rb,rbversion,drb,magapbig,sigmagapbig,rfid,has_stamp,corrected,dubious,step_id_corr,phase,parent_candid
ZTF18abvenxw,ztf,58379.359895799775,625359894015015014,1,625359894015,20.857306,1,625,0.3781167,20.53174,17.776583,20.3418,0.1935638,100.0,0.01530247,0.2538,8.4696123,20.3511023,0.78,t8_f5_c3,0.0,20.3834,0.3288,551120140.0,False,True,False,bulk_1.0.0,0.0,6.43359204015015e+17
ZTF18abvenxw,ztf,58382.41177080013,628411774015015008,1,628411774015,20.3201,1,628,0.366478,20.2016,17.7465,20.3673,0.315091,0.021197552,0.032839485,0.4185,8.4696584,20.3511595,0.603333,t12_f5_c3,,20.5132,0.6077,,False,True,False,bulk_1.0.0,0.0,6.43359204015015e+17
ZTF18abvenxw,ztf,58397.359201400075,643359204015015020,1,643359204015,20.889616,1,643,0.4757675,20.11044,17.736635,20.3206,0.19052307,100.0,0.021400604,0.2499,8.4696609,20.351106,0.79333335,t8_f5_c3,0.0,20.4722,0.358,551120140.0,True,True,False,bulk_1.0.0,0.0,0.0
ZTF18abvenxw,ztf,58428.214259299915,674214254015015000,1,674214254015,20.8295,1,674,0.371291,20.2979,17.756147,19.8521,0.184024,100.0,0.017708167,0.1632,8.4696516,20.3511418,0.65,t12_f5_c3,,19.5867,0.1594,,False,True,False,bulk_1.0.0,0.0,6.80194904015015e+17
ZTF18abvenxw,ztf,58431.21324069984,677213244015015008,1,677213244015,20.2399,1,677,0.434197,20.15,17.741007,19.6188,0.210086,100.0,0.022845453,0.1511,8.4695378,20.3513158,0.56,t12_f5_c3,,19.5993,0.186,,False,True,False,bulk_1.0.0,0.0,6.80194904015015e+17
ZTF18abvenxw,ztf,58434.194907399826,680194904015015030,2,680194904015,20.125587,1,680,0.46835464,20.02704,17.530249,19.9027,0.20549026,100.0,0.020609852,0.2521,8.4695431,20.3510808,0.62333333,t8_f5_c3,0.0,19.6927,0.2625,551120240.0,True,True,False,bulk_1.0.0,0.0,0.0
ZTF18abvenxw,ztf,58643.45733800018,889457334015010004,1,889457334015,20.0899,-1,889,0.266745,19.9641,18.035826,19.7483,0.21877,0.017321954,0.037040625,0.2157,8.4694962,20.3512438,0.892857,t17_f5_c3,,19.7683,0.2785,,False,True,False,bulk_1.0.0,0.0,9.1842870401501e+17
ZTF18abvenxw,ztf,58665.45402779989,911454024015010004,2,911454024015,20.5375,-1,911,0.327666,20.2848,17.744917,20.3409,0.219439,100.0,0.021152442,0.3649,8.4694762,20.3512212,0.841429,t17_f5_c3,,19.8778,0.3009,,False,True,False,bulk_1.0.0,0.0,9.2445027401501e+17
ZTF18abvenxw,ztf,58672.42870370019,918428704015010012,1,918428704015,20.799175,-1,918,0.20373328,20.238186,17.995571,20.4558,0.1874539,100.0,0.023760132,0.2915,8.4695126,20.351157,0.94857144,t17_f5_c3,0.9999844,20.4936,0.3775,551120140.0,False,True,False,bulk_1.0.0,0.0,9.2445027401501e+17
ZTF18abvenxw,ztf,58675.44972220017,921449724015010007,1,921449724015,20.6657,-1,921,0.277608,20.3052,17.987364,20.737,0.238155,100.0,0.02816598,0.4352,8.4694932,20.3512451,0.92,t17_f5_c3,,20.2275,0.3431,,False,True,False,bulk_1.0.0,0.0,9.2445027401501e+17
ZTF18abvenxw,ztf,58678.450277800206,924450274015010005,1,924450274015,20.559801,-1,924,0.15232743,20.211418,17.999012,20.4098,0.21307728,100.0,0.02776993,0.3536,8.4695193,20.3512127,0.93285716,t17_f5_c3,0.9998876,20.0116,0.3102,551120140.0,True,True,False,bulk_1.0.0,0.0,0.0
ZTF18abvenxw,ztf,58733.45263889991,979452634015010007,1,979452634015,20.664,-1,979,1.43526,20.5304,,20.7695,0.420565,,,0.4469,8.4698315,20.3508801,0.541429,t17_f5_c3,,20.5474,0.4588,,False,False,True,bulk_1.0.0,0.0,9.9529707401501e+17
ZTF18abvenxw,ztf,58749.2970718001,995297074015010002,2,995297074015,20.669807,-1,995,0.048237473,20.00313,17.776365,19.7842,0.18488808,100.0,0.023779528,0.2078,8.4695653,20.3511939,0.83,t17_f5_c3,0.99796224,19.7561,0.2548,551120240.0,True,True,False,bulk_1.0.0,0.0,0.0
ZTF18abvenxw,ztf,59356.471817099955,1602471814015010005,2,1602471814015,19.611267,-1,1602,0.66849524,19.572224,17.84662,19.5784,0.20284614,0.027080115,0.041392893,0.2846,8.4693729,20.3512196,0.8971428,t17_f5_c3,0.98935735,19.6102,0.374,551120240.0,True,True,False,correction_0.0.1,0.0,
ZTF18abvenxw,ztf,59356.47322920011,1602473224015010002,2,1602473224015,19.6894,-1,1602,0.370245,19.5426,17.852766,19.5405,0.253025,0.043084536,0.053361725,0.2758,8.4696047,20.3511056,0.837143,t17_f5_c3,,19.3219,0.2878,,False,True,False,correction_0.0.1,0.0,
ZTF18abvenxw,ztf,59356.47465279978,1602474654015010002,2,1602474654015,19.682907,-1,1602,0.71720046,19.425034,17.879274,19.4911,0.17688715,0.027817644,0.04259833,0.2733,8.4697023,20.351044,0.9085714,t17_f5_c3,0.9977536,19.516,0.357,551120240.0,True,True,False,correction_0.0.1,0.0,
ZTF18abvenxw,ztf,59356.47606479982,1602476064015010004,2,1602476064015,19.61791,-1,1602,0.56938744,19.24865,17.926405,19.4935,0.18077944,0.041541576,0.05348735,0.2842,8.4697413,20.351177,0.93285716,t17_f5_c3,0.99835217,19.2658,0.2944,551120240.0,True,True,False,correction_0.0.1,0.0,
ZTF18abvenxw,ztf,59357.47612270014,1603476124015010004,2,1603476124015,19.612597,-1,1603,0.8190621,19.464102,17.870071,19.71,0.17751014,0.025468508,0.040889453,0.3403,8.4698176,20.3511809,0.91,t17_f5_c3,0.9991448,19.6211,0.4007,551120240.0,True,True,False,correction_0.0.1,0.0,
ZTF18abvenxw,ztf,59357.477534700185,1603477534015010002,2,1603477534015,19.701653,-1,1603,0.038842548,19.483215,17.865717,19.4908,0.15792687,0.015883103,0.035600536,0.2853,8.4695781,20.3512147,0.9714286,t17_f5_c3,0.99982494,19.3701,0.3262,551120240.0,True,True,False,correction_0.0.1,0.0,
ZTF18abvenxw,ztf,59385.430208299775,1631430204015010007,1,1631430204015,20.186018,-1,1631,0.2579779,19.486212,18.142553,19.7065,0.15588236,0.027203588,0.045220315,0.205,8.4695884,20.3511286,0.92142856,t17_f5_c3,0.9999987,19.819,0.2884,551120140.0,True,True,False,correction_0.0.1,0.0,
ZTF18abvenxw,ztf,59390.45288190013,1636452884015010003,1,1636452884015,19.42373,-1,1636,0.19926772,19.431833,18.158852,19.8588,0.21046138,0.053862687,0.0651598,0.5597,8.4694976,20.3512057,0.9,t17_f5_c3,0.9999285,19.9539,0.7839,551120140.0,True,True,False,correction_0.0.1,0.0,
ZTF18abvenxw,ztf,59393.45418980019,1639454184015010003,2,1639454184015,19.92595,-1,1639,0.20492901,19.733042,17.81654,19.5643,0.19272104,0.0126830395,0.032985903,0.2938,8.4696291,20.3511819,0.93142855,t17_f5_c3,0.99945027,19.6729,0.4149,551120240.0,True,True,False,correction_0.0.1,0.0,
ZTF18abvenxw,ztf,59395.43567130016,1641435674015010002,1,1641435674015,19.4195,-1,1641,0.326443,19.7936,18.067543,19.8311,0.274728,0.044763476,0.056037672,0.5524,8.469463,20.3511695,0.91,t17_f5_c3,,19.5892,0.5669,,False,True,False,correction_0.0.1,0.0,
ZTF18abvenxw,ztf,59399.42019680003,1645420194015010006,1,1645420194015,20.197836,-1,1645,0.25095335,19.701904,18.087238,19.4984,0.15171202,100.0,0.034288924,0.2066,8.4696219,20.3512309,0.9285714,t17_f5_c3,0.9999013,19.3685,0.2334,551120140.0,True,True,False,correction_0.0.1,0.0,
ZTF18abvenxw,ztf,59401.41603010008,1647416034015010007,1,1647416034015,20.377502,-1,1647,0.098740675,19.757524,18.075054,19.9096,0.18545376,0.019957481,0.039377414,0.2202,8.4695311,20.3512084,0.94285715,t17_f5_c3,0.99995434,19.7803,0.2474,551120140.0,True,True,False,correction_0.0.1,0.0,
ZTF18abvenxw,ztf,59401.461412000004,1647461414015010004,2,1647461414015,20.269949,-1,1647,0.48340207,19.754902,17.812841,20.0724,0.20371684,0.015457855,0.034056738,0.2917,8.4696965,20.3511332,0.92714286,t17_f5_c3,0.99999714,20.0774,0.371,551120240.0,True,True,False,correction_0.0.1,0.0,
ZTF18abvenxw,ztf,59404.40792819997,1650407924015010003,1,1650407924015,20.2643,-1,1650,0.165199,19.6649,18.095778,19.507,0.22744,0.04094559,0.053606573,0.195,8.4695464,20.35124,0.921429,t17_f5_c3,,19.5706,0.2624,,False,True,False,correction_0.0.1,0.0,
ZTF18abvenxw,ztf,59406.46241899999,1652462414015010002,2,1652462414015,20.42814,-1,1652,0.18953125,19.842041,17.798933,20.2308,0.1686811,100.0,0.025693502,0.3485,8.4695827,20.3511593,0.9357143,t17_f5_c3,0.99996865,19.9888,0.3527,551120240.0,True,True,False,correction_0.0.1,0.0,
ZTF18abvenxw,ztf,59409.4241204001,1655424124015010004,1,1655424124015,20.492867,-1,1655,0.25409904,19.69848,18.088015,20.0248,0.17121354,0.018136349,0.038846474,0.2611,8.469536,20.3512637,0.94285715,t17_f5_c3,0.9998952,20.1106,0.3572,551120140.0,True,True,False,correction_0.0.1,0.0,
ZTF18abvenxw,ztf,59409.4601619998,1655460164015010002,2,1655460164015,20.5489,-1,1655,0.133556,19.7555,17.812742,19.9256,0.247968,0.028204937,0.041427825,0.2528,8.4696113,20.3512164,0.688571,t17_f5_c3,,19.645,0.2466,,False,True,False,correction_1.0.6,0.0,1.67445300401501e+18
ZTF18abvenxw,ztf,59428.453009299934,1674453004015010003,1,1674453004015,20.564768,-1,1674,0.17626035,19.756414,18.075289,19.8477,0.13870136,100.0,0.029487005,0.214,8.4695069,20.3512196,0.94142854,t17_f5_c3,0.99999094,19.9715,0.3037,551120140.0,True,True,False,correction_1.0.6,0.0,
ZTF18abvenxw,ztf,59428.467650500126,1674467654015010003,2,1674467654015,20.625727,-1,1674,0.27374527,19.891157,17.791643,20.0128,0.18822664,100.0,0.027219206,0.2567,8.4695447,20.3511373,0.8242857,t17_f5_c3,0.99994946,19.991,0.3176,551120240.0,True,True,False,correction_1.0.6,0.0,
ZTF18abvenxw,ztf,59434.36954860017,1680369544015010002,2,1680369544015,20.667652,-1,1680,0.16611879,19.825838,17.801422,19.7534,0.1551518,100.0,0.024043107,0.1902,8.4696183,20.3511859,0.8442857,t17_f5_c3,0.99995404,19.8406,0.2592,551120240.0,True,True,False,correction_1.0.6,0.0,
ZTF18abvenxw,ztf,59434.43733800016,1680437334015010006,1,1680437334015,20.774214,-1,1680,0.2266935,19.842438,18.057848,19.856,0.20139994,0.019969644,0.038924526,0.1733,8.4694948,20.351181,0.9185714,t17_f5_c3,0.99999464,19.849,0.2162,551120140.0,True,True,False,correction_1.0.6,0.0,
ZTF18abvenxw,ztf,59436.38274310017,1682382744015010003,2,1682382744015,20.663282,-1,1682,0.15300041,19.858034,17.796518,19.8673,0.14969954,100.0,0.022418877,0.2183,8.4696178,20.3512149,0.8428571,t17_f5_c3,0.998115,19.6377,0.2223,551120240.0,True,True,False,correction_1.0.6,0.0,
ZTF18abvenxw,ztf,59436.425740700215,1682425744015010005,1,1682425744015,20.7805,-1,1682,0.28040215,19.843246,18.057692,19.6727,0.1667683,100.0,0.032202642,0.1537,8.4695305,20.3512703,0.8457143,t17_f5_c3,0.99998474,19.5277,0.169,551120140.0,True,True,False,correction_1.0.6,0.0,
ZTF18abvenxw,ztf,59439.39260420017,1685392604015010002,2,1685392604015,20.46317,-1,1685,0.23306257,19.917429,17.787895,20.2891,0.20008144,100.0,0.028144505,0.3762,8.4696044,20.351264,0.8757143,t17_f5_c3,0.99934304,19.9729,0.3559,551120240.0,True,True,False,correction_1.0.6,0.0,
ZTF18abvenxw,ztf,59442.424618099816,1688424614015010002,2,1688424614015,20.588774,-1,1688,0.23740263,19.810844,17.803764,19.5492,0.16206956,100.0,0.025519347,0.1677,8.4696048,20.3511489,0.9114286,t17_f5_c3,0.9989196,19.3737,0.1799,551120240.0,True,True,False,correction_1.0.6,0.0,
ZTF18abvenxw,ztf,59446.37935189996,1692379354015010002,2,1692379354015,19.80465,-1,1692,0.3349252,19.775455,17.809444,19.4207,0.19791843,0.011504466,0.03236544,0.2701,8.4695791,20.3511114,0.92714286,t17_f5_c3,0.9996418,19.7762,0.4791,551120240.0,True,True,False,correction_1.0.6,0.0,
ZTF18abvenxw,ztf,59446.457893500105,1692457894015010002,1,1692457894015,20.4714,-1,1692,0.318236,20.0113,18.028034,19.9445,0.241494,0.021309547,0.038868725,0.2451,8.4694714,20.3512389,0.932857,t17_f5_c3,,20.2669,0.4178,,False,True,False,correction_1.0.6,0.0,1.69934033401501e+18
ZTF18abvenxw,ztf,59453.34033560008,1699340334015010003,2,1699340334015,20.120531,-1,1699,0.20430437,19.835672,17.799906,19.8854,0.16980138,100.0,0.026039636,0.3554,8.4695525,20.3511566,0.79142857,t17_f5_c3,0.99919283,20.0152,0.5112,551120240.0,True,True,False,correction_1.0.6,0.0,
ZTF18abvenxw,ztf,59453.39034719998,1699390344015010004,1,1699390344015,20.0061,-1,1699,0.46011,19.9129,18.044739,20.0796,0.253859,0.031209625,0.04542844,0.4396,8.4695292,20.3513218,0.817143,t17_f5_c3,,19.6704,0.3857,,False,True,False,correction_1.0.6,0.0,1.70536195401501e+18
ZTF18abvenxw,ztf,59459.36195599986,1705361954015010002,2,1705361954015,20.776772,-1,1705,0.3156967,19.89346,17.791311,19.9958,0.12530899,100.0,0.018076848,0.2104,8.4696394,20.3511473,0.9128571,t17_f5_c3,0.99998283,19.7764,0.2154,551120240.0,True,True,False,correction_1.0.6,0.0,
ZTF18abvenxw,ztf,59461.412835599855,1707412834015010007,1,1707412834015,20.807611,-1,1707,0.30550745,19.830173,18.060234,19.7199,0.18270041,0.012636703,0.03579017,0.1512,8.4694687,20.3512178,0.9085714,t17_f5_c3,0.99992245,19.7566,0.1967,551120140.0,True,True,False,correction_1.0.6,0.0,
ZTF18abvenxw,ztf,59463.369363400154,1709369364015010006,1,1709369364015,20.84785,-1,1709,0.12572879,19.675346,18.093332,19.7113,0.15412273,0.009842417,0.035897247,0.1467,8.4695611,20.3512344,0.91,t17_f5_c3,0.99999994,19.7578,0.192,551120140.0,True,True,False,correction_1.0.6,0.0,
ZTF18abvenxw,ztf,59463.380335600115,1709380334015010002,2,1709380334015,20.734829,-1,1709,0.13404506,19.63331,17.834568,19.6157,0.10918894,100.0,0.020829624,0.1614,8.4695514,20.3511774,0.87142855,t17_f5_c3,0.99996144,19.4875,0.1803,551120240.0,True,True,False,correction_1.0.6,0.0,
ZTF18abvenxw,ztf,59465.361840299796,1711361844015010002,2,1711361844015,20.4887,-1,1711,0.223205,19.7262,17.817715,19.7941,0.130166,100.0,0.022444174,0.2106,8.469619,20.3511641,0.948571,t17_f5_c3,,19.4333,0.1909,,False,True,False,correction_1.0.6,0.0,1.71140331401501e+18
ZTF18abvenxw,ztf,59465.4033102002,1711403314015010007,1,1711403314015,20.712769,-1,1711,0.16878675,19.678026,18.092709,19.9689,0.15402797,0.009425998,0.035766203,0.2032,8.4695126,20.3512198,0.92142856,t17_f5_c3,0.99999994,20.1725,0.3086,551120140.0,True,True,False,correction_1.0.6,0.0,
ZTF18abvenxw,ztf,59467.42546299985,1713425464015010004,1,1713425464015,20.709734,-1,1713,0.25001794,19.667757,18.095108,19.7821,0.16087109,0.015254959,0.037793607,0.1744,8.4695004,20.3512426,0.9057143,t17_f5_c3,0.99989897,19.8467,0.2332,551120140.0,True,True,False,correction_1.0.6,0.0,
ZTF18abvenxw,ztf,59470.3958101999,1716395814015010005,1,1716395814015,20.706676,-1,1716,0.25586542,19.762365,18.074028,19.7183,0.17073478,0.012246914,0.036056798,0.1637,8.4694803,20.3511996,0.9357143,t17_f5_c3,0.99996954,19.4868,0.1668,551120140.0,True,True,False,correction_1.0.6,0.0,
ZTF18abvenxw,ztf,59474.38532410003,1720385324015010005,1,1720385324015,20.23275,-1,1720,0.17116793,19.615269,18.107817,19.6705,0.1641607,0.0212886,0.040953226,0.2429,8.4695086,20.3512157,0.93285716,t17_f5_c3,0.99968326,19.679,0.3122,551120140.0,True,True,False,correction_1.0.6,0.0,
ZTF18abvenxw,ztf,59477.277407399844,1723277404015010003,2,1723277404015,19.78991,-1,1723,0.2723374,19.558369,17.84947,19.6105,0.1688187,0.015447905,0.034983337,0.3874,8.4695194,20.3511476,0.89,t17_f5_c3,0.99984986,19.5842,0.4844,551120240.0,True,True,False,correction_1.0.6,0.0,
ZTF18abvenxw,ztf,59477.31568290014,1723315684015010002,1,1723315684015,19.4035,-1,1723,0.613651,19.6864,18.090773,19.4926,0.276193,0.053381696,0.06352748,0.4183,8.4694118,20.3512954,0.807143,t17_f5_c3,,19.1946,0.408,,False,True,False,correction_1.0.6,0.0,1.73426535401501e+18
ZTF18abvenxw,ztf,59488.26535880007,1734265354015010003,1,1734265354015,20.55959,-1,1734,0.12110028,19.878056,18.051096,19.6616,0.17418696,100.0,0.032376662,0.1659,8.4695587,20.3512322,0.92142856,t17_f5_c3,0.9999845,19.7492,0.2274,551120140.0,True,True,False,correction_1.0.6,0.0,
ZTF18abvenxw,ztf,59488.32059030002,1734320594015010001,2,1734320594015,20.605312,-1,1734,0.24283758,19.996265,17.777252,19.8582,0.1824587,100.0,0.023635192,0.2193,8.4695964,20.3511459,0.92142856,t17_f5_c3,0.9999772,20.2758,0.4066,551120240.0,True,True,False,correction_1.0.6,0.0,
ZTF18abvenxw,ztf,59497.30233799992,1743302334015010000,2,1743302334015,20.57492,-1,1743,0.2393208,19.863806,17.795656,19.6655,0.17483814,100.0,0.026024131,0.1842,8.4696448,20.3512113,0.91,t17_f5_c3,0.99999416,19.4793,0.196,551120240.0,True,True,False,correction_1.0.6,0.0,
ZTF18abvenxw,ztf,59501.41206019977,1747412064015010003,1,1747412064015,20.540237,-1,1747,0.30737573,19.819923,18.062254,19.6084,0.20900445,0.024273852,0.041408315,0.1771,8.469479,20.351155,0.9342857,t17_f5_c3,0.9999908,19.5533,0.2134,551120140.0,True,True,False,correction_1.0.6,0.0,
ZTF18abvenxw,ztf,59503.21668979991,1749216684015010002,1,1749216684015,19.713911,-1,1749,0.44789276,19.506392,18.136768,19.7226,0.17313151,0.0333714,0.049037356,0.3577,8.4694326,20.3511476,0.95428574,t17_f5_c3,0.99976325,19.901,0.5402,551120140.0,True,True,False,correction_1.0.6,0.0,
ZTF18abvenxw,ztf,59503.28466439992,1749284664015010000,2,1749284664015,19.865969,-1,1749,0.6558975,19.704102,17.821571,19.9408,0.18748853,0.01266671,0.03311027,0.395,8.4695042,20.3510327,0.92142856,t17_f5_c3,0.99995804,19.4396,0.3182,551120240.0,True,True,False,correction_1.0.6,0.0,
ZTF18abvenxw,ztf,59505.21207180014,1751212074015010003,1,1751212074015,19.4601,-1,1751,0.595827,19.6751,18.093388,20.0627,0.240488,0.04412843,0.056028407,0.6623,8.4693902,20.3511405,0.872857,t17_f5_c3,,19.466,0.4906,,False,True,False,correction_1.0.6,0.0,1.75124004401501e+18
ZTF18abvenxw,ztf,59505.240046299994,1751240044015010000,2,1751240044015,19.70383,-1,1751,0.37231928,19.615297,17.838037,19.6074,0.17470261,0.013816344,0.033993475,0.3904,8.4696494,20.3511351,0.89857143,t17_f5_c3,0.999276,20.1747,0.8441,551120240.0,True,True,False,correction_1.0.6,0.0,
ZTF18abvenxw,ztf,59512.29304399993,1758293044015010002,2,1758293044015,20.2762,-1,1758,0.369573,19.9655,17.781301,20.7155,0.213721,100.0,0.028586956,0.6368,8.4695951,20.3511039,0.737143,t17_f5_c3,,20.439,0.6284,,False,True,False,correction_1.0.6,0.0,1.76725649401501e+18
ZTF18abvenxw,ztf,59521.256493099965,1767256494015010004,2,1767256494015,20.706009,-1,1767,0.35833108,19.997652,17.777073,20.1833,0.13852465,100.0,0.017918233,0.2777,8.469607,20.3511169,0.88285714,t17_f5_c3,0.9967383,20.0536,0.3104,551120240.0,True,True,False,correction_1.0.6,0.0,
ZTF18abvenxw,ztf,59523.19417819986,1769194174015010006,1,1769194174015,20.785948,-1,1769,0.043090373,19.920849,18.043325,20.0813,0.19036642,0.007335543,0.03377387,0.2116,8.469556,20.351207,0.9085714,t17_f5_c3,0.9999935,20.1445,0.282,551120140.0,True,True,False,correction_1.0.6,0.0,
ZTF18abvenxw,ztf,59525.21086810017,1771210864015010008,1,1771210864015,20.793621,-1,1771,0.10438571,19.880308,18.050678,19.8862,0.13789137,100.0,0.02556732,0.1725,8.4695258,20.3512004,0.9114286,t17_f5_c3,0.9999841,19.8371,0.207,551120140.0,True,True,False,correction_1.0.6,0.0,
ZTF18abvenxw,ztf,59527.21210649982,1773212104015010005,1,1773212104015,20.66324,-1,1773,0.24770887,19.780012,18.070337,19.793,0.17021826,0.010005937,0.03524816,0.1877,8.4694911,20.3511657,0.94285715,t17_f5_c3,0.99999124,19.7662,0.2314,551120140.0,True,True,False,correction_1.0.6,0.0,
ZTF18abvenxw,ztf,59530.139398099855,1776139394015010002,1,1776139394015,19.854763,-1,1776,0.2550434,19.565447,18.12061,19.774,0.18128498,0.032283537,0.04791009,0.2777,8.4694853,20.3512235,0.9514286,t17_f5_c3,0.9985515,19.8536,0.3818,551120140.0,True,True,False,correction_1.0.6,0.0,
ZTF18abvenxw,ztf,59532.13155090017,1778131554015010001,2,1778131554015,20.034283,-1,1778,0.25639927,19.725668,17.817806,20.0398,0.2167338,0.021651966,0.03739231,0.4183,8.4696357,20.3512469,0.7214286,t17_f5_c3,0.99966705,20.1363,0.5839,551120240.0,True,True,False,correction_1.0.6,0.0,
ZTF18abvenxw,ztf,59540.30413189996,1786304134015010004,1,1786304134015,19.1069,-1,1786,0.453796,19.4762,18.145472,19.6774,0.309415,0.083300695,0.0908344,0.3819,8.4696548,20.3511061,0.7,t17_f5_c3,,19.2483,0.3297,,False,True,False,correction_1.0.6,0.0,1.79612822401501e+18
ZTF18abvenxw,ztf,59550.12822919991,1796128224015010002,2,1796128224015,20.36185,-1,1796,0.3680832,19.886604,17.792303,19.9322,0.20851038,0.0055870824,0.030297525,0.2539,8.4695902,20.3511036,0.9014286,t17_f5_c3,0.999997,20.0694,0.3648,551120240.0,True,True,False,correction_1.0.6,0.0,
ZTF18abvenxw,ztf,59550.22250000015,1796222504015010005,1,1796222504015,20.594538,-1,1796,0.11500099,19.784685,18.069372,20.0093,0.1582158,100.0,0.03259304,0.2338,8.4695862,20.3511776,0.94142854,t17_f5_c3,0.9999825,20.0721,0.3134,551120140.0,True,True,False,correction_1.0.6,0.0,
ZTF18abvenxw,ztf,59930.212754600216,2176212754015010004,1,2176212754015,20.213,-1,2176,0.228706,19.9608,18.036386,20.4297,0.230352,0.021422293,0.039140493,0.4352,8.4695288,20.3511348,0.921429,t17_f5_c3,,20.3736,0.5259,,False,True,False,1.1.6,0.0,2.18116181401501e+18
ZTF18abvenxw,ztf,59930.27743060002,2176277434015010009,2,2176277434015,19.7546,-1,2176,0.954018,19.7525,17.813244,19.7018,0.217972,0.020325856,0.036534075,0.2902,8.4694464,20.3509648,0.817143,t17_f5_c3,,19.4692,0.2988,,False,True,False,1.1.6,0.0,2.18116181401501e+18
ZTF18abvenxw,ztf,59935.1618170999,2181161814015010003,2,2181161814015,20.193865,-1,2181,0.1813232,19.771978,17.810013,19.489,0.19111224,0.008239691,0.03136913,0.2169,8.469592,20.3511577,0.9342857,t17_f5_c3,0.9998838,19.2544,0.2225,551120240.0,True,True,False,1.1.6,0.0,
ZTF18abvenxw,ztf,59935.19596059993,2181195964015010003,1,2181195964015,20.429491,-1,2181,0.37005126,19.674679,18.093489,19.8165,0.14460985,100.0,0.033707116,0.2291,8.469525,20.3511007,0.95285714,t17_f5_c3,0.9999836,19.7168,0.2657,551120140.0,True,True,False,1.1.6,0.0,
ZTF18abvenxw,ztf,59951.19545139978,2197195454015010006,1,2197195454015,19.0064,-1,2197,0.509651,19.1642,18.257133,19.0261,0.222613,0.08780206,0.09654363,0.2959,8.4694838,20.3510692,0.572857,t17_f5_c3,,19.1457,0.424,,False,True,False,1.1.6,0.0,2.20213634401501e+18
ZTF18abvenxw,ztf,59956.13634259999,2202136344015010004,2,2202136344015,19.777916,-1,2202,0.7424927,19.281374,17.916908,19.3902,0.13468541,0.018805575,0.03832961,0.2186,8.4696045,20.3510034,0.93714285,t17_f5_c3,0.9999453,19.2584,0.2469,551120240.0,True,True,False,1.1.6,0.0,
ZTF18abvenxw,ztf,59958.13677080022,2204136774015010007,2,2204136774015,20.167156,-1,2204,0.40908054,19.183119,17.946577,19.1071,0.10758362,0.0028819658,0.034445245,0.1497,8.4696094,20.3511021,0.94714284,t17_f5_c3,0.99999857,19.227,0.2129,551120240.0,True,True,False,1.1.6,0.0,
ZTF18abvenxw,ztf,59966.13724539988,2212137244015010000,2,2212137244015,19.542383,-1,2212,0.83479726,19.154991,17.955738,19.2038,0.17358053,0.045935176,0.05751749,0.1712,8.4695776,20.3509708,0.54,t17_f5_c3,0.99717605,19.2068,0.219,551120240.0,True,True,False,1.1.6,0.0,
ZTF18abvenxw,ztf,59968.124849500135,2214124844015010002,1,2214124844015,19.954073,-1,2214,0.34445354,19.155468,18.260944,19.204,0.14769004,0.050750125,0.064795025,0.1518,8.4696014,20.3511075,0.9185714,t17_f5_c3,0.999998,19.0242,0.1638,551120140.0,True,True,False,1.1.6,0.0,
ZTF18abvenxw,ztf,59968.15898150019,2214158984015010005,2,2214158984015,19.893787,-1,2214,0.5027611,19.400623,17.885235,19.4622,0.18794097,0.03337787,0.046544287,0.2229,8.4696504,20.3510905,0.9514286,t17_f5_c3,0.9999949,19.3684,0.2606,551120240.0,True,True,False,1.1.6,0.0,
ZTF18abvenxw,ztf,59970.14006939996,2216140064015010000,2,2216140064015,19.4089,-1,2216,0.771318,19.4154,17.881607,19.1261,0.228873,0.045391526,0.055728532,0.1771,8.4696174,20.3509926,0.424286,t17_f5_c3,,19.2838,0.2614,,False,True,False,1.1.6,0.0,2.21615715401501e+18
ZTF18abvenxw,ztf,59970.15715279989,2216157154015010001,1,2216157154015,19.22165,-1,2216,0.9046155,19.069784,18.300781,19.3461,0.1997217,0.089042366,0.09836121,0.2299,8.4692943,20.3511314,0.5814286,t17_f5_c3,0.99084234,19.3386,0.2922,551120140.0,True,True,False,1.1.6,0.0,
ZTF18abvenxw,ztf,59972.131226900034,2218131224015010004,1,2218131224015,19.778107,-1,2218,0.1322866,19.131819,18.271484,19.1642,0.13108909,0.04322015,0.059351653,0.2053,8.4695809,20.3511652,0.94285715,t17_f5_c3,0.9999827,19.0954,0.2466,551120140.0,True,True,False,1.1.6,0.0,
ZTF18abvenxw,ztf,59972.20721059991,2218207214015010009,2,2218207214015,18.8559,-1,2218,0.841419,19.2672,17.920977,18.8478,0.329743,0.08934778,0.09543021,0.2242,8.4696048,20.3509707,0.51,t17_f5_c3,,18.6651,0.2431,,False,True,False,1.1.6,0.0,2.23011836401501e+18
ZTF18abvenxw,ztf,59982.097673600074,2228097674015010006,1,2228097674015,19.1426,-1,2228,0.805835,19.4736,18.146236,19.5008,0.2637,0.06867634,0.07765416,0.3871,8.4694621,20.3509946,0.675714,t17_f5_c3,,20.0419,0.8178,,False,True,False,1.1.6,0.0,2.23011836401501e+18
ZTF18abvenxw,ztf,59984.11836809991,2230118364015010004,2,2230118364015,19.576614,-1,2230,0.1472513,19.333149,17.902615,19.4183,0.16475257,0.029324062,0.044118263,0.2574,8.4695618,20.3511655,0.94142854,t17_f5_c3,0.9983878,19.3647,0.313,551120240.0,True,True,False,1.1.6,0.0,
ZTF18abvenxw,ztf,59984.139675899874,2230139674015010005,1,2230139674015,19.314573,-1,2230,0.46098942,19.209246,18.238167,19.1059,0.19046791,0.06714277,0.07787354,0.1913,8.4696781,20.3511322,0.48,t17_f5_c3,0.9748007,19.1375,0.2519,551120140.0,True,True,False,1.1.6,0.0,
ZTF18abvenxw,ztf,60124.41459489986,2370414594015010003,1,2370414594015,20.20174,-1,2370,0.3417879,19.744818,18.07777,19.8652,0.19011153,0.022767179,0.04094394,0.2391,8.469635,20.3511375,0.94285715,t17_f5_c3,0.9999894,19.7937,0.2841,551120140.0,True,True,False,1.2.0,0.0,
ZTF18abvenxw,ztf,60133.44931709999,2379449314015010003,1,2379449314015,19.883,-1,2379,0.431784,19.9383,18.040257,20.1082,0.267192,0.03290951,0.04651641,0.4722,8.469501,20.3510925,0.824286,t17_f5_c3,,19.8231,0.4647,,False,True,False,1.2.0,0.0,2.38245722401501e+18
ZTF18abvenxw,ztf,60136.4572222,2382457224015010007,1,2382457224015,20.371538,-1,2382,0.30696788,19.704199,18.086721,19.7718,0.13938342,100.0,0.031421002,0.2288,8.4695214,20.3511155,0.9442857,t17_f5_c3,0.9999939,19.5278,0.2324,551120140.0,True,True,False,1.2.0,0.0,
ZTF18abvenxw,ztf,60139.463368100114,2385463364015010006,1,2385463364015,20.486296,-1,2385,0.15183936,19.824055,18.061438,20.0254,0.15439917,100.0,0.030450737,0.2553,8.4695334,20.3511585,0.9342857,t17_f5_c3,0.99997354,20.2136,0.3849,551120140.0,True,True,False,1.2.0,0.0,
ZTF18abvenxw,ztf,60142.4458217998,2388445824015010004,2,2388445824015,20.635021,-1,2388,0.20389192,19.678417,17.826172,19.8502,0.12834388,100.0,0.023306483,0.2157,8.4696257,20.3511763,0.8457143,t17_f5_c3,0.99962234,20.1439,0.3563,551120240.0,True,True,False,1.2.0,0.0,
ZTF18abvenxw,ztf,60149.44795140019,2395447954015010007,1,2395447954015,20.773605,-1,2395,0.05863275,19.644417,18.100664,19.5542,0.15342052,0.01273564,0.037015416,0.1356,8.4695613,20.3512158,0.89857143,t17_f5_c3,0.99999624,19.4708,0.158,551120140.0,True,True,False,1.2.0,0.0,
ZTF18abvenxw,ztf,60153.42045139987,2399420454015010009,1,2399420454015,20.535069,-1,2399,0.30507928,19.837015,18.058899,19.9966,0.19386227,0.0173832,0.037691794,0.2266,8.4694729,20.351228,0.5971429,t17_f5_c3,0.9999864,19.8568,0.2519,551120140.0,True,True,False,1.2.0,0.0,
ZTF18abvenxw,ztf,60153.47070599999,2399470704015010002,2,2399470704015,20.71926,-1,2399,0.0872879,19.699568,17.822374,19.6688,0.12437478,100.0,0.02207267,0.1716,8.4695506,20.3511957,0.9085714,t17_f5_c3,0.999996,19.4985,0.1845,551120240.0,True,True,False,1.2.0,0.0,
ZTF18abvenxw,ztf,60160.38157409988,2406381574015010003,1,2406381574015,19.5096,-1,2406,0.389424,19.5865,18.11511,19.2009,0.218158,0.043873593,0.05626204,0.2613,8.4695273,20.3510928,0.87,t17_f5_c3,,19.2653,0.3556,,False,True,False,1.2.0,0.0,2.40945776401501e+18
ZTF18abvenxw,ztf,60163.45776619995,2409457764015010003,1,2409457764015,19.881159,-1,2409,0.17394893,19.483797,18.143255,19.6487,0.19918257,0.045292158,0.057947464,0.2778,8.469509,20.351181,0.94142854,t17_f5_c3,0.9999277,19.4112,0.2853,551120140.0,True,True,False,1.2.0,0.0,
ZTF18abvenxw,ztf,60168.4033102002,2414403314015010008,1,2414403314015,20.83695,-1,2414,0.19587451,19.43084,18.159159,19.5445,0.11255738,100.0,0.034890078,0.1276,8.4695517,20.3511433,0.8842857,t17_f5_c3,0.9999994,19.4503,0.1471,551120140.0,True,True,False,1.2.0,0.0,
ZTF18abvenxw,ztf,60168.44348380016,2414443484015010005,2,2414443484015,20.702404,-1,2414,0.198705,19.605036,17.840046,19.8747,0.14675863,100.0,0.028880695,0.2034,8.4696008,20.3511576,0.88857144,t17_f5_c3,0.9991633,19.7112,0.2201,551120240.0,True,True,False,1.2.0,0.0,
ZTF18abvenxw,ztf,60170.40248840023,2416402484015010004,2,2416402484015,20.715324,-1,2416,0.28258663,19.444601,17.874615,19.642,0.10606827,100.0,0.0249799,0.1634,8.469627,20.3511442,0.9114286,t17_f5_c3,0.9999432,19.5874,0.1952,551120240.0,True,True,False,1.2.0,0.0,
ZTF18abvenxw,ztf,60170.44333329983,2416443334015010014,1,2416443334015,20.598413,-1,2416,0.24093902,19.30138,18.202639,19.4126,0.13944463,0.033342376,0.050687984,0.126,8.4695501,20.3511275,0.9442857,t17_f5_c3,0.99999666,19.4115,0.1585,551120140.0,True,True,False,1.2.0,0.0,
ZTF18abvenxw,ztf,60173.38510419987,2419385104015010006,1,2419385104015,20.593992,-1,2419,0.16180192,19.29889,18.203545,19.3995,0.117839456,0.019655077,0.042968787,0.1265,8.4695184,20.3511737,0.9557143,t17_f5_c3,0.99999803,19.278,0.1429,551120140.0,True,True,False,1.2.0,0.0,
ZTF18abvenxw,ztf,60180.42446759995,2426424464015010005,1,2426424464015,19.9128,-1,2426,0.318133,19.2783,18.21115,19.4338,0.263912,0.09096011,0.09876403,0.2704,8.4696485,20.3512271,0.794286,t17_f5_c3,,19.5762,0.3908,,False,True,False,1.2.0,0.0,2.42839996401501e+18
ZTF18abvenxw,ztf,60182.399965300225,2428399964015010007,1,2428399964015,20.562292,-1,2428,0.10991348,19.56581,18.120514,19.6936,0.12892911,100.0,0.034059078,0.1594,8.4695519,20.3511692,0.9142857,t17_f5_c3,0.99999964,19.6916,0.2006,551120140.0,True,True,False,1.2.0,0.0,
ZTF18abvenxw,ztf,60182.44832180021,2428448324015010005,2,2428448324015,20.61584,-1,2428,0.22772866,19.551003,17.851004,19.5302,0.13580965,100.0,0.028374672,0.1506,8.4696164,20.351156,0.9128571,t17_f5_c3,0.9999999,19.5183,0.1875,551120240.0,True,True,False,1.2.0,0.0,
ZTF18abvenxw,ztf,60184.4214583002,2430421454015010004,1,2430421454015,20.395123,-1,2430,0.18927677,19.617718,18.107206,19.9242,0.15496981,0.01623694,0.038551595,0.2377,8.4695444,20.3511475,0.95285714,t17_f5_c3,0.9999974,19.7073,0.2472,551120140.0,True,True,False,1.2.0,0.0,
ZTF18abvenxw,ztf,60186.464282399975,2432464284015010003,1,2432464284015,19.4554,-1,2432,0.3179957,19.366785,18.179808,19.6093,0.19247185,0.052564573,0.06450243,0.4424,8.469472,20.3511601,0.87714285,t17_f5_c3,0.9998982,19.6237,0.5754,551120140.0,True,True,False,1.2.0,0.0,
ZTF18abvenxw,ztf,60193.38092589984,2439380924015010003,2,2439380924015,20.441605,-1,2439,0.27551308,19.777323,17.80914,19.6836,0.17629014,100.0,0.02877096,0.2095,8.4695729,20.3511327,0.8857143,t17_f5_c3,0.9999612,19.5961,0.2448,551120240.0,True,True,False,1.2.0,0.0,
ZTF18abvenxw,ztf,60195.343009300064,2441343004015010005,1,2441343004015,20.5348,-1,2441,0.312505,20.2341,17.996088,19.9848,0.283055,0.017374637,0.03603016,0.2471,8.4694682,20.3511725,0.912857,t17_f5_c3,,19.7619,0.2549,,False,True,False,1.2.1,0.0,2.44436356401501e+18
ZTF18abvenxw,ztf,60198.363564800005,2444363564015010007,1,2444363564015,20.657076,-1,2444,0.2993757,20.09276,18.015478,20.2329,0.18178579,100.0,0.026831625,0.2643,8.4694834,20.3511511,0.9114286,t17_f5_c3,0.99998224,20.0106,0.2716,551120140.0,True,True,False,1.2.1,0.0,
ZTF18abvenxw,ztf,60203.36195599986,2449361954015010008,1,2449361954015,20.9189,-1,2449,0.262345,19.9793,18.033274,20.0084,0.226538,0.018892102,0.037733816,0.1765,8.4695093,20.3511411,0.858571,t17_f5_c3,,20.023,0.2232,,False,True,False,1.2.1,0.0,2.45738891401501e+18
ZTF18abvenxw,ztf,60211.38891200023,2457388914015010007,1,2457388914015,20.640526,-1,2457,0.32627264,20.15968,18.005941,20.6088,0.20819552,100.0,0.028640188,0.3722,8.4694955,20.3511291,0.9057143,t17_f5_c3,0.9999642,20.4577,0.4085,551120140.0,True,True,False,1.2.1,0.0,
ZTF18abvenxw,ztf,60227.245034699794,2473245034015010002,1,2473245034015,20.3264,-1,2473,0.164595,20.091,18.015736,20.2785,0.234839,0.013150602,0.03472679,0.3623,8.4695078,20.3511964,0.937143,t17_f5_c3,,20.3053,0.4711,,False,True,False,1.2.1,0.0,2.47823710401501e+18
ZTF18abvenxw,ztf,60230.38436339982,2476384364015010004,1,2476384364015,20.4457,-1,2476,0.253505,20.0638,18.019815,19.9964,0.251215,0.020519417,0.03823417,0.2478,8.4694819,20.3512093,0.935714,t17_f5_c3,,19.9346,0.2966,,False,True,False,1.2.1,0.0,2.47823710401501e+18
ZTF18abvenxw,ztf,60232.23710650019,2478237104015010007,1,2478237104015,20.623337,-1,2478,0.16904514,20.002981,18.02938,20.2238,0.1788299,100.0,0.02904023,0.2718,8.4695707,20.3512453,0.92714286,t17_f5_c3,0.9999839,20.2426,0.3494,551120140.0,True,True,False,1.2.1,0.0,
ZTF18abvenxw,ztf,60234.21236110013,2480212364015010006,1,2480212364015,20.6791,-1,2480,0.214401,20.2336,17.996153,20.1813,0.246296,100.0,0.031367365,0.2608,8.469495,20.3511848,0.894286,t17_f5_c3,,20.0456,0.2906,,False,True,False,1.2.1,0.0,2.49617263401501e+18
ZTF18abvenxw,ztf,60250.17263890011,2496172634015010003,1,2496172634015,20.117355,-1,2496,0.28677115,20.019035,18.026796,20.0617,0.19270286,100.0,0.03076044,0.3059,8.4694711,20.3512049,0.92285717,t17_f5_c3,0.99839455,20.3297,0.4982,551120140.0,True,True,False,1.2.1,0.0,
ZTF18abvenxw,ztf,60252.192743100226,2498192744015010006,1,2498192744015,20.7064,-1,2498,0.392726,20.0956,18.015057,19.8553,0.217607,100.0,0.03202253,0.1897,8.4695036,20.3510966,0.905714,t17_f5_c3,,19.8865,0.2462,,False,True,False,1.2.1,0.0,2.50018563401501e+18
ZTF18abvenxw,ztf,60254.185636600014,2500185634015010009,1,2500185634015,20.71595,-1,2500,0.12722744,20.186733,18.002272,20.2044,0.21117413,100.0,0.028239427,0.2626,8.4695943,20.3512086,0.93142855,t17_f5_c3,0.99970424,20.4889,0.4308,551120140.0,True,True,False,1.2.1,0.0,
ZTF18abvenxw,ztf,60254.23271990009,2500232714015010003,2,2500232714015,20.4483,-1,2500,0.414946,20.2331,17.750032,20.1676,0.228473,100.0,0.023206383,0.3336,8.469544,20.3510996,0.87,t17_f5_c3,,19.982,0.3565,,False,True,False,1.2.1,0.0,2.50527496401501e+18
ZTF18abvenxw,ztf,60259.274965300225,2505274964015010003,2,2505274964015,20.282837,-1,2505,0.77636856,20.120262,17.762178,20.3784,0.21361427,100.0,0.024344262,0.4103,8.4696472,20.3510056,0.9185714,t17_f5_c3,0.9998865,20.0907,0.3992,551120240.0,True,True,False,1.2.1,0.0,
ZTF18abvenxw,ztf,60290.176562500186,2536176564015010002,2,2536176564015,20.51525,-1,2536,0.50661534,19.771551,17.810083,19.8173,0.15469223,100.0,0.025402792,0.2437,8.4695863,20.3510707,0.82714283,t17_f5_c3,0.9998654,19.7226,0.2831,551120240.0,True,True,False,23.12.x,0.0,
ZTF18abvenxw,ztf,60311.134756899904,2557134754015010002,2,2557134754015,20.341103,-1,2557,0.48570237,19.64587,17.832188,19.9031,0.14918368,100.0,0.028070379,0.2777,8.4695967,20.3510799,0.94,t17_f5_c3,0.9999031,19.8887,0.3479,551120240.0,True,True,False,23.12.x,0.0,
ZTF18abvenxw,ztf,60352.12531250017,2598125314015010002,2,2598125314015,19.807495,-1,2598,0.5198723,19.451387,17.873022,19.3004,0.14907306,0.013594374,0.034837987,0.2265,8.4696835,20.3511023,0.9614286,t17_f5_c3,0.9999509,19.1826,0.2596,551120240.0,True,True,False,23.12.x,0.0,
ZTF18abvenxw,ztf,60447.47869209992,2693478694015010006,2,2693478694015,19.3896,-1,2693,0.697923,19.829,17.800934,19.088,0.341061,0.043286603,0.05267508,0.235,8.469551,20.3510102,0.525714,t17_f5_c3,,18.782,0.227,,False,True,False,24.4.1,0.0,2.69547392401501e+18
ZTF18abvenxw,ztf,60449.47392359981,2695473924015010004,2,2695473924015,19.54708,-1,2695,0.6203829,19.542433,17.852802,19.4741,0.19010742,0.024834793,0.040100224,0.2763,8.4694734,20.3510581,0.9242857,t17_f5_c3,0.99817324,19.5351,0.3736,551120240.0,True,True,False,24.4.1,0.0,
ZTF18abvenxw,ztf,60494.462812500075,2740462814015010005,2,2740462814015,20.348564,-1,2740,0.9311771,20.261515,17.747187,20.5407,0.20777135,100.0,0.020504765,0.4418,8.4694311,20.35098,0.8357143,t17_f5_c3,0.9998661,20.514,0.5449,551120240.0,True,True,False,24.5.1,0.0,
ZTF18abvenxw,ztf,60502.45172449993,2748451724015010005,1,2748451724015,20.4232,-1,2748,0.24613,20.2527,17.993744,20.7146,0.268299,0.011410771,0.033499338,0.5011,8.4694852,20.3511793,0.92,t17_f5_c3,,20.5655,0.5534,,False,True,False,24.5.1,0.0,2.77830049401501e+18
ZTF18abvenxw,ztf,60527.349988400005,2773349984015010005,1,2773349984015,20.543457,-1,2773,0.28718284,20.003351,18.029322,20.5475,0.15313148,100.0,0.02485721,0.4086,8.4695336,20.3511186,0.92,t17_f5_c3,0.99638677,20.2714,0.4011,551120140.0,True,True,False,24.5.1,0.0,
ZTF18abvenxw,ztf,60532.300497699995,2778300494015010004,1,2778300494015,20.672134,-1,2778,0.31059238,19.988543,18.031744,20.0306,0.13648391,100.0,0.022509301,0.2198,8.4696485,20.3511739,0.9185714,t17_f5_c3,0.9999955,19.8657,0.2397,551120140.0,True,True,False,24.5.1,0.0,
ZTF18abvenxw,ztf,60533.36196759995,2779361964015010002,2,2779361964015,20.91999,-1,2779,0.4190258,20.109222,17.763443,20.1987,0.1278832,100.0,0.014740148,0.2209,8.4696852,20.3511602,0.87142855,t17_f5_c3,0.9998498,20.4657,0.356,551120240.0,True,True,False,24.5.1,0.0,
ZTF18abvenxw,ztf,60538.4375,2784437504015010001,1,2784437504015,20.668762,-1,2784,0.2963006,20.202599,18.000168,20.3483,0.15817145,100.0,0.020804413,0.2846,8.4695329,20.3511211,0.9242857,t17_f5_c3,0.9999883,20.0424,0.2707,551120140.0,True,True,False,24.5.1,0.0,
ZTF18abvenxw,ztf,60551.4166203998,2797416624015010002,2,2797416624015,20.744703,-1,2797,0.34656814,19.967913,17.78098,19.9209,0.18855752,100.0,0.025157675,0.2069,8.4696453,20.3511423,0.9357143,t17_f5_c3,0.9999491,19.7545,0.2228,551120240.0,True,True,False,24.5.1,0.0,
ZTF18abvenxw,ztf,60604.25937499991,2850259374015010004,1,2850259374015,20.1519,-1,2850,0.584255,20.1717,18.004295,20.21,0.225019,100.0,0.03056733,0.4408,8.4695053,20.351038,0.894286,t17_f5_c3,,20.2159,0.566,,False,True,False,24.5.1,0.0,2.86036417401501e+18
ZTF18abvenxw,ztf,60614.36417819979,2860364174015010008,1,2860364174015,20.211573,-1,2860,0.6011823,20.116938,18.011953,20.2207,0.19489087,100.0,0.0280413,0.3585,8.4694256,20.351088,0.94714284,t17_f5_c3,0.999488,20.2884,0.4854,551120140.0,True,True,False,24.5.1,0.0,
ZTF18abvenxw,ztf,60625.29074069997,2871290744015010005,1,2871290744015,19.9321,-1,2871,0.384061,19.9533,18.037666,19.4711,0.210676,0.015057803,0.036087852,0.2639,8.4695269,20.3510902,0.814286,t17_f5_c3,,19.466,0.3361,,False,True,False,25.0.0,0.0,2.88517402401501e+18
ZTF18abvenxw,ztf,60634.23538189987,2880235384015010002,1,2880235384015,19.9578,-1,2880,0.601532,19.9078,18.045654,20.0104,0.230964,0.025214551,0.041560978,0.3615,8.4695604,20.3510258,0.942857,t17_f5_c3,,19.9811,0.4493,,False,True,False,25.0.0,0.0,2.88517402401501e+18
ZTF18abvenxw,ztf,60639.174027800094,2885174024015010004,2,2885174024015,20.527872,-1,2885,0.50627035,19.868423,17.79497,19.7638,0.19339395,100.0,0.028645843,0.2126,8.4695732,20.3510732,0.94857144,t17_f5_c3,0.99937737,19.7967,0.277,551120240.0,True,True,False,25.0.0,0.0,
ZTF18abvenxw,ztf,60653.195995400194,2899195994015010003,1,2899195994015,19.9162,-1,2899,0.729698,19.796,18.067055,20.0155,0.194585,0.020773713,0.039585054,0.3886,8.4695212,20.3510008,0.94,t17_f5_c3,,20.2153,0.597,,False,True,False,26.0.1,0.0,2.92319545401502e+18
ZTF18abvenxw,ztf,60663.23520829994,2909235204015010004,1,2909235204015,19.4522,-1,2909,0.736847,19.5196,18.133055,19.793,0.265674,0.06485667,0.07408509,0.3868,8.4695521,20.3509878,0.824286,t17_f5_c3,,19.6954,0.4531,,False,True,False,26.0.1,0.0,2.92319545401502e+18
ZTF18abvenxw,ztf,60667.10753470007,2913107534015010011,1,2913107534015,20.306995,-1,2913,0.56992906,19.761126,18.07429,19.4623,0.20624976,0.027419202,0.043617357,0.1581,8.4695036,20.3510428,0.87285715,t17_f5_c3,0.99598014,19.3458,0.1802,551120140.0,True,True,False,26.0.1,0.0,
ZTF18abvenxw,ztf,60675.22428240022,2921224284015010006,1,2921224284015,20.132145,-1,2921,0.16650958,19.54621,18.125751,19.3767,0.13371779,0.0064134216,0.036141485,0.177,8.4695325,20.3511542,0.96,t17_f5_c3,0.99995494,19.3781,0.2257,551120140.0,True,True,False,26.0.1,0.0,
ZTF18abvenxw,ztf,60677.13195599988,2923131954015020004,2,2923131954015,20.424004,-1,2923,0.3689591,19.610357,17.839,19.4409,0.13141988,100.0,0.025710989,0.1706,8.4696649,20.3511574,0.82285714,t17_f5_c3,0.9940293,19.4822,0.2246,551120240.0,True,True,False,26.0.1,0.0,
ZTF18abvenxw,ztf,60677.13195599988,2923131954015010004,2,2923131954015,20.424,-1,2923,0.368959,19.6104,17.838993,19.4409,0.13142,100.0,0.025709825,0.1706,8.4696649,20.3511574,0.822857,t17_f5_c3,,19.4822,0.2246,,False,True,False,26.0.1,0.0,2.92319545401501e+18
ZTF18abvenxw,ztf,60677.19545139978,2923195454015020003,1,2923195454015,20.291737,-1,2923,0.41998282,19.658655,18.097258,19.4779,0.18670054,0.027636128,0.04431864,0.1822,8.4695261,20.3510805,0.95,t17_f5_c3,0.99999297,19.4914,0.2348,551120140.0,True,True,False,26.0.1,0.0,
ZTF18abvenxw,ztf,60677.19545139978,2923195454015010003,1,2923195454015,20.291737,-1,2923,0.41998282,19.658655,18.097258,19.4779,0.18670054,0.027636128,0.04431864,0.1822,8.4695261,20.3510805,0.95,t17_f5_c3,0.99999297,19.4914,0.2348,551120140.0,True,True,False,26.0.1,0.0,
ZTF18abvenxw,ztf,60679.120763900224,2925120764015010007,1,2925120764015,20.220518,-1,2925,0.29940227,19.434027,18.158173,19.401,0.12373986,0.010817286,0.03820923,0.164,8.4695689,20.3511115,0.95,t17_f5_c3,0.9999926,19.4044,0.2093,551120140.0,True,True,False,26.0.1,0.0,
ZTF18abvenxw,ztf,60679.15491899988,2925154914015010004,2,2925154914015,20.101658,-1,2925,0.24913591,19.844646,17.798536,19.9885,0.17087862,100.0,0.025956366,0.3161,8.4695195,20.3511618,0.9614286,t17_f5_c3,0.997646,19.7183,0.3135,551120240.0,True,True,False,26.0.1,0.0,
ZTF18abvenxw,ztf,60685.114490699954,2931114494015010000,2,2931114494015,19.131,-1,2931,0.646307,19.3137,17.907883,19.5546,0.305693,0.07691618,0.083744936,0.337,8.4697233,20.3510907,0.705714,t17_f5_c3,,19.7015,0.494,,False,True,False,26.0.1,0.0,2.95213357401501e+18
ZTF18abvenxw,ztf,60694.10939810006,2940109394015010007,2,2940109394015,20.200987,-1,2940,0.346279,19.715626,17.81955,19.7944,0.172528,100.0,0.030090464,0.2657,8.4695872,20.3511094,0.93285716,t17_f5_c3,0.9989042,19.6744,0.3025,551120240.0,True,True,False,26.0.1,0.0,
ZTF18abvenxw,ztf,60694.21762729995,2940217624015010003,1,2940217624015,19.592072,-1,2940,0.5314,19.231886,18.229044,19.3424,0.18586493,0.06258066,0.07380071,0.2591,8.4694121,20.3511327,0.93857145,t17_f5_c3,0.99981964,19.2055,0.2924,551120140.0,True,True,False,26.0.1,0.0,
ZTF18abvenxw,ztf,60699.11023150012,2945110234015010005,2,2945110234015,19.795908,-1,2945,0.9512201,19.519773,17.857643,19.624,0.19049254,0.026425464,0.04121219,0.2444,8.4694677,20.3509569,0.82,t17_f5_c3,0.999189,19.3317,0.238,551120240.0,True,True,False,26.0.1,0.0,
ZTF18abvenxw,ztf,60706.13357640011,2952133574015010003,1,2952133574015,20.118404,-1,2952,0.31325206,19.334688,18.190779,19.4134,0.1734082,0.047222752,0.060465295,0.2008,8.4695214,20.3511135,0.9614286,t17_f5_c3,0.99998844,19.3468,0.2409,551120140.0,True,True,False,26.0.1,0.0,
ZTF18abvenxw,ztf,61204.469699100126,3450469690815015007,2,3450469690815,20.215492,1,3450,0.25168675,19.969076,17.533237,19.8336,0.16593723,100.0,0.017603887,0.2938,8.469537,20.3512624,0.93714285,t17_f5_c3,0.9997823,20.1113,0.4811,1597120208.0,True,True,False,27.5.7a32.dev1,0.0,
ZTF18abvenxw,ztf,61214.43024310004,3460430244015015006,1,3460430244015,20.459501,1,3460,0.70991254,19.842216,17.702986,19.5914,0.16865742,100.0,0.023513287,0.1796,8.4693527,20.3512514,0.91,t17_f5_c3,0.9998284,19.5401,0.2159,551120140.0,True,True,False,27.5.7a32.dev1,0.0,
ZTF18abvenxw,ztf,61219.45708330022,3465457084015015006,1,3465457084015,19.7115,1,3465,0.35345,19.6979,17.681677,19.5636,0.242218,0.02953022,0.037819598,0.2387,8.4695876,20.3510998,0.844286,t17_f5_c3,,19.4574,0.2759,,False,True,False,27.5.7a39,0.0,3.486411644015015e+18
ZTF18abvenxw,ztf,61220.46531250002,3466465314015015005,1,3466465314015,19.5233,1,3466,0.174373,19.6403,17.67248,19.1644,0.231102,0.029573098,0.037728995,0.2334,8.4695203,20.3512299,0.78,t17_f5_c3,,19.0556,0.2702,,False,True,False,27.5.7a39,0.0,3.486411644015015e+18
ZTF18abvenxw,ztf,61227.455601899885,3473455604015015004,1,3473455604015,19.974081,1,3473,0.34167162,19.72679,17.686138,19.5962,0.21121413,0.02183685,0.032245025,0.2771,8.4696544,20.3511646,0.93142855,t17_f5_c3,0.9977864,19.6928,0.3866,551120140.0,True,True,False,27.5.7a39,0.0,
ZTF18abvenxw,ztf,61240.411643499974,3486411644015015009,2,3486411644015,20.673597,1,3486,0.39305848,19.960737,17.523415,20.0742,0.13760881,100.0,0.014578638,0.2583,8.4694552,20.3512077,0.85571426,t17_f5_c3,0.9983947,20.1252,0.3393,551120240.0,True,True,False,27.5.7a39,0.0,
