name,RA,DECL,slitwidth,exptime,nexp,binspect,binspat,slitangle,airmass_max,mag,magsystem,magfilter,channel,wrange,Note,Comment
BD+284211,21:51:11.0,+28:51:50,SET 3.0,SET 60,2,3,2,PA,2.0,10.58,Vega,V,R,6000:7000,std start of night 19:23,"spectrophotometric standard, CALSPEC bd_28d4211 · sdO2VIIIHe5 V=10.6 · 2 x 30-120 s; wide slit, keep counts < 50k and > 1k; same binning as science"
P3098,16:11:42.0,+49:58:48,SET 1.3,SET 240,2,3,2,PA,2.0,17.53,AB,r,R,7286:7366,D1 #1 19:33 p0.4,"primary; D1; z=0.116; r=17.5; line Ha at 7326 A (R); trend flat/unknown; last spectrum 25.3 yr ago; exposure model 8 min; DR16 quasar; WHY: P(broad Hbeta fell > 2x) = 0.44, P(continuum dimmed) = 0.02; optical fainter by 0.19 mag since the 623-52051-224 spectrum (ZTF vs synthetic); manifold prior P_hb 0.07, direction turn-off-like"
P4178,16:51:27.9,+40:43:41,SET 1.3,SET 240,2,3,2,PA,2.0,18.31,AB,r,G,5646:5726,D1 #2 19:53 p0.4,"primary; D1; z=0.170; r=18.3; line Hb at 5687 A (G); trend fading (IR); last spectrum 25.2 yr ago; exposure model 8 min; DR16 quasar; WHY: P(broad Hbeta fell > 2x) = 0.43, P(continuum dimmed) = 0.04; optical fainter by 0.15 mag since the 631-52079-241 spectrum (ZTF vs synthetic); W1 faded 0.26 mag 2014-24; manifold prior P_hb 0.16, direction neutral"
P3763,16:32:48.3,+48:45:44,SET 1.3,SET 240,2,3,2,PA,2.0,18.06,AB,r,R,7358:7438,D1 #3 20:08 p0.4,"primary; D1; z=0.127; r=18.1; line Ha at 7399 A (R); trend fading (IR); last spectrum 25.0 yr ago; exposure model 8 min; DR16 quasar; WHY: P(broad Hbeta fell > 2x) = 0.41, P(continuum dimmed) = 0.05; optical fainter by 0.14 mag since the 625-52145-31 spectrum (ZTF vs synthetic); W1 faded 0.39 mag 2014-24; W1-W2 bluer by 0.15; W1 amplitude 0.48 mag; manifold prior P_hb 0.17, direction neutral"
P3336,16:54:12.1,+62:53:44,SET 1.3,SET 240,2,3,2,PA,2.0,18.23,AB,r,R,7216:7296,D1 #4 20:23 p0.3,"primary; D1; z=0.106; r=18.2; line Ha at 7256 A (R); trend flat/unknown; last spectrum 26.3 yr ago; exposure model 8 min; DR16 quasar; WHY: P(broad Hbeta fell > 2x) = 0.33, P(continuum dimmed) = 0.02; optical fainter by 0.10 mag since the 349-51699-216 spectrum (ZTF vs synthetic); W1 faded 0.14 mag 2014-24; W1 amplitude 0.41 mag; manifold prior P_hb 0.21, direction neutral"
P4693,17:08:45.6,+59:57:16,SET 1.3,SET 510,2,3,2,PA,2.0,18.74,AB,r,R,6151:6231,D1 #5 20:38 p0.4,"primary; D1; z=0.274; r=18.7; line Hb at 6192 A (R); trend flat/unknown; last spectrum 26.3 yr ago; exposure model 17 min; DR16 quasar; WHY: P(broad Hbeta fell > 2x) = 0.41, P(continuum dimmed) = 0.03; optical fainter by 0.19 mag since the 353-51703-498 spectrum (ZTF vs synthetic); W1 amplitude 0.60 mag; manifold prior P_hb 0.03, direction neutral"
P4721,17:15:04.3,+56:47:16,SET 1.3,SET 240,2,3,2,PA,2.0,18.08,AB,r,G,5747:5827,D1 #6 21:03 p0.2,"primary; D1; z=0.191; r=18.1; line Hb at 5787 A (G); trend flat/unknown; last spectrum 26.0 yr ago; exposure model 8 min; DR16 quasar; WHY: P(broad Hbeta fell > 2x) = 0.18, P(continuum dimmed) = 0.01; optical fainter by 0.07 mag since the 355-51788-134 spectrum (ZTF vs synthetic); manifold prior P_hb 0.09, direction neutral"
P4971,20:50:50.8,+00:12:00,SET 1.3,SET 600,4,3,2,PA,2.0,19.19,AB,r,R,6322:6402,K #7 21:18 p1.0,"primary; K; z=0.309; r=19.2; line Hb at 6363 A (R); trend fading; last spectrum 24.2 yr ago; exposure model 40 min; DR16 quasar; WHY: KNOWN changer (turn-off) with recent photometric motion; optical fainter by 0.49 mag since the 982-52466-539 spectrum (ZTF vs synthetic); W1 faded 0.63 mag 2014-24; W1-W2 bluer by 0.09; W1 amplitude 0.67 mag; log Edd -1.66; manifold prior P_hb 0.21, direction turn-off-like"
P5225,21:22:16.4,-01:50:00,SET 1.3,SET 240,2,3,2,PA,2.0,18.32,AB,r,R,7415:7495,D2 #8 22:08 p0.3,"primary; D2; z=0.136; r=18.3; line Ha at 7456 A (R); trend brightening; last spectrum 8.9 yr ago; exposure model 8 min; DR16 quasar; WHY: P(broad Hbeta rose > 2x) = 0.32, P(continuum brightened) = 0.10; optical brighter by 0.77 mag since the 9140-58039-168 spectrum (ZTF vs synthetic); W1 brightened 0.22 mag 2014-24; W1 amplitude 0.49 mag; log Edd -1.21; manifold prior P_hb 0.21, direction turn-on-like"
P5180,21:00:03.1,-00:58:47,SET 1.3,SET 330,2,3,2,PA,2.0,18.49,AB,r,R,7535:7615,D1 #9 22:23 p0.3,"primary; D1; z=0.154; r=18.5; line Ha at 7575 A (R); trend fading; last spectrum 24.2 yr ago; exposure model 11 min; DR16 quasar; WHY: P(broad Hbeta fell > 2x) = 0.30, P(continuum dimmed) = 0.03; optical fainter by 0.26 mag since the 984-52442-125 spectrum (ZTF vs synthetic); W1 brightened 0.13 mag 2014-24; W1 amplitude 0.46 mag; manifold prior P_hb 0.23, direction neutral"
P5206,21:06:23.0,+10:56:07,SET 1.3,SET 240,2,3,2,PA,2.0,17.75,AB,r,R,7145:7225,D1 #10 22:43 p0.3,"primary; D1; z=0.095; r=17.7; line Ha at 7186 A (R); trend flat/unknown; last spectrum 24.0 yr ago; exposure model 8 min; DR16 quasar; WHY: P(broad Hbeta fell > 2x) = 0.29, P(continuum dimmed) = 0.01; optical fainter by 0.14 mag since the 728-52520-348 spectrum (ZTF vs synthetic); W1-W2 bluer by 0.11; W1 amplitude 0.42 mag; manifold prior P_hb 0.14, direction neutral"
P5408,21:48:17.4,+00:04:20,SET 1.3,SET 480,2,3,2,PA,2.0,18.69,AB,r,R,6196:6276,D2 #11 22:58 p0.5,"primary; D2; z=0.283; r=18.7; line Hb at 6236 A (R); trend brightening; last spectrum 15.9 yr ago; exposure model 16 min; DR16 quasar; WHY: P(broad Hbeta rose > 2x) = 0.50, P(continuum brightened) = 0.07; optical brighter by 1.14 mag since the 4196-55478-898 spectrum (ZTF vs synthetic); W1 amplitude 0.44 mag; log Edd -0.46; manifold prior P_hb 0.08, direction turn-off-like"
P5394,21:45:18.4,+00:34:23,SET 1.3,SET 240,2,3,2,PA,2.0,18.36,AB,r,R,5825:5905,D1 #12 23:23 p0.3,"primary; D1; z=0.207; r=18.4; line Hb at 5866 A (R); trend fading (IR); last spectrum 24.2 yr ago; exposure model 8 min; DR16 quasar; WHY: P(broad Hbeta fell > 2x) = 0.25, P(continuum dimmed) = 0.03; optical fainter by 0.05 mag since the 990-52465-545 spectrum (ZTF vs synthetic); W1 faded 0.35 mag 2014-24; W1-W2 bluer by 0.08; W1 amplitude 0.65 mag; manifold prior P_hb 0.13, direction neutral"
P6051,22:00:22.6,+11:55:16,SET 1.3,SET 240,2,3,2,PA,2.0,18.27,AB,r,R,7521:7601,D1 #13 23:38 p0.3,"primary; D1; z=0.152; r=18.3; line Ha at 7561 A (R); trend flat/unknown; last spectrum 24.8 yr ago; exposure model 8 min; DR16 quasar; WHY: P(broad Hbeta fell > 2x) = 0.28, P(continuum dimmed) = 0.02; optical fainter by 0.04 mag since the 734-52224-172 spectrum (ZTF vs synthetic); W1 faded 0.20 mag 2014-24; W1-W2 bluer by 0.11; W1 amplitude 0.78 mag; manifold prior P_hb 0.13, direction neutral"
P7356,23:12:07.6,+14:02:13,SET 1.3,SET 240,2,3,2,PA,2.0,18.08,AB,r,R,6556:6636,D2 #14 23:53 p0.5,"primary; D2; z=0.357; r=18.1; line Hb at 6596 A (R); trend brightening; last spectrum 24.8 yr ago; exposure model 8 min; DR16 quasar; WHY: P(broad Hbeta rose > 2x) = 0.70, P(continuum brightened) = 0.09; optical brighter by 0.96 mag since the 744-52251-269 spectrum (ZTF vs synthetic); W1 faded 0.28 mag 2014-24; log Edd -1.75; manifold prior P_hb 0.07, direction neutral"
P7387,23:14:11.6,-00:21:49,SET 1.3,SET 240,2,3,2,PA,2.0,16.3,AB,r,R,7046:7126,D2 #15 00:08 p0.3,"primary; D2; z=0.080; r=16.3; line Ha at 7086 A (R); trend brightening; last spectrum 2.9 yr ago; exposure model 8 min; DR16 quasar; WHY: P(broad Hbeta rose > 2x) = 0.38, P(continuum brightened) = 0.05; optical brighter by 0.68 mag since the 9154-58013-728 spectrum (ZTF vs synthetic); log Edd -2.61; manifold prior P_hb 0.06, direction turn-off-like"
P5470,21:56:18.3,+30:40:31,SET 1.3,SET 520,4,3,2,PA,2.0,19.13,AB,r,R,7045:7125,D2 #16 00:23 p0.7,"primary; D2; z=0.458; r=19.1; line Hb at 7085 A (R); trend brightening; last spectrum 9.9 yr ago; exposure model 35 min; DR16 quasar; WHY: P(broad Hbeta rose > 2x) = 0.70, P(continuum brightened) = 0.09; optical brighter by 0.87 mag since the 7707-57663-595 spectrum (ZTF vs synthetic); W1 brightened 0.15 mag 2014-24; W1-W2 bluer by 0.14; W1 amplitude 0.57 mag; log Edd -1.51; manifold prior P_hb 0.04, direction turn-off-like"
P7379,23:07:45.6,+19:01:20,SET 1.3,SET 330,2,3,2,PA,2.0,18.25,AB,r,R,6341:6421,D2 #17 01:08 p0.3,"primary; D2; z=0.313; r=18.2; line Hb at 6381 A (R); trend brightening; last spectrum 11.9 yr ago; exposure model 11 min; DR16 quasar; WHY: P(broad Hbeta rose > 2x) = 0.45, P(continuum brightened) = 0.15; optical brighter by 0.81 mag since the 7611-56946-654 spectrum (ZTF vs synthetic); W1 brightened 0.14 mag 2014-24; W1 amplitude 0.52 mag; log Edd -1.04; manifold prior P_hb 0.11, direction neutral"
P17510,08:48:55.9,+58:41:54,SET 1.3,SET 240,2,3,2,PA,2.0,17.49,AB,r,R,7392:7472,D2 #18 01:28 p0.8,"primary; D2; z=0.133; r=17.5; line Ha at 7433 A (R); trend brightening; last spectrum 18.8 yr ago; exposure model 8 min; DR16 quasar; WHY: P(broad Hbeta rose > 2x) = 0.82, P(continuum brightened) = 0.57; optical brighter by 0.91 mag since the 1785-54439-251 spectrum (ZTF vs synthetic); W1 brightened 0.73 mag 2014-24; W1 amplitude 1.14 mag; manifold prior P_hb 0.21, direction turn-on-like"
P15699,08:04:13.2,+30:51:17,SET 1.3,SET 240,2,3,2,PA,2.0,17.41,AB,r,R,7456:7536,D2 #19 01:48 p1.0,"primary; D2; z=0.142; r=17.4; line Ha at 7497 A (R); trend brightening; last spectrum 24.6 yr ago; exposure model 8 min; DR16 quasar; WHY: P(broad Hbeta rose > 2x) = 0.97, P(continuum brightened) = 0.70; optical brighter by 1.27 mag since the 860-52319-374 spectrum (ZTF vs synthetic); W1 brightened 0.58 mag 2014-24; W1 amplitude 0.71 mag; manifold prior P_hb 0.15, direction neutral"
P18130,08:42:03.7,+40:18:31,SET 1.3,SET 240,2,3,2,PA,2.0,16.73,AB,r,R,7518:7598,B #20 02:03 p0.2,"primary; B; z=0.152; r=16.7; line Ha at 7558 A (R); trend flat/unknown; last spectrum 24.6 yr ago; exposure model 8 min; DR16 quasar; WHY: BLIND manifold stratum (W1 manifold, Hemmati+2026): literature-CLAGN region, 22% of the 50 nearest training objects are literature CLAGNs, archival SDSS spectrum as baseline, no photometric trigger; optical brighter by 0.02 mag since the 829-52296-275 spectrum (ZTF vs synthetic); W1 amplitude 0.70 mag; log Edd -1.79; manifold prior P_hb 0.19 (literature corner), direction turn-off-like; oct27: x1.0 moon, 8 min + 5 overhead -> yield/h 1.015"
P15106,07:47:32.6,+37:17:23,SET 1.3,SET 240,2,3,2,PA,2.0,18.31,AB,r,R,6745:6825,D2 #21 02:18 p0.7,"primary; D2; z=0.396; r=18.3; line Hb at 6785 A (R); trend brightening; last spectrum 2.7 yr ago; exposure model 8 min; DR16 quasar; WHY: P(broad Hbeta rose > 2x) = 0.75, P(continuum brightened) = 0.20; optical brighter by 0.99 mag since the 9368-57817-223 spectrum (ZTF vs synthetic); log Edd -1.42; manifold prior P_hb 0.06, direction turn-off-like; oct27: x1.0 moon, 8 min + 5 overhead -> yield/h 3.45"
P14415,07:31:26.7,+45:22:18,SET 1.3,SET 240,2,3,2,PA,2.0,17.37,AB,r,R,7128:7208,D1 #22 02:33 p0.4,"primary; D1; z=0.092; r=17.4; line Ha at 7169 A (R); trend fading; last spectrum 21.8 yr ago; exposure model 8 min; DR16 quasar; WHY: P(broad Hbeta fell > 2x) = 0.42, P(continuum dimmed) = 0.06; optical fainter by 0.29 mag since the 1866-53314-403 spectrum (ZTF vs synthetic); W1 faded 0.53 mag 2014-24; W1 amplitude 0.97 mag; manifold prior P_hb 0.14, direction turn-off-like; oct27: x1.0 moon, 8 min + 5 overhead -> yield/h 1.921"
P17151,08:53:59.1,+21:28:03,SET 1.3,SET 240,2,3,2,PA,2.0,16.79,AB,r,R,7075:7155,K #23 02:48 p1.0,"primary; K; z=0.084; r=16.8; line Ha at 7115 A (R); trend brightening; last spectrum 1.8 yr ago; exposure model 8 min; DR16 quasar; WHY: KNOWN changer (turn-on) with recent photometric motion; optical brighter by 0.34 mag since the 2280-53680-620 spectrum (ZTF vs synthetic); W1 faded 0.64 mag 2014-24; W1-W2 bluer by 0.23; W1 amplitude 0.82 mag; manifold prior P_hb 0.19, direction turn-on-like"
P22740,10:02:56.2,+47:50:28,SET 1.3,SET 240,2,3,2,PA,2.0,17.89,AB,r,R,6719:6799,K #24 03:03 p0.9,"primary; K; z=0.391; r=17.9; line Hb at 6759 A (R); trend brightening; last spectrum 13.6 yr ago; exposure model 8 min; DR16 quasar; WHY: KNOWN changer (nan) with recent photometric motion; optical brighter by 0.82 mag since the 6663-56338-756 spectrum (ZTF vs synthetic); W1 brightened 0.38 mag 2014-24; W1-W2 redder by 0.10; W1 amplitude 0.70 mag; log Edd -2.00; manifold prior P_hb 0.07, direction turn-on-like; oct27: x1.0 moon, 8 min + 5 overhead -> yield/h 4.048"
P18893,09:11:18.6,+62:46:40,SET 1.3,SET 240,2,3,2,PA,2.0,17.3,AB,r,G,5627:5707,D2 #25 03:18 p0.8,"primary; D2; z=0.166; r=17.3; line Hb at 5667 A (G); trend brightening; last spectrum 18.7 yr ago; exposure model 8 min; DR16 quasar; WHY: P(broad Hbeta rose > 2x) = 0.84, P(continuum brightened) = 0.42; optical brighter by 1.02 mag since the 1786-54450-540 spectrum (ZTF vs synthetic); W1 brightened 0.18 mag 2014-24; W1 amplitude 0.43 mag; manifold prior P_hb 0.19, direction turn-on-like"
P21757,09:59:05.1,+62:52:42,SET 1.3,SET 240,2,3,2,PA,2.0,18.3,AB,r,R,6227:6307,D2 #26 03:33 p0.8,"primary; D2; z=0.289; r=18.3; line Hb at 6267 A (R); trend brightening; last spectrum 25.6 yr ago; exposure model 8 min; DR16 quasar; WHY: P(broad Hbeta rose > 2x) = 0.79, P(continuum brightened) = 0.19; optical brighter by 0.97 mag since the 487-51943-154 spectrum (ZTF vs synthetic); W1 brightened 0.31 mag 2014-24; manifold prior P_hb 0.11, direction neutral; oct27: x1.0 moon, 8 min + 5 overhead -> yield/h 3.627"
P16524,08:14:59.4,+57:12:18,SET 1.3,SET 510,2,3,2,PA,2.0,18.74,AB,r,R,5923:6003,D1 #27 03:48 p0.8,"primary; D1; z=0.227; r=18.7; line Hb at 5963 A (R); trend fading; last spectrum 21.7 yr ago; exposure model 17 min; DR16 quasar; WHY: P(broad Hbeta fell > 2x) = 0.82, P(continuum dimmed) = 0.19; optical fainter by 0.79 mag since the 1872-53386-531 spectrum (ZTF vs synthetic); W1 faded 0.36 mag 2014-24; W1-W2 bluer by 0.17; W1 amplitude 0.43 mag; manifold prior P_hb 0.15, direction turn-off-like"
J090315.11+010623.1,09:03:15.1,+01:06:23,SET 1.3,SET 240,2,3,2,PA,2.0,18.05,AB,r,R,7321:7401,K #28 04:13 p0.9,"primary; K; z=0.122; r=18.1; line Ha at 7361 A (R); trend flat/unknown; last spectrum 0.5 yr ago; exposure model 8 min; Zeltyn+2024 object; WHY: KNOWN changer (Zeltyn CL-AGN): ZTF r moved -0.44 mag since the last spectrum; W1 slope +0.01 mag/yr; last spectrum 0.5 yr ago; oct27: x1.0 moon, 8 min + 5 overhead -> yield/h 4.126"
P20040,09:03:15.1,+01:06:23,SET 1.3,SET 240,2,3,2,PA,2.0,18.06,AB,r,R,7321:7401,K #29 04:28 p0.9,"primary; K; z=0.122; r=18.1; line Ha at 7361 A (R); trend brightening; last spectrum 0.5 yr ago; exposure model 8 min; DR16 quasar; WHY: KNOWN changer (nan) with recent photometric motion; optical brighter by 0.32 mag since the 471-51924-299 spectrum (ZTF vs synthetic); W1 faded 0.39 mag 2014-24; W1-W2 bluer by 0.25; W1 amplitude 0.69 mag; manifold prior P_hb 0.19, direction turn-off-like; oct27: x1.0 moon, 8 min + 5 overhead -> yield/h 4.092"
P20272,09:05:20.8,+10:21:51,SET 1.3,SET 300,2,3,2,PA,2.0,18.44,AB,r,G,5691:5771,D1 #30 04:43 p0.6,"primary; D1; z=0.179; r=18.4; line Hb at 5731 A (G); trend fading; last spectrum 22.6 yr ago; exposure model 10 min; DR16 quasar; WHY: P(broad Hbeta fell > 2x) = 0.61, P(continuum dimmed) = 0.06; optical fainter by 0.53 mag since the 1738-53051-608 spectrum (ZTF vs synthetic); W1 amplitude 0.74 mag; manifold prior P_hb 0.21, direction turn-on-like"
P19363,09:00:28.5,+06:08:43,SET 1.3,SET 270,2,3,2,PA,2.0,18.36,AB,r,R,7030:7110,D1 #31 04:58 p0.6,"primary; D1; z=0.077; r=18.4; line Ha at 7070 A (R); trend fading; last spectrum 23.7 yr ago; exposure model 9 min; DR16 quasar; WHY: P(broad Hbeta fell > 2x) = 0.56, P(continuum dimmed) = 0.05; optical fainter by 0.36 mag since the 1192-52649-336 spectrum (ZTF vs synthetic); W1 faded 0.20 mag 2014-24; W1 amplitude 0.47 mag; manifold prior P_hb 0.11, direction neutral"
P19406,09:04:21.4,+17:09:33,SET 1.3,SET 240,2,3,2,PA,2.0,16.87,AB,r,R,7004:7084,D1 #32 05:13 p0.5,"primary; D1; z=0.073; r=16.9; line Ha at 7044 A (R); trend fading; last spectrum 20.4 yr ago; exposure model 8 min; DR16 quasar; WHY: P(broad Hbeta fell > 2x) = 0.47, P(continuum dimmed) = 0.02; optical fainter by 0.41 mag since the 2435-53828-435 spectrum (ZTF vs synthetic); W1 faded 0.34 mag 2014-24; W1-W2 bluer by 0.14; manifold prior P_hb 0.09, direction neutral"
G191-B2B,05:05:30.6,+52:49:52,SET 3.0,SET 60,2,3,2,PA,2.0,11.69,Vega,V,R,6000:7000,std end of night 05:28,"spectrophotometric standard, CALSPEC g191b2b · DA.8 V=11.7 · 2 x 30-120 s; wide slit, keep counts < 50k and > 1k; same binning as science"
P21240,09:30:17.7,+47:07:21,SET 1.3,SET 240,2,3,2,PA,2.0,17.27,AB,r,G,5598:5678,K backup,"backup; K; z=0.160; r=17.3; line Hb at 5638 A (G); trend fading; last spectrum 12.6 yr ago; exposure model 8 min; DR16 quasar; WHY: KNOWN changer (nan) with recent photometric motion; optical fainter by 0.41 mag since the 7315-56685-958 spectrum (ZTF vs synthetic); W1 faded 0.44 mag 2014-24; W1 amplitude 0.67 mag; log Edd -0.83; manifold prior P_hb 0.10, direction neutral; oct27: x1.0 moon, 8 min + 5 overhead -> yield/h 4.338"
P17445,08:35:22.5,+06:01:29,SET 1.3,SET 330,2,3,2,PA,2.0,18.48,AB,r,R,7016:7096,K backup,"backup; K; z=0.452; r=18.5; line Hb at 7056 A (R); trend brightening; last spectrum 22.8 yr ago; exposure model 11 min; DR16 quasar; WHY: KNOWN changer (turn-on) with recent photometric motion; optical brighter by 1.20 mag since the 1297-52963-46 spectrum (ZTF vs synthetic); W1 brightened 0.50 mag 2014-24; W1 amplitude 0.46 mag; log Edd -1.51; manifold prior P_hb 0.05, direction neutral; oct27: x1.0 moon, 11 min + 5 overhead -> yield/h 3.75"
P25057,10:59:07.1,+47:23:31,SET 1.3,SET 240,2,3,2,PA,2.0,18.18,AB,r,R,5849:5929,D2 backup,"backup; D2; z=0.212; r=18.2; line Hb at 5890 A (R); trend brightening; last spectrum 23.7 yr ago; exposure model 8 min; DR16 quasar; WHY: P(broad Hbeta rose > 2x) = 0.75, P(continuum brightened) = 0.07; optical brighter by 0.93 mag since the 963-52643-40 spectrum (ZTF vs synthetic); W1 faded 0.65 mag 2014-24; W1-W2 redder by 0.12; manifold prior P_hb 0.17, direction turn-off-like; oct27: x1.0 moon, 8 min + 5 overhead -> yield/h 3.483"
P19455,09:29:19.9,+43:41:17,SET 1.3,SET 240,2,3,2,PA,2.0,18.15,AB,r,R,5995:6075,D2 backup,"backup; D2; z=0.242; r=18.1; line Hb at 6035 A (R); trend brightening; last spectrum 24.6 yr ago; exposure model 8 min; DR16 quasar; WHY: P(broad Hbeta rose > 2x) = 0.74, P(continuum brightened) = 0.31; optical brighter by 0.86 mag since the 870-52325-496 spectrum (ZTF vs synthetic); W1 brightened 0.62 mag 2014-24; W1 amplitude 0.86 mag; manifold prior P_hb 0.09, direction neutral; oct27: x1.0 moon, 8 min + 5 overhead -> yield/h 3.434"
P19923,09:08:26.7,+00:21:37,SET 1.3,SET 240,2,3,2,PA,2.0,17.58,AB,r,G,5611:5691,K backup,"backup; K; z=0.163; r=17.6; line Hb at 5651 A (G); trend brightening; last spectrum 25.7 yr ago; exposure model 8 min; DR16 quasar; WHY: KNOWN changer (nan) with recent photometric motion; optical brighter by 0.80 mag since the 471-51924-89 spectrum (ZTF vs synthetic); W1 brightened 0.18 mag 2014-24; W1 amplitude 0.53 mag; manifold prior P_hb 0.17, direction neutral; oct27: x1.0 moon, 8 min + 5 overhead -> yield/h 3.137"
J075934.95+322143.3,07:59:34.9,+32:21:43,SET 1.3,SET 300,2,3,2,PA,2.0,18.45,AB,r,R,6128:6208,K backup,"backup; K; z=0.269; r=18.4; line Hb at 6168 A (R); trend flat/unknown; last spectrum 1.6 yr ago; exposure model 10 min; Zeltyn+2024 object; WHY: KNOWN changer (Zeltyn CL-AGN): ZTF r moved -0.28 mag since the last spectrum; W1 slope +0.18 mag/yr; last spectrum 1.6 yr ago; oct27: x1.0 moon, 10 min + 5 overhead -> yield/h 3.135"
P25349,10:52:24.1,+37:30:05,SET 1.3,SET 240,2,3,2,PA,2.0,18.14,AB,r,R,6639:6719,D2 backup,"backup; D2; z=0.374; r=18.1; line Hb at 6680 A (R); trend brightening; last spectrum 21.4 yr ago; exposure model 8 min; DR16 quasar; WHY: P(broad Hbeta rose > 2x) = 0.67, P(continuum brightened) = 0.25; optical brighter by 0.78 mag since the 2090-53463-536 spectrum (ZTF vs synthetic); W1 brightened 0.19 mag 2014-24; W1-W2 redder by 0.13; W1 amplitude 0.54 mag; log Edd -2.07; manifold prior P_hb 0.06, direction neutral; oct27: x1.0 moon, 8 min + 5 overhead -> yield/h 3.11"
P5318,21:38:57.4,+01:07:07,SET 1.3,SET 240,2,3,2,PA,2.0,18.13,AB,r,R,6163:6243,D2 backup,"backup; D2; z=0.276; r=18.1; line Hb at 6203 A (R); trend brightening; last spectrum 24.2 yr ago; exposure model 8 min; DR16 quasar; WHY: P(broad Hbeta rose > 2x) = 0.67, P(continuum brightened) = 0.10; optical brighter by 0.84 mag since the 989-52468-606 spectrum (ZTF vs synthetic); manifold prior P_hb 0.05, direction neutral; oct27: x1.0 moon, 8 min + 5 overhead -> yield/h 3.092"
P14388,07:59:34.9,+32:21:43,SET 1.3,SET 240,2,3,2,PA,2.0,18.31,AB,r,R,6128:6208,K backup,"backup; K; z=0.269; r=18.3; line Hb at 6168 A (R); trend brightening; last spectrum 1.6 yr ago; exposure model 8 min; DR16 quasar; WHY: KNOWN changer (nan) with recent photometric motion; optical brighter by 0.56 mag since the 890-52583-634 spectrum (ZTF vs synthetic); W1 faded 0.17 mag 2014-24; W1-W2 redder by 0.08; log Edd -1.48; manifold prior P_hb 0.10, direction turn-on-like; oct27: x1.0 moon, 8 min + 5 overhead -> yield/h 3.09"
P15786,08:11:20.6,+14:12:43,SET 1.3,SET 240,2,3,2,PA,2.0,18.16,AB,r,R,7530:7610,K backup,"backup; K; z=0.153; r=18.2; line Ha at 7570 A (R); trend brightening; last spectrum 1.8 yr ago; exposure model 8 min; DR16 quasar; WHY: KNOWN changer (turn-on) with recent photometric motion; optical brighter by 0.81 mag since the 4499-55572-161 spectrum (ZTF vs synthetic); W1 brightened 0.16 mag 2014-24; W1 amplitude 0.64 mag; manifold prior P_hb 0.09, direction neutral; oct27: x1.0 moon, 8 min + 5 overhead -> yield/h 3.055"
P16912,08:41:10.9,+02:29:52,SET 1.3,SET 240,2,3,2,PA,2.0,18.34,AB,r,R,6434:6514,D2 backup,"backup; D2; z=0.332; r=18.3; line Hb at 6475 A (R); trend brightening; last spectrum 24.8 yr ago; exposure model 8 min; DR16 quasar; WHY: P(broad Hbeta rose > 2x) = 0.66, P(continuum brightened) = 0.36; optical brighter by 1.01 mag since the 564-52224-278 spectrum (ZTF vs synthetic); W1 brightened 0.38 mag 2014-24; W1-W2 redder by 0.13; W1 amplitude 0.79 mag; log Edd -1.76; manifold prior P_hb 0.07, direction neutral; oct27: x1.0 moon, 8 min + 5 overhead -> yield/h 3.026"
P16757,08:31:25.1,+56:09:25,SET 1.3,SET 330,2,3,2,PA,2.0,18.5,AB,r,R,5949:6029,K backup,"backup; K; z=0.232; r=18.5; line Hb at 5990 A (R); trend fading; last spectrum 21.7 yr ago; exposure model 11 min; DR16 quasar; WHY: KNOWN changer (turn-off) with recent photometric motion; optical fainter by 0.22 mag since the 1783-53386-520 spectrum (ZTF vs synthetic); W1 brightened 0.29 mag 2014-24; log Edd -1.14; manifold prior P_hb 0.13, direction neutral; oct27: x1.0 moon, 11 min + 5 overhead -> yield/h 2.945"
P21919,09:56:27.0,+54:04:15,SET 1.3,SET 240,2,3,2,PA,2.0,17.89,AB,r,R,5827:5907,D2 backup,"backup; D2; z=0.207; r=17.9; line Hb at 5867 A (R); trend brightening; last spectrum 18.5 yr ago; exposure model 8 min; DR16 quasar; WHY: P(broad Hbeta rose > 2x) = 0.63, P(continuum brightened) = 0.49; optical brighter by 0.91 mag since the 769-54530-79 spectrum (ZTF vs synthetic); W1 brightened 0.76 mag 2014-24; W1-W2 redder by 0.19; W1 amplitude 0.76 mag; log Edd -1.03; manifold prior P_hb 0.07, direction turn-off-like; oct27: x1.0 moon, 8 min + 5 overhead -> yield/h 2.915"
P20003,09:07:39.5,+59:18:52,SET 1.3,SET 330,2,3,2,PA,2.0,18.52,AB,r,R,5767:5847,D2 backup,"backup; D2; z=0.195; r=18.5; line Hb at 5808 A (R); trend brightening; last spectrum 25.7 yr ago; exposure model 11 min; DR16 quasar; WHY: P(broad Hbeta rose > 2x) = 0.78, P(continuum brightened) = 0.38; optical brighter by 0.87 mag since the 484-51907-378 spectrum (ZTF vs synthetic); W1 brightened 0.52 mag 2014-24; W1-W2 redder by 0.12; W1 amplitude 0.61 mag; manifold prior P_hb 0.09, direction neutral; oct27: x1.0 moon, 11 min + 5 overhead -> yield/h 2.908"
J083716.47+035606.1,08:37:16.5,+03:56:06,SET 1.3,SET 240,2,3,2,PA,2.0,17.16,AB,r,R,6939:7019,K backup,"backup; K; z=0.063; r=17.2; line Ha at 6980 A (R); trend flat/unknown; last spectrum 4.5 yr ago; exposure model 8 min; Zeltyn+2024 object; WHY: KNOWN changer (Zeltyn CL-AGN): ZTF r moved -0.02 mag since the last spectrum; W1 slope +0.21 mag/yr; state-reversal candidate; last spectrum 4.5 yr ago; oct27: x1.0 moon, 8 min + 5 overhead -> yield/h 2.84"
P17881,08:38:26.5,+37:19:07,SET 1.3,SET 330,2,3,2,PA,2.0,18.5,AB,r,R,5846:5926,K backup,"backup; K; z=0.211; r=18.5; line Hb at 5887 A (R); trend brightening; last spectrum 1.5 yr ago; exposure model 11 min; DR16 quasar; WHY: KNOWN changer (turn-on) with recent photometric motion; optical brighter by 0.48 mag since the 864-52320-335 spectrum (ZTF vs synthetic); W1 faded 0.23 mag 2014-24; W1-W2 redder by 0.10; W1 amplitude 0.49 mag; manifold prior P_hb 0.19, direction neutral; oct27: x1.0 moon, 11 min + 5 overhead -> yield/h 2.745"
P5182,21:02:00.4,+00:05:02,SET 1.3,SET 480,2,3,2,PA,2.0,18.68,AB,r,R,6422:6502,K backup,"backup; K; z=0.329; r=18.7; line Hb at 6462 A (R); trend fading; last spectrum 24.3 yr ago; exposure model 16 min; DR16 quasar; WHY: KNOWN changer (turn-off / dimming; turn-off) with recent photometric motion; optical fainter by 0.27 mag since the 985-52431-352 spectrum (ZTF vs synthetic); W1 brightened 0.45 mag 2014-24; W1-W2 redder by 0.30; W1 amplitude 0.69 mag; log Edd -1.49; manifold prior P_hb 0.05, direction turn-off-like; oct27: x1.0 moon, 16 min + 5 overhead -> yield/h 2.723"
G4931652796468713472,22:29:24.2,-01:55:16,SET 1.3,SET 240,2,3,2,PA,2.0,17.68,AB,r,R,7405:7485,D2 backup,"backup; D2; z=0.134; r=17.7; line Ha at 7445 A (R); trend brightening; last spectrum nan yr ago; exposure model 8 min; turn-on arm: SDSS narrow-line AGN galaxy; WHY: TURN-ON candidate (galaxy parent, AGN BROADLINE, z=0.134): W1 brightened 0.41 mag and W2 0.54 mag 2014-24 (15/20 sigma); ZTF g brighter than the archival spectrum by 0.47 mag (host-offset corrected), ZTF amplitude 0.94; W1-W2 reddened by +0.13 (nucleus emerging); score 0.84 = literature success rate of this trigger set; oct27: x0.7 moon, 8 min + 5 overhead -> yield/h 2.714"
G5656716943262242816,22:25:59.7,+20:19:45,SET 1.3,SET 240,2,3,2,PA,2.0,17.86,AB,r,R,7542:7622,D2 backup,"backup; D2; z=0.155; r=17.9; line Ha at 7583 A (R); trend brightening; last spectrum nan yr ago; exposure model 8 min; turn-on arm: SDSS narrow-line AGN galaxy; WHY: TURN-ON candidate (galaxy parent, AGN, z=0.155): W1 brightened 0.57 mag and W2 0.96 mag 2014-24 (20/33 sigma); ZTF g brighter than the archival spectrum by 0.35 mag (host-offset corrected), ZTF amplitude 0.98; W1-W2 reddened by +0.38 (nucleus emerging); score 0.84 = literature success rate of this trigger set; oct27: x0.7 moon, 8 min + 5 overhead -> yield/h 2.714"
P18057,08:36:46.9,+15:13:00,SET 1.3,SET 240,2,3,2,PA,2.0,18.15,AB,r,R,6181:6261,K backup,"backup; K; z=0.280; r=18.1; line Hb at 6221 A (R); trend brightening; last spectrum 20.5 yr ago; exposure model 8 min; DR16 quasar; WHY: KNOWN changer (turn-on) with recent photometric motion; optical brighter by 1.01 mag since the 2427-53815-420 spectrum (ZTF vs synthetic); W1 amplitude 0.41 mag; log Edd -1.90; manifold prior P_hb 0.03, direction turn-on-like; oct27: x1.0 moon, 8 min + 5 overhead -> yield/h 2.596"
G6511082560755619840,09:50:00.3,+18:04:19,SET 1.3,SET 240,2,3,2,PA,2.0,18.07,AB,r,R,7536:7616,D2 backup,"backup; D2; z=0.154; r=18.1; line Ha at 7576 A (R); trend brightening (IR); last spectrum nan yr ago; exposure model 8 min; turn-on arm: SDSS narrow-line AGN galaxy; WHY: TURN-ON candidate (galaxy parent, AGN BROADLINE, z=0.154): W1 brightened 0.24 mag and W2 0.34 mag 2014-24 (6/9 sigma); optical change +0.01 mag; W1-W2 reddened by +0.10 (nucleus emerging); score 0.54 = literature success rate of this trigger set; oct27: x1.0 moon, 8 min + 5 overhead -> yield/h 2.492"
G2012133841531070464,09:26:02.3,+63:41:50,SET 1.3,SET 240,2,3,2,PA,2.0,18.04,AB,r,R,7285:7365,D2 backup,"backup; D2; z=0.116; r=18.0; line Ha at 7325 A (R); trend brightening (IR); last spectrum nan yr ago; exposure model 8 min; turn-on arm: SDSS narrow-line AGN galaxy; WHY: TURN-ON candidate (galaxy parent, AGN, z=0.116): W1 brightened 0.28 mag and W2 0.47 mag 2014-24 (10/17 sigma); optical change -0.04 mag; W1-W2 reddened by +0.19 (nucleus emerging); score 0.54 = literature success rate of this trigger set; oct27: x1.0 moon, 8 min + 5 overhead -> yield/h 2.492"
G507897438229522432,09:16:40.5,+56:46:20,SET 1.3,SET 240,2,3,2,PA,2.0,16.63,AB,r,R,6965:7045,D2 backup,"backup; D2; z=0.067; r=16.6; line Ha at 7006 A (R); trend brightening (IR); last spectrum nan yr ago; exposure model 8 min; turn-on arm: SDSS narrow-line AGN galaxy; WHY: TURN-ON candidate (galaxy parent, AGN BROADLINE, z=0.067): W1 brightened 0.59 mag and W2 0.92 mag 2014-24 (22/35 sigma); optical change -0.01 mag; W1-W2 reddened by +0.33 (nucleus emerging); score 0.54 = literature success rate of this trigger set; oct27: x1.0 moon, 8 min + 5 overhead -> yield/h 2.492"
G486460534498027520,07:36:46.7,+39:32:55,SET 1.3,SET 240,2,3,2,PA,2.0,17.86,AB,r,R,7223:7303,D2 backup,"backup; D2; z=0.107; r=17.9; line Ha at 7263 A (R); trend brightening (IR); last spectrum nan yr ago; exposure model 8 min; turn-on arm: SDSS narrow-line AGN galaxy; WHY: TURN-ON candidate (galaxy parent, AGN, z=0.107): W1 brightened 0.21 mag and W2 0.34 mag 2014-24 (8/12 sigma); optical change +0.04 mag; W1-W2 reddened by +0.13 (nucleus emerging); score 0.54 = literature success rate of this trigger set; oct27: x1.0 moon, 8 min + 5 overhead -> yield/h 2.492"
G628370659268913152,09:51:35.3,+57:55:53,SET 1.3,SET 240,2,3,2,PA,2.0,18.22,AB,r,R,7457:7537,D2 backup,"backup; D2; z=0.142; r=18.2; line Ha at 7497 A (R); trend brightening; last spectrum nan yr ago; exposure model 8 min; turn-on arm: SDSS narrow-line AGN galaxy; WHY: TURN-ON candidate (galaxy parent, AGN, z=0.142): W1 brightened 0.21 mag and W2 0.35 mag 2014-24 (6/10 sigma); optical change -0.27 mag; W1-W2 reddened by +0.14 (nucleus emerging); score 0.54 = literature success rate of this trigger set; oct27: x1.0 moon, 8 min + 5 overhead -> yield/h 2.492"
G547284143793268736,09:31:16.4,+61:53:05,SET 1.3,SET 240,2,3,2,PA,2.0,17.78,AB,r,G,5618:5698,D2 backup,"backup; D2; z=0.164; r=17.8; line Hb at 5658 A (G); trend brightening (IR); last spectrum nan yr ago; exposure model 8 min; turn-on arm: SDSS narrow-line AGN galaxy; WHY: TURN-ON candidate (galaxy parent, AGN BROADLINE, z=0.164): W1 brightened 0.23 mag and W2 0.40 mag 2014-24 (8/14 sigma); optical change +0.02 mag; W1-W2 reddened by +0.18 (nucleus emerging); score 0.54 = literature success rate of this trigger set; oct27: x1.0 moon, 8 min + 5 overhead -> yield/h 2.492"
G1959231915332495360,09:27:25.4,+11:34:20,SET 1.3,SET 240,2,3,2,PA,2.0,18.18,AB,r,R,7406:7486,D2 backup,"backup; D2; z=0.135; r=18.2; line Ha at 7447 A (R); trend brightening (IR); last spectrum nan yr ago; exposure model 8 min; turn-on arm: SDSS narrow-line AGN galaxy; WHY: TURN-ON candidate (galaxy parent, AGN, z=0.135): W1 brightened 0.27 mag and W2 0.44 mag 2014-24 (8/12 sigma); optical change -0.16 mag; W1-W2 reddened by +0.16 (nucleus emerging); score 0.54 = literature success rate of this trigger set; oct27: x1.0 moon, 8 min + 5 overhead -> yield/h 2.492"
G1050515509822384128,08:37:22.4,+33:39:55,SET 1.3,SET 240,2,3,2,PA,2.0,17.25,AB,r,R,6988:7068,D2 backup,"backup; D2; z=0.071; r=17.2; line Ha at 7029 A (R); trend brightening (IR); last spectrum nan yr ago; exposure model 8 min; turn-on arm: SDSS narrow-line AGN galaxy; WHY: TURN-ON candidate (galaxy parent, AGN, z=0.071): W1 brightened 0.30 mag and W2 0.45 mag 2014-24 (8/13 sigma); optical change -0.00 mag; W1-W2 reddened by +0.16 (nucleus emerging); score 0.54 = literature success rate of this trigger set; oct27: x1.0 moon, 8 min + 5 overhead -> yield/h 2.492"
P25897,10:49:28.3,+55:39:27,SET 1.3,SET 450,2,3,2,PA,2.0,18.68,AB,r,R,6345:6425,D1 backup,"backup; D1; z=0.314; r=18.7; line Hb at 6386 A (R); trend fading; last spectrum 24.4 yr ago; exposure model 15 min; DR16 quasar; WHY: P(broad Hbeta fell > 2x) = 0.65, P(continuum dimmed) = 0.77; optical fainter by 0.76 mag since the 906-52368-505 spectrum (ZTF vs synthetic); W1 faded 0.84 mag 2014-24; W1 amplitude 0.51 mag; log Edd -0.81; manifold prior P_hb 0.18, direction turn-off-like; oct27: x1.0 moon, 15 min + 5 overhead -> yield/h 1.961"
P25714,10:36:34.0,+62:09:40,SET 1.3,SET 240,2,3,2,PA,2.0,17.8,AB,r,R,7499:7579,D1 backup,"backup; D1; z=0.149; r=17.8; line Ha at 7540 A (R); trend fading; last spectrum 24.4 yr ago; exposure model 8 min; DR16 quasar; WHY: P(broad Hbeta fell > 2x) = 0.42, P(continuum dimmed) = 0.05; optical fainter by 0.31 mag since the 773-52376-272 spectrum (ZTF vs synthetic); W1 faded 0.30 mag 2014-24; W1 amplitude 0.52 mag; manifold prior P_hb 0.11, direction neutral; oct27: x1.0 moon, 8 min + 5 overhead -> yield/h 1.958"
P15347,08:20:50.5,+47:20:48,SET 1.3,SET 300,2,3,2,PA,2.0,18.46,AB,r,R,7369:7449,D1 backup,"backup; D1; z=0.129; r=18.5; line Ha at 7409 A (R); trend fading (IR); last spectrum 25.8 yr ago; exposure model 10 min; DR16 quasar; WHY: P(broad Hbeta fell > 2x) = 0.48, P(continuum dimmed) = 0.08; optical fainter by 0.10 mag since the 441-51868-450 spectrum (ZTF vs synthetic); W1 faded 0.61 mag 2014-24; W1 amplitude 1.49 mag; manifold prior P_hb 0.21, direction turn-on-like; oct27: x1.0 moon, 10 min + 5 overhead -> yield/h 1.926"
P17120,08:54:22.9,+47:05:54,SET 1.3,SET 240,2,3,2,PA,2.0,18.25,AB,r,G,5713:5793,D1 backup,"backup; D1; z=0.184; r=18.2; line Hb at 5753 A (G); trend fading; last spectrum 24.8 yr ago; exposure model 8 min; DR16 quasar; WHY: P(broad Hbeta fell > 2x) = 0.42, P(continuum dimmed) = 0.04; optical fainter by 0.21 mag since the 764-52238-193 spectrum (ZTF vs synthetic); W1 faded 0.22 mag 2014-24; W1 amplitude 0.45 mag; manifold prior P_hb 0.08, direction neutral; oct27: x1.0 moon, 8 min + 5 overhead -> yield/h 1.921"
P22346,10:22:16.8,+41:55:46,SET 1.3,SET 240,2,3,2,PA,2.0,17.97,AB,r,R,7279:7359,D1 backup,"backup; D1; z=0.115; r=18.0; line Ha at 7319 A (R); trend flat/unknown; last spectrum 22.7 yr ago; exposure model 8 min; DR16 quasar; WHY: P(broad Hbeta fell > 2x) = 0.42, P(continuum dimmed) = 0.03; optical brighter by 0.02 mag since the 1358-52994-85 spectrum (ZTF vs synthetic); manifold prior P_hb 0.11, direction neutral; oct27: x1.0 moon, 8 min + 5 overhead -> yield/h 1.918"
P17280,08:51:45.9,+11:09:18,SET 1.3,SET 300,2,3,2,PA,2.0,18.44,AB,r,R,7381:7461,D1 backup,"backup; D1; z=0.131; r=18.4; line Ha at 7421 A (R); trend fading; last spectrum 2.8 yr ago; exposure model 10 min; DR16 quasar; WHY: P(broad Hbeta fell > 2x) = 0.48, P(continuum dimmed) = 0.04; optical fainter by 0.38 mag since the 2574-54084-542 spectrum (ZTF vs synthetic); W1 faded 0.25 mag 2014-24; W1 amplitude 0.62 mag; manifold prior P_hb 0.19, direction neutral; oct27: x1.0 moon, 10 min + 5 overhead -> yield/h 1.917"
P16249,08:29:09.2,+56:12:36,SET 1.3,SET 300,2,3,2,PA,2.0,18.47,AB,r,R,6196:6276,D1 backup,"backup; D1; z=0.283; r=18.5; line Hb at 6237 A (R); trend fading; last spectrum 21.7 yr ago; exposure model 10 min; DR16 quasar; WHY: P(broad Hbeta fell > 2x) = 0.46, P(continuum dimmed) = 0.03; optical fainter by 0.28 mag since the 1783-53386-491 spectrum (ZTF vs synthetic); manifold prior P_hb 0.03, direction neutral; oct27: x1.0 moon, 10 min + 5 overhead -> yield/h 1.833"
P20088,09:14:18.7,+54:20:33,SET 1.3,SET 240,2,3,2,PA,2.0,17.89,AB,r,R,7186:7266,D1 backup,"backup; D1; z=0.101; r=17.9; line Ha at 7227 A (R); trend fading (IR); last spectrum 25.4 yr ago; exposure model 8 min; DR16 quasar; WHY: P(broad Hbeta fell > 2x) = 0.39, P(continuum dimmed) = 0.03; optical fainter by 0.20 mag since the 554-52000-364 spectrum (ZTF vs synthetic); W1 faded 0.39 mag 2014-24; W1-W2 bluer by 0.21; W1 amplitude 0.55 mag; manifold prior P_hb 0.24, direction turn-on-like; oct27: x1.0 moon, 8 min + 5 overhead -> yield/h 1.82"
P24003,10:09:46.0,+52:34:41,SET 1.3,SET 240,2,3,2,PA,2.0,18.12,AB,r,G,5671:5751,D1 backup,"backup; D1; z=0.175; r=18.1; line Hb at 5711 A (G); trend fading (IR); last spectrum 24.4 yr ago; exposure model 8 min; DR16 quasar; WHY: P(broad Hbeta fell > 2x) = 0.39, P(continuum dimmed) = 0.05; optical fainter by 0.02 mag since the 903-52400-598 spectrum (ZTF vs synthetic); W1 faded 0.31 mag 2014-24; W1 amplitude 0.55 mag; manifold prior P_hb 0.10, direction neutral; oct27: x1.0 moon, 8 min + 5 overhead -> yield/h 1.818"
P25304,10:33:21.2,+43:23:02,SET 1.3,SET 390,2,3,2,PA,2.0,18.57,AB,r,R,5933:6013,D1 backup,"backup; D1; z=0.229; r=18.6; line Hb at 5974 A (R); trend fading; last spectrum 22.7 yr ago; exposure model 13 min; DR16 quasar; WHY: P(broad Hbeta fell > 2x) = 0.54, P(continuum dimmed) = 0.07; optical fainter by 0.24 mag since the 1429-52990-109 spectrum (ZTF vs synthetic); manifold prior P_hb 0.05, direction turn-off-like; oct27: x1.0 moon, 13 min + 5 overhead -> yield/h 1.785"
P5293,21:30:15.5,+11:20:10,SET 1.3,SET 240,2,3,2,PA,2.0,17.86,AB,r,R,7327:7407,D1 backup,"backup; D1; z=0.123; r=17.9; line Ha at 7368 A (R); trend fading; last spectrum 24.2 yr ago; exposure model 8 min; DR16 quasar; WHY: P(broad Hbeta fell > 2x) = 0.38, P(continuum dimmed) = 0.02; optical fainter by 0.23 mag since the 730-52466-593 spectrum (ZTF vs synthetic); W1 faded 0.34 mag 2014-24; manifold prior P_hb 0.08, direction neutral; oct27: x1.0 moon, 8 min + 5 overhead -> yield/h 1.76"
P4901,20:58:22.1,-06:50:04,SET 1.3,SET 240,2,3,2,PA,2.0,18.05,AB,r,R,7007:7087,D1 backup,"backup; D1; z=0.074; r=18.1; line Ha at 7047 A (R); trend fading (IR); last spectrum 25.0 yr ago; exposure model 8 min; DR16 quasar; WHY: P(broad Hbeta fell > 2x) = 0.38, P(continuum dimmed) = 0.02; optical fainter by 0.14 mag since the 636-52176-105 spectrum (ZTF vs synthetic); W1 faded 0.43 mag 2014-24; W1-W2 bluer by 0.12; W1 amplitude 0.54 mag; manifold prior P_hb 0.03, direction neutral; oct27: x1.0 moon, 8 min + 5 overhead -> yield/h 1.759"
P16919,08:41:54.0,+16:06:42,SET 1.3,SET 240,2,3,2,PA,2.0,18.06,AB,r,R,7495:7575,D1 backup,"backup; D1; z=0.148; r=18.1; line Ha at 7535 A (R); trend fading (IR); last spectrum 20.8 yr ago; exposure model 8 min; DR16 quasar; WHY: P(broad Hbeta fell > 2x) = 0.38, P(continuum dimmed) = 0.10; optical fainter by 0.02 mag since the 2278-53711-81 spectrum (ZTF vs synthetic); W1 faded 0.94 mag 2014-24; W1-W2 bluer by 0.29; W1 amplitude 0.95 mag; manifold prior P_hb 0.25, direction neutral; oct27: x1.0 moon, 8 min + 5 overhead -> yield/h 1.748"
P19471,09:28:02.0,+50:05:38,SET 1.3,SET 240,2,3,2,PA,2.0,18.34,AB,r,R,7193:7273,D1 backup,"backup; D1; z=0.102; r=18.3; line Ha at 7234 A (R); trend flat/unknown; last spectrum 23.7 yr ago; exposure model 8 min; DR16 quasar; WHY: P(broad Hbeta fell > 2x) = 0.38, P(continuum dimmed) = 0.02; optical fainter by 0.13 mag since the 901-52641-358 spectrum (ZTF vs synthetic); W1-W2 bluer by 0.24; W1 amplitude 0.49 mag; manifold prior P_hb 0.05, direction neutral; oct27: x1.0 moon, 8 min + 5 overhead -> yield/h 1.745"
P15322,08:02:21.0,+35:32:19,SET 1.3,SET 360,2,3,2,PA,2.0,18.54,AB,r,G,5715:5795,D1 backup,"backup; D1; z=0.184; r=18.5; line Hb at 5756 A (G); trend fading (IR); last spectrum 24.8 yr ago; exposure model 12 min; DR16 quasar; WHY: P(broad Hbeta fell > 2x) = 0.49, P(continuum dimmed) = 0.06; optical fainter by 0.20 mag since the 757-52238-37 spectrum (ZTF vs synthetic); W1 faded 0.33 mag 2014-24; W1-W2 bluer by 0.23; W1 amplitude 0.65 mag; manifold prior P_hb 0.15, direction turn-off-like; oct27: x1.0 moon, 12 min + 5 overhead -> yield/h 1.731"
P19220,09:18:56.0,+30:16:59,SET 1.3,SET 240,2,3,2,PA,2.0,18.29,AB,r,R,7474:7554,D1 backup,"backup; D1; z=0.145; r=18.3; line Ha at 7514 A (R); trend fading; last spectrum 21.7 yr ago; exposure model 8 min; DR16 quasar; WHY: P(broad Hbeta fell > 2x) = 0.37, P(continuum dimmed) = 0.02; optical fainter by 0.25 mag since the 1938-53379-198 spectrum (ZTF vs synthetic); W1 amplitude 0.43 mag; manifold prior P_hb 0.23, direction turn-on-like; oct27: x1.0 moon, 8 min + 5 overhead -> yield/h 1.72"
P18582,09:10:34.3,+03:13:28,SET 1.3,SET 240,2,3,2,PA,2.0,17.52,AB,r,R,7308:7388,D1 backup,"backup; D1; z=0.120; r=17.5; line Ha at 7348 A (R); trend fading; last spectrum 2.8 yr ago; exposure model 8 min; DR16 quasar; WHY: P(broad Hbeta fell > 2x) = 0.37, P(continuum dimmed) = 0.03; optical fainter by 0.36 mag since the 566-52238-70 spectrum (ZTF vs synthetic); W1 brightened 0.11 mag 2014-24; W1 amplitude 0.88 mag; manifold prior P_hb 0.19, direction turn-off-like; oct27: x1.0 moon, 8 min + 5 overhead -> yield/h 1.716"
P20234,09:05:31.7,+17:32:15,SET 1.3,SET 240,2,3,2,PA,2.0,18.06,AB,r,R,7364:7444,D1 backup,"backup; D1; z=0.128; r=18.1; line Ha at 7405 A (R); trend fading; last spectrum 20.4 yr ago; exposure model 8 min; DR16 quasar; WHY: P(broad Hbeta fell > 2x) = 0.37, P(continuum dimmed) = 0.02; optical fainter by 0.27 mag since the 2435-53828-453 spectrum (ZTF vs synthetic); W1 faded 0.12 mag 2014-24; manifold prior P_hb 0.13, direction neutral; oct27: x1.0 moon, 8 min + 5 overhead -> yield/h 1.709"
P25075,10:54:39.3,+47:51:44,SET 1.3,SET 240,2,3,2,PA,2.0,17.16,AB,r,R,7001:7081,D1 backup,"backup; D1; z=0.073; r=17.2; line Ha at 7041 A (R); trend fading; last spectrum 23.7 yr ago; exposure model 8 min; DR16 quasar; WHY: P(broad Hbeta fell > 2x) = 0.37, P(continuum dimmed) = 0.02; optical fainter by 0.29 mag since the 963-52643-557 spectrum (ZTF vs synthetic); manifold prior P_hb 0.11, direction neutral; oct27: x1.0 moon, 8 min + 5 overhead -> yield/h 1.698"
P23924,10:16:28.0,+46:30:52,SET 1.3,SET 240,2,3,2,PA,2.0,17.73,AB,r,R,7447:7527,D1 backup,"backup; D1; z=0.141; r=17.7; line Ha at 7487 A (R); trend fading; last spectrum 23.8 yr ago; exposure model 8 min; DR16 quasar; WHY: P(broad Hbeta fell > 2x) = 0.36, P(continuum dimmed) = 0.03; optical fainter by 0.26 mag since the 944-52614-374 spectrum (ZTF vs synthetic); W1-W2 bluer by 0.08; manifold prior P_hb 0.13, direction turn-off-like; oct27: x1.0 moon, 8 min + 5 overhead -> yield/h 1.673"
P20813,09:39:01.8,+08:48:17,SET 1.3,SET 240,2,3,2,PA,2.0,17.59,AB,r,R,7416:7496,D1 backup,"backup; D1; z=0.136; r=17.6; line Ha at 7457 A (R); trend fading; last spectrum 22.7 yr ago; exposure model 8 min; DR16 quasar; WHY: P(broad Hbeta fell > 2x) = 0.36, P(continuum dimmed) = 0.03; optical fainter by 0.21 mag since the 1304-52993-65 spectrum (ZTF vs synthetic); W1 faded 0.19 mag 2014-24; W1-W2 bluer by 0.10; W1 amplitude 0.52 mag; manifold prior P_hb 0.13, direction turn-off-like; oct27: x1.0 moon, 8 min + 5 overhead -> yield/h 1.654"
P19648,09:28:54.1,+52:24:16,SET 1.3,SET 450,2,3,2,PA,2.0,18.66,AB,r,R,5825:5905,D1 backup,"backup; D1; z=0.207; r=18.7; line Hb at 5866 A (R); trend fading; last spectrum 24.8 yr ago; exposure model 15 min; DR16 quasar; WHY: P(broad Hbeta fell > 2x) = 0.55, P(continuum dimmed) = 0.07; optical fainter by 0.29 mag since the 767-52252-522 spectrum (ZTF vs synthetic); W1 faded 0.40 mag 2014-24; W1-W2 bluer by 0.17; W1 amplitude 0.47 mag; manifold prior P_hb 0.11, direction neutral; oct27: x1.0 moon, 15 min + 5 overhead -> yield/h 1.643"
P16733,08:31:05.4,+48:42:32,SET 1.3,SET 240,2,3,2,PA,2.0,18.17,AB,r,G,5645:5725,D1 backup,"backup; D1; z=0.170; r=18.2; line Hb at 5686 A (G); trend fading; last spectrum 25.8 yr ago; exposure model 8 min; DR16 quasar; WHY: P(broad Hbeta fell > 2x) = 0.35, P(continuum dimmed) = 0.02; optical fainter by 0.21 mag since the 443-51873-46 spectrum (ZTF vs synthetic); W1 faded 0.21 mag 2014-24; manifold prior P_hb 0.12, direction neutral; oct27: x1.0 moon, 8 min + 5 overhead -> yield/h 1.625"
P17407,08:36:58.9,+44:26:02,SET 1.3,SET 240,2,3,2,PA,2.0,15.61,AB,r,R,6057:6137,B backup,"backup; B; z=0.254; r=15.6; line Hb at 6098 A (R); trend flat/unknown; last spectrum 24.8 yr ago; exposure model 8 min; DR16 quasar; WHY: BLIND manifold stratum (W1 manifold, Hemmati+2026): literature-CLAGN region, 26% of the 50 nearest training objects are literature CLAGNs, archival SDSS spectrum as baseline, no photometric trigger; optical fainter by 0.17 mag since the 762-52232-498 spectrum (ZTF vs synthetic); W1 faded 0.17 mag 2014-24; W1-W2 redder by 0.11; log Edd -0.63; manifold prior P_hb 0.11 (literature corner), direction turn-on-like; oct27: x1.0 moon, 8 min + 5 overhead"
P4869,17:30:52.7,+60:25:17,SET 1.3,SET 240,2,3,2,PA,2.0,17.81,AB,r,G,4799:4879,B backup,"backup; B; z=0.730; r=17.8; line MgII at 4839 A (G); trend flat/unknown; last spectrum 26.0 yr ago; exposure model 8 min; DR16 quasar; WHY: BLIND manifold stratum (W1 manifold, Hemmati+2026): literature-CLAGN region, 24% of the 50 nearest training objects are literature CLAGNs, archival SDSS spectrum as baseline, no photometric trigger; optical fainter by 0.16 mag since the 354-51792-113 spectrum (ZTF vs synthetic); log Edd -0.62; manifold prior P_hb 0.11 (literature corner), direction turn-off-like; oct27: x1.0 moon, 8 min + 5 overhead -> yield/h 1.108"
