objectid,name,ux,uy,knn_lit_frac,is_zeltyn,zeltyn_density,in_litregion,in_zeltynregion
3,P3,13.035762,9.146143,0.12,False,0.77,False,False
28,P28,12.916149,12.867795,0.1,False,0.77,False,False
103,P103,16.986837,3.3192089,0.12,False,0.77,False,False
129,P129,12.050877,12.354922,0.06,False,1.1549999999999998,False,False
190,P190,14.9344,6.822889,0.08,False,0.385,False,False
192,P192,13.942871,7.2028527,0.12,False,0.77,False,False
229,P229,11.754656,8.455119,0.1,False,1.925,False,True
410,P410,12.532614,8.252157,0.14,False,1.1549999999999998,False,True
458,P458,14.447427,13.000136,0.08,False,0.0,False,False
472,P472,16.083368,13.585781,0.1,False,1.925,False,False
501,P501,9.877423,17.583435,0.06,False,1.54,False,False
517,P517,12.857213,11.553739,0.06,False,0.0,False,False
521,P521,10.585992,17.932774,0.1,False,1.1549999999999998,False,False
543,P543,14.016694,6.2989764,0.14,False,1.54,True,True
558,P558,12.48172,8.515578,0.1,False,1.1549999999999998,False,True
659,P659,14.92276,8.883693,0.12,False,0.0,False,False
669,P669,11.907885,8.07544,0.12,False,1.54,False,True
790,P790,14.470279,6.2719526,0.1,False,1.54,False,False
803,P803,13.734729,6.384948,0.12,False,1.1549999999999998,True,True
815,P815,11.270276,11.929937,0.1,False,1.54,False,False
933,P933,9.186376,13.257875,0.1,False,2.6950000000000003,False,True
1060,P1060,9.329261,17.746967,0.1,False,1.54,False,False
1170,P1170,17.629831,2.3739374,0.16,False,0.77,False,False
1177,P1177,16.84637,3.1628795,0.12,False,0.77,False,False
1184,P1184,10.089486,14.177523,0.12,False,1.925,False,True
1283,P1283,18.883383,2.042693,0.14,False,0.385,False,False
1343,P1343,12.521132,8.63487,0.08,False,1.1549999999999998,False,True
1370,P1370,12.818024,10.954695,0.06,False,0.0,False,False
1455,P1455,12.213849,14.078542,0.08,False,1.925,False,False
1484,P1484,10.771874,9.834376,0.12,False,2.3099999999999996,False,True
1642,P1642,15.008586,6.3305383,0.08,False,0.77,False,False
1655,P1655,11.312548,11.1939125,0.12,False,1.1549999999999998,False,False
1709,P1709,12.663123,7.115426,0.18,False,2.3099999999999996,False,False
1750,P1750,14.624692,9.128828,0.12,False,0.0,False,False
1823,P1823,12.796213,7.148579,0.18,False,1.925,False,False
1827,P1827,12.43702,17.770763,0.06,False,0.385,False,False
1854,P1854,16.424833,5.0169673,0.12,False,0.77,False,False
1860,P1860,15.773055,9.986005,0.06,False,0.0,False,False
1871,P1871,10.179813,12.987243,0.08,False,1.54,False,True
1907,P1907,14.662226,5.1902375,0.08,False,2.3099999999999996,False,False
1972,P1972,14.90567,8.0015135,0.14,False,0.0,False,False
1988,P1988,14.448453,17.08236,0.08,False,1.1549999999999998,False,False
2044,P2044,13.175442,12.930331,0.06,False,0.385,False,False
2051,P2051,10.774748,19.202991,0.06,False,0.0,False,False
2070,P2070,16.08911,15.565062,0.08,False,1.1549999999999998,False,False
2157,P2157,8.337937,20.178745,0.14,False,0.77,False,False
2196,P2196,15.41236,5.3859377,0.1,False,1.54,False,False
2207,P2207,17.358496,2.5893228,0.14,False,0.77,False,False
2225,P2225,13.451023,6.394897,0.12,False,1.1549999999999998,True,True
2253,P2253,14.436735,8.259615,0.12,False,0.0,False,False
2254,P2254,12.671972,12.746605,0.1,False,1.1549999999999998,False,False
2256,P2256,17.718393,5.544767,0.1,False,0.385,False,False
2258,P2258,12.0209465,14.753523,0.08,False,2.3099999999999996,False,False
2335,P2335,9.261141,20.176453,0.1,False,0.77,False,False
2372,P2372,11.961952,9.852046,0.04,False,0.385,False,False
2462,P2462,12.467368,10.173776,0.06,False,0.77,False,False
2558,P2558,9.090421,15.74281,0.08,False,2.6950000000000003,False,False
2583,P2583,6.14329,23.70982,0.06,False,1.1549999999999998,False,False
2593,P2593,13.375003,9.705915,0.12,False,0.385,False,False
2618,P2618,6.637999,19.616814,0.2,False,3.465,False,True
2624,P2624,7.626964,19.850035,0.12,False,1.54,False,False
2638,P2638,12.489829,12.475437,0.1,False,0.77,False,False
2650,P2650,12.088627,10.96747,0.08,False,0.385,False,False
2680,P2680,6.4286866,21.492388,0.18,False,4.619999999999999,False,True
2707,P2707,8.631819,18.094063,0.2,False,1.54,False,False
2712,P2712,11.245451,18.944883,0.06,False,0.0,False,False
2714,P2714,18.133823,3.252214,0.22,False,0.77,False,False
2717,P2717,12.931401,15.116996,0.04,False,1.1549999999999998,False,False
2732,P2732,11.109722,12.082117,0.1,False,1.54,False,False
2740,P2740,14.851889,6.1757073,0.14,False,1.54,False,False
2745,P2745,10.81736,10.694578,0.14,False,1.925,False,False
2759,P2759,11.023952,11.249107,0.12,False,1.1549999999999998,False,False
2767,P2767,15.662055,9.218764,0.06,False,0.0,False,False
2793,P2793,12.591753,15.07955,0.02,False,1.54,False,False
2855,P2855,14.021165,6.464462,0.14,False,1.54,True,True
2874,P2874,7.845625,22.26222,0.1,False,0.77,False,False
2879,P2879,14.649097,5.8863597,0.1,False,2.3099999999999996,False,False
2911,P2911,18.723953,9.661066,0.06,False,0.0,False,False
2920,P2920,10.678928,12.465198,0.06,False,1.1549999999999998,False,True
2921,P2921,11.319262,11.91557,0.1,False,1.54,False,False
2927,P2927,15.858842,9.232907,0.02,False,0.0,False,False
2949,P2949,10.356285,20.627804,0.08,False,0.77,False,False
3013,P3013,13.694239,5.9010816,0.12,False,1.1549999999999998,True,True
3024,P3024,11.902699,10.180845,0.08,False,0.77,False,False
3067,P3067,6.8835936,22.088951,0.08,False,2.6950000000000003,False,True
3089,P3089,11.812456,13.207608,0.06,False,1.54,False,False
3095,P3095,7.5940766,17.355108,0.16,False,3.465,False,False
3109,P3109,14.058493,5.807218,0.1,False,2.3099999999999996,True,True
3167,P3167,9.743644,17.838137,0.08,False,1.54,False,False
3178,P3178,9.252334,20.193974,0.1,False,0.77,False,False
3209,P3209,10.278189,14.985158,0.06,False,1.925,False,True
3274,P3274,10.331411,13.906824,0.1,False,1.925,False,True
3326,P3326,14.833582,5.4121804,0.08,False,2.6950000000000003,False,False
3340,P3340,11.980966,12.101115,0.04,False,0.77,False,False
3368,P3368,8.5142565,17.067091,0.1,False,1.925,False,False
3380,P3380,10.465053,14.392487,0.08,False,1.1549999999999998,False,True
3417,P3417,9.827762,14.571193,0.08,False,2.6950000000000003,False,True
3426,P3426,16.027412,8.065747,0.1,False,0.0,False,False
3427,P3427,16.176981,3.7090707,0.12,False,1.1549999999999998,False,True
3438,P3438,13.07048,7.9098463,0.12,False,0.77,False,False
3439,P3439,13.592168,15.469861,0.02,False,1.1549999999999998,False,False
3441,P3441,16.833334,4.655898,0.1,False,0.77,False,False
3452,P3452,12.688787,7.903723,0.14,False,1.54,False,False
3456,P3456,8.296533,17.28786,0.14,False,1.54,False,False
3468,P3468,12.918391,13.055486,0.08,False,0.77,False,False
3475,P3475,16.931814,2.6499918,0.14,False,1.1549999999999998,False,False
3478,P3478,14.353924,4.7016325,0.1,False,2.3099999999999996,True,True
3485,P3485,15.78317,3.9759254,0.14,False,1.925,False,True
3520,P3520,12.155368,10.490654,0.06,False,0.385,False,False
3542,P3542,12.346281,9.249177,0.06,False,0.77,False,False
3557,P3557,13.270703,14.398348,0.04,False,1.1549999999999998,False,False
3570,P3570,14.3486805,5.5511894,0.12,False,2.3099999999999996,True,True
3582,P3582,17.604582,2.7497067,0.14,False,0.77,False,False
3583,P3583,12.247999,15.240545,0.06,False,1.54,False,False
3603,P3603,16.909744,9.416375,0.04,False,0.385,False,False
3611,P3611,11.962081,9.690491,0.04,False,0.385,False,False
3623,P3623,6.7071047,21.620338,0.18,False,4.619999999999999,False,True
3691,P3691,11.938773,9.562202,0.04,False,0.77,False,False
3694,P3694,12.049503,8.581278,0.1,False,1.54,False,True
3706,P3706,15.664835,3.9624162,0.12,False,1.925,False,True
3718,P3718,13.507911,11.412849,0.1,False,0.0,False,False
3734,P3734,11.41005,13.6132965,0.12,False,2.3099999999999996,False,False
3754,P3754,13.8846855,6.296972,0.12,False,1.54,True,True
3755,P3755,16.57989,3.0947325,0.12,False,0.77,False,False
3800,P3800,9.1773405,19.362389,0.12,False,1.1549999999999998,False,False
3813,P3813,12.266515,8.174088,0.12,False,1.1549999999999998,False,True
3863,P3863,18.066006,11.805326,0.02,False,0.0,False,False
3881,P3881,12.469884,13.831369,0.06,False,1.1549999999999998,False,False
3888,P3888,9.994184,17.951435,0.1,False,1.54,False,False
3912,P3912,11.846827,12.644608,0.06,False,1.1549999999999998,False,False
3922,P3922,16.589842,10.991153,0.04,False,0.0,False,False
3973,P3973,11.894586,9.261227,0.06,False,1.54,False,False
3995,P3995,12.114727,9.355375,0.06,False,0.77,False,False
3998,P3998,6.650496,19.864271,0.18,False,3.465,False,True
4011,P4011,15.326185,4.2635894,0.12,False,1.925,False,True
4017,P4017,12.442886,11.664055,0.08,False,0.0,False,False
4033,P4033,18.57106,2.0484958,0.16,False,0.385,False,False
4035,P4035,19.051796,8.353962,0.1,False,0.0,False,False
4086,P4086,11.218927,10.964405,0.14,False,1.54,False,False
4091,P4091,8.710138,16.38809,0.1,False,1.54,False,False
4103,P4103,14.273283,7.1160655,0.12,False,1.1549999999999998,False,False
4107,P4107,10.314495,13.255994,0.08,False,1.925,False,True
4122,P4122,17.752745,3.69383,0.14,False,0.385,False,False
4125,P4125,14.581344,8.362221,0.14,False,0.0,False,False
4127,P4127,10.767224,12.061017,0.1,False,1.54,False,True
4177,P4177,13.038997,9.692746,0.1,False,0.385,False,False
4187,P4187,17.52253,11.333433,0.02,False,0.0,False,False
4220,P4220,11.875331,11.683481,0.08,False,1.1549999999999998,False,False
4234,P4234,18.36525,2.5049098,0.18,False,0.385,False,False
4235,P4235,12.5381155,9.031907,0.08,False,0.77,False,False
4270,P4270,11.575627,11.50937,0.12,False,1.1549999999999998,False,False
4285,P4285,14.672655,5.2487507,0.08,False,2.6950000000000003,False,False
4289,P4289,13.385171,7.6376333,0.16,False,0.385,False,False
4301,P4301,14.225234,8.91497,0.1,False,0.0,False,False
4311,P4311,11.901136,15.702592,0.04,False,1.54,False,False
4344,P4344,7.0544434,19.842728,0.18,False,1.925,False,True
4357,P4357,17.319027,14.797432,0.06,False,0.385,False,False
4368,P4368,18.807653,3.123993,0.2,False,0.385,False,False
4411,P4411,12.005979,8.688837,0.1,False,1.54,False,True
4416,P4416,12.398696,13.589447,0.06,False,1.1549999999999998,False,False
4529,P4529,16.435,14.145139,0.06,False,1.54,False,False
4538,P4538,12.472396,9.033453,0.08,False,0.77,False,False
4549,P4549,13.739076,6.776497,0.14,False,1.1549999999999998,False,False
4569,P4569,14.616937,6.3667293,0.1,False,1.1549999999999998,False,False
4572,P4572,16.102324,12.777587,0.08,False,1.54,False,False
4577,P4577,13.328218,14.416752,0.04,False,1.1549999999999998,False,False
4581,P4581,7.82726,19.100826,0.12,False,2.3099999999999996,False,False
4598,P4598,12.535667,16.350452,0.02,False,0.385,False,False
4612,P4612,17.507893,7.0260406,0.04,False,0.0,False,False
4631,P4631,18.865677,7.6342936,0.1,False,0.77,False,False
4660,P4660,16.167297,4.324864,0.14,False,1.54,False,True
4664,P4664,11.313245,10.318935,0.12,False,1.925,False,False
4665,P4665,16.962116,5.649383,0.1,False,0.0,False,False
4675,P4675,8.156928,22.848314,0.12,False,0.385,False,False
4691,P4691,12.746058,7.787719,0.12,False,1.54,False,False
4695,P4695,18.59813,9.626132,0.08,False,0.0,False,False
4711,P4711,11.264536,17.055614,0.06,False,0.385,False,False
4750,P4750,13.385728,8.504124,0.12,False,0.385,False,False
4753,P4753,19.184998,1.9023719,0.14,False,0.385,False,False
4754,P4754,14.097585,7.6096387,0.14,False,0.385,False,False
4767,P4767,16.083063,16.952818,0.1,False,1.925,False,False
4787,P4787,15.530745,10.00649,0.04,False,0.0,False,False
4857,P4857,12.727148,10.519564,0.08,False,0.385,False,False
4869,P4869,13.525289,6.0925817,0.12,False,1.1549999999999998,True,True
4872,P4872,10.442959,18.300962,0.12,False,0.77,False,False
4935,P4935,9.595202,13.597863,0.1,False,2.6950000000000003,False,True
4944,P4944,15.730554,10.989968,0.02,False,0.0,False,False
4981,P4981,12.863433,16.216715,0.0,False,1.1549999999999998,False,False
4986,P4986,14.95763,4.7498565,0.08,False,1.54,False,False
5027,P5027,12.23993,11.32645,0.08,False,0.385,False,False
5053,P5053,18.341932,2.5262473,0.18,False,0.385,False,False
5061,P5061,10.640493,15.095904,0.06,False,2.6950000000000003,False,True
5072,P5072,16.19793,3.3171728,0.16,False,1.1549999999999998,False,True
5099,P5099,10.955552,10.7395,0.14,False,1.925,False,False
5113,P5113,14.414616,5.1755576,0.1,False,2.6950000000000003,False,False
5125,P5125,19.290705,7.412282,0.1,False,1.1549999999999998,False,False
5147,P5147,6.565293,19.471048,0.2,False,3.08,False,True
5187,P5187,10.434141,12.643935,0.08,False,1.1549999999999998,False,True
5204,P5204,17.350775,8.510708,0.06,False,0.385,False,False
5208,P5208,8.999866,15.759248,0.08,False,2.6950000000000003,False,False
5224,P5224,9.64779,14.181545,0.1,False,2.6950000000000003,False,True
5291,P5291,16.919037,7.4338565,0.06,False,0.0,False,False
5292,P5292,14.232583,5.5715656,0.12,False,2.3099999999999996,True,True
5314,P5314,16.427254,11.050881,0.02,False,0.0,False,False
5352,P5352,11.412548,10.510883,0.12,False,1.925,False,False
5372,P5372,10.628121,12.679783,0.06,False,1.1549999999999998,False,True
5383,P5383,17.35871,5.672354,0.08,False,0.0,False,False
5390,P5390,17.681282,12.550772,0.04,False,1.1549999999999998,False,False
5398,P5398,12.551825,7.9172463,0.14,False,1.54,False,True
5405,P5405,12.5203905,13.001572,0.06,False,1.54,False,False
5408,P5408,8.973161,16.672771,0.16,False,1.1549999999999998,False,False
5431,P5431,11.4791565,20.858488,0.06,False,1.1549999999999998,False,False
5450,P5450,17.64242,2.3301032,0.16,False,0.77,False,False
5453,P5453,12.424392,11.535723,0.08,False,0.0,False,False
5487,P5487,15.175435,7.8970227,0.14,False,0.0,False,False
5495,P5495,12.192797,8.33605,0.08,False,1.1549999999999998,False,True
5509,P5509,11.992976,14.823368,0.06,False,1.925,False,False
5523,P5523,18.012842,1.8996428,0.14,False,0.385,False,False
5524,P5524,9.607796,14.997592,0.1,False,2.3099999999999996,False,True
5527,P5527,10.9530735,13.02044,0.04,False,1.925,False,False
5532,P5532,11.131092,12.578631,0.08,False,1.54,False,False
5554,P5554,7.944395,17.945013,0.2,False,3.08,False,False
5561,P5561,12.111154,15.858141,0.02,False,1.54,False,False
5564,P5564,15.455083,14.067511,0.08,False,0.77,False,False
5571,P5571,11.716426,10.548086,0.1,False,1.54,False,False
5572,P5572,12.25653,7.152279,0.14,False,1.54,False,True
5635,P5635,14.651916,13.21195,0.08,False,0.0,False,False
5642,P5642,11.564901,10.245322,0.1,False,1.925,False,False
5644,P5644,18.430529,5.880962,0.06,False,0.77,False,False
5648,P5648,11.597776,8.245262,0.1,False,1.925,False,True
5650,P5650,10.463728,20.389904,0.1,False,0.77,False,False
5656,P5656,13.145323,7.0043626,0.16,False,1.1549999999999998,False,False
5716,P5716,8.408171,17.56198,0.14,False,1.925,False,False
5742,P5742,13.670012,6.847768,0.14,False,1.1549999999999998,False,False
5835,P5835,17.179562,2.2473571,0.14,False,1.1549999999999998,False,False
5862,P5862,12.776668,7.243979,0.16,False,1.1549999999999998,False,False
5915,P5915,12.278306,7.5752473,0.14,False,1.54,False,True
6084,P6084,17.340137,2.2905524,0.14,False,0.77,False,False
6184,P6184,17.469198,2.704667,0.14,False,0.77,False,False
6194,P6194,14.920075,14.816647,0.04,False,0.0,False,False
6259,P6259,17.322247,8.550806,0.04,False,0.385,False,False
6270,P6270,12.593916,12.945386,0.08,False,1.1549999999999998,False,False
6386,P6386,16.27329,4.9668827,0.12,False,1.1549999999999998,False,False
6406,P6406,8.465702,15.528611,0.08,False,3.85,False,True
6430,P6430,14.305733,6.39561,0.1,False,1.54,True,True
6431,P6431,13.959781,7.1638055,0.14,False,0.77,False,False
6556,P6556,10.882711,13.241733,0.04,False,1.54,False,False
6933,P6933,12.3515,8.186128,0.12,False,1.1549999999999998,False,True
7033,P7033,13.778049,6.770853,0.14,False,1.1549999999999998,False,False
7147,P7147,10.160508,14.994161,0.08,False,1.925,False,True
7195,P7195,17.638203,3.4980078,0.12,False,0.385,False,False
7200,P7200,14.361251,12.814531,0.06,False,0.0,False,False
7367,P7367,9.544412,15.531516,0.06,False,1.925,False,True
7738,P7738,16.563461,3.299297,0.12,False,0.77,False,False
7962,P7962,6.508999,20.75279,0.2,False,3.465,False,True
8288,P8288,11.820389,12.057636,0.08,False,0.77,False,False
8494,P8494,15.632015,4.013701,0.12,False,1.925,False,True
8892,P8892,18.434624,2.382755,0.18,False,0.385,False,False
8961,P8961,10.269741,13.357884,0.08,False,1.925,False,True
9227,P9227,10.516588,12.931352,0.1,False,1.1549999999999998,False,True
14045,P14045,11.97982,9.219567,0.06,False,1.54,False,False
14049,P14049,15.355938,4.6792445,0.1,False,1.925,False,False
14207,P14207,9.990965,14.629491,0.08,False,2.3099999999999996,False,True
14221,P14221,15.846178,4.2568,0.14,False,1.925,False,True
14236,P14236,12.337885,8.914026,0.1,False,1.1549999999999998,False,False
14246,P14246,14.994312,7.1067667,0.1,False,0.77,False,False
14255,P14255,6.960706,18.170017,0.2,False,3.85,False,True
14273,P14273,10.765841,12.811784,0.04,False,1.54,False,True
14316,P14316,7.663162,19.309868,0.14,False,1.925,False,False
14354,P14354,11.345773,13.093605,0.06,False,1.925,False,False
14358,P14358,18.31589,11.893193,0.02,False,0.0,False,False
14402,P14402,12.691918,8.2865925,0.12,False,1.1549999999999998,False,False
14413,P14413,15.750049,3.9492552,0.14,False,1.925,False,True
14431,P14431,3.8906372,24.453653,0.04,False,0.385,False,False
14432,P14432,6.8682113,17.506098,0.16,False,3.465,False,True
14440,P14440,17.413532,14.602578,0.06,False,0.385,False,False
14468,P14468,11.681971,12.4455185,0.02,False,1.1549999999999998,False,False
14475,P14475,12.862876,19.463936,0.06,False,0.385,False,False
14487,P14487,16.40649,4.7400007,0.14,False,0.385,False,False
14488,P14488,17.837412,4.195785,0.14,False,0.385,False,False
14494,P14494,12.201408,8.522686,0.08,False,1.1549999999999998,False,True
14532,P14532,14.408946,5.254211,0.1,False,2.6950000000000003,False,False
14565,P14565,13.81289,6.05646,0.12,False,1.54,True,True
14631,P14631,12.477466,8.210158,0.14,False,1.1549999999999998,False,True
14633,P14633,15.117993,6.4239187,0.1,False,0.385,False,False
14634,P14634,6.1996613,24.178514,0.06,False,0.77,False,False
14635,P14635,13.271476,10.663374,0.08,False,0.385,False,False
14650,P14650,14.864814,6.188728,0.12,False,1.54,False,False
14667,P14667,14.132936,6.2036276,0.12,False,1.54,True,True
14694,P14694,11.923499,8.071211,0.12,False,1.54,False,True
14695,P14695,10.633715,14.932165,0.04,False,2.3099999999999996,False,True
14703,P14703,6.6672335,21.102766,0.18,False,3.85,False,True
14758,P14758,8.418516,22.761147,0.1,False,0.385,False,False
14766,P14766,11.510019,13.760338,0.1,False,1.925,False,False
14768,P14768,11.460999,11.374423,0.1,False,1.1549999999999998,False,False
14804,P14804,9.167675,16.733654,0.14,False,1.54,False,False
14812,P14812,16.291336,15.888446,0.08,False,0.77,False,False
14836,P14836,15.540518,4.416712,0.12,False,1.925,False,False
14844,P14844,13.868775,5.957272,0.12,False,1.54,True,True
14861,P14861,13.073957,6.5633883,0.16,False,1.1549999999999998,True,True
14868,P14868,10.248013,15.108709,0.08,False,1.54,False,True
14873,P14873,11.956096,8.568385,0.1,False,1.925,False,True
14886,P14886,19.716753,10.486193,0.06,False,0.0,False,False
14895,P14895,12.514067,9.457877,0.08,False,0.77,False,False
14934,P14934,10.305385,12.3136215,0.08,False,1.925,False,True
14952,P14952,12.004089,9.400583,0.06,False,0.77,False,False
14992,P14992,18.129408,2.0297537,0.16,False,0.385,False,False
15008,P15008,8.829527,18.172142,0.2,False,1.54,False,False
15010,P15010,13.964633,5.6931744,0.12,False,2.6950000000000003,True,True
15017,P15017,9.469302,19.785564,0.08,False,0.77,False,False
15019,P15019,12.961075,8.245472,0.16,False,0.77,False,False
15022,P15022,18.51275,2.8116827,0.2,False,0.385,False,False
15024,P15024,11.520835,11.592724,0.12,False,1.54,False,False
15051,P15051,10.46786,15.1502495,0.06,False,1.925,False,True
15080,P15080,10.315844,21.362194,0.08,False,0.77,False,False
15126,P15126,7.9886246,21.5684,0.16,False,0.77,False,False
15151,P15151,11.204319,11.233624,0.12,False,1.1549999999999998,False,False
15175,P15175,8.016563,18.984274,0.12,False,3.08,False,False
15211,P15211,15.774095,16.867813,0.12,False,1.925,False,False
15229,P15229,13.028742,7.687334,0.12,False,0.77,False,False
15234,P15234,15.175185,5.4766507,0.08,False,1.54,False,False
15246,P15246,11.207365,11.276281,0.12,False,1.1549999999999998,False,False
15253,P15253,9.818648,15.76741,0.04,False,1.925,False,False
15255,P15255,15.454734,4.9714465,0.12,False,1.54,False,False
15275,P15275,15.3682165,4.064445,0.1,False,1.925,False,True
15296,P15296,6.9121494,19.168867,0.2,False,2.3099999999999996,False,True
15320,P15320,17.289286,13.002806,0.04,False,2.3099999999999996,False,False
15391,P15391,7.9810967,15.882251,0.14,False,2.6950000000000003,False,False
15392,P15392,12.601356,17.191435,0.02,False,0.77,False,False
15401,P15401,17.397217,7.421326,0.04,False,0.0,False,False
15405,P15405,19.029392,2.9800978,0.16,False,0.385,False,False
15420,P15420,10.523936,13.824279,0.1,False,1.54,False,True
15435,P15435,8.783482,17.027664,0.14,False,1.54,False,False
15439,P15439,13.036606,8.634451,0.14,False,0.385,False,False
15441,P15441,17.289522,6.64855,0.08,False,0.0,False,False
15444,P15444,13.513081,6.966319,0.18,False,1.1549999999999998,False,False
15447,P15447,12.579359,19.459364,0.02,False,0.385,False,False
15451,P15451,11.772692,9.524044,0.06,False,1.54,False,False
15459,P15459,15.336296,4.582253,0.12,False,1.925,False,False
15464,P15464,14.831688,17.439564,0.08,False,0.77,False,False
15493,P15493,6.550683,21.455782,0.16,False,4.619999999999999,False,True
15514,P15514,10.821045,14.123477,0.1,False,1.925,False,False
15525,P15525,13.81555,5.5715413,0.12,False,2.6950000000000003,True,True
15537,P15537,18.282314,4.577061,0.14,False,0.385,False,False
15562,P15562,13.815684,6.955096,0.14,False,1.1549999999999998,False,False
15569,P15569,15.080319,5.090698,0.06,False,1.54,False,False
15579,P15579,7.1724253,22.290264,0.06,False,2.3099999999999996,False,True
15589,P15589,16.356516,3.2375274,0.12,False,1.1549999999999998,False,False
15603,P15603,10.981167,14.631445,0.04,False,1.925,False,False
15612,P15612,9.510458,16.36019,0.1,False,2.6950000000000003,False,False
15616,P15616,7.3587575,16.693613,0.18,False,3.08,False,False
15643,P15643,16.865671,4.6584606,0.1,False,0.77,False,False
15670,P15670,20.019499,10.759563,0.02,False,0.0,False,False
15678,P15678,14.769555,11.393511,0.04,False,0.0,False,False
15682,P15682,10.963632,12.732568,0.06,False,1.54,False,False
15697,P15697,18.200853,9.489241,0.1,False,0.385,False,False
15714,P15714,17.99567,12.7629385,0.0,False,0.77,False,False
15734,P15734,15.831626,3.4517303,0.1,False,1.925,False,True
15739,P15739,8.518104,13.983924,0.14,False,3.465,False,True
15742,P15742,11.801978,10.129144,0.08,False,0.77,False,False
15745,P15745,15.776848,4.465601,0.12,False,1.925,False,False
15780,P15780,10.6933365,11.208017,0.12,False,1.54,False,True
15791,P15791,16.116688,3.2672179,0.16,False,1.1549999999999998,False,True
15799,P15799,8.863186,15.990931,0.06,False,2.6950000000000003,False,False
15821,P15821,12.018119,7.4531016,0.14,False,1.54,False,True
15823,P15823,19.956282,10.867382,0.02,False,0.0,False,False
15835,P15835,14.099393,6.3470387,0.12,False,1.54,True,True
15855,P15855,10.631527,14.302217,0.1,False,1.54,False,True
15870,P15870,14.338653,5.703442,0.1,False,2.3099999999999996,True,True
15876,P15876,10.236924,16.002378,0.02,False,1.54,False,False
15892,P15892,17.402231,12.691273,0.04,False,1.54,False,False
15895,P15895,13.584113,7.278,0.14,False,0.77,False,False
15902,P15902,18.30939,8.661135,0.08,False,0.385,False,False
15907,P15907,13.143365,10.751925,0.1,False,0.385,False,False
15913,P15913,10.552269,12.7634535,0.06,False,0.77,False,True
15955,P15955,16.21269,5.604123,0.12,False,1.1549999999999998,False,False
15975,P15975,19.123295,3.431607,0.2,False,0.0,False,False
15980,P15980,14.644023,13.070005,0.08,False,0.0,False,False
15996,P15996,13.997841,14.987881,0.04,False,0.77,False,False
16004,P16004,10.9341,14.955318,0.08,False,1.925,False,False
16009,P16009,13.089663,7.0356584,0.16,False,1.1549999999999998,False,False
16035,P16035,13.3783655,6.1526623,0.12,False,1.1549999999999998,True,True
16042,P16042,16.293936,4.946678,0.12,False,1.1549999999999998,False,False
16051,P16051,10.768757,12.236637,0.1,False,1.54,False,True
16079,P16079,18.614706,3.4612248,0.2,False,0.77,False,False
16110,P16110,12.711568,7.961922,0.14,False,1.54,False,False
16145,P16145,8.935252,16.880173,0.16,False,1.1549999999999998,False,False
16176,P16176,11.079865,11.726138,0.1,False,1.54,False,False
16180,P16180,10.970858,12.353336,0.06,False,1.54,False,False
16183,P16183,10.092001,15.351195,0.04,False,1.54,False,True
16218,P16218,13.68897,6.113395,0.12,False,1.54,True,True
16233,P16233,15.37029,4.3807416,0.12,False,1.925,False,False
16250,P16250,18.710247,12.579041,0.0,False,0.0,False,False
16253,P16253,11.861991,8.271259,0.1,False,1.925,False,True
16263,P16263,11.773125,10.4742,0.1,False,1.1549999999999998,False,False
16285,P16285,7.531968,19.83778,0.16,False,1.54,False,False
16290,P16290,13.419909,6.843756,0.14,False,1.1549999999999998,False,False
16291,P16291,18.14008,5.9555383,0.06,False,0.77,False,False
16307,P16307,8.503936,17.494852,0.14,False,1.54,False,False
16319,P16319,12.330938,11.052861,0.08,False,0.385,False,False
16320,P16320,16.552319,12.751581,0.08,False,2.3099999999999996,False,False
16338,P16338,8.495408,19.737204,0.12,False,0.77,False,False
16345,P16345,7.8134413,15.262701,0.12,False,3.465,False,True
16359,P16359,12.676644,11.00108,0.06,False,0.0,False,False
16393,P16393,11.261966,11.692278,0.1,False,1.54,False,False
16410,P16410,15.518257,17.350462,0.1,False,1.54,False,False
16420,P16420,17.228209,14.944245,0.06,False,0.385,False,False
16484,P16484,19.457762,8.058131,0.1,False,0.385,False,False
16509,P16509,16.361189,15.7106285,0.06,False,0.77,False,False
16555,P16555,12.294467,8.291046,0.1,False,1.1549999999999998,False,True
16566,P16566,9.850762,15.078868,0.06,False,2.3099999999999996,False,True
16576,P16576,11.359269,11.85637,0.1,False,1.54,False,False
16584,P16584,13.015842,20.068993,0.06,False,0.385,False,False
16590,P16590,10.870422,13.590694,0.1,False,1.54,False,False
16601,P16601,18.108513,2.1272552,0.16,False,0.385,False,False
16613,P16613,11.540539,10.60574,0.12,False,1.54,False,False
16615,P16615,9.277393,16.411457,0.1,False,2.3099999999999996,False,False
16641,P16641,17.129824,15.400461,0.06,False,0.385,False,False
16642,P16642,17.02225,3.703851,0.12,False,0.77,False,False
16663,P16663,18.995638,7.10696,0.1,False,1.1549999999999998,False,False
16687,P16687,10.731084,9.140284,0.08,False,2.6950000000000003,False,True
16735,P16735,11.596361,12.120688,0.08,False,0.77,False,False
16737,P16737,13.0704365,6.934778,0.16,False,1.1549999999999998,False,False
16738,P16738,17.198973,2.256904,0.14,False,1.1549999999999998,False,False
16777,P16777,11.353058,12.560771,0.06,False,1.1549999999999998,False,False
16821,P16821,14.180106,6.019107,0.1,False,1.54,True,True
16824,P16824,12.153066,8.3436985,0.08,False,1.1549999999999998,False,True
16839,P16839,13.810616,6.7980895,0.14,False,1.1549999999999998,False,False
16866,P16866,9.498641,18.890434,0.1,False,1.54,False,False
16881,P16881,8.395447,19.343155,0.14,False,1.54,False,False
16889,P16889,15.038012,4.8042536,0.08,False,1.54,False,False
16893,P16893,14.093925,7.2664495,0.12,False,0.385,False,False
16936,P16936,19.364035,7.6268425,0.1,False,0.77,False,False
16938,P16938,13.05513,7.6171556,0.14,False,0.77,False,False
16967,P16967,19.124176,2.7442622,0.16,False,0.385,False,False
16982,P16982,12.098373,11.212094,0.1,False,0.77,False,False
16986,P16986,6.9479795,18.542871,0.18,False,3.85,False,True
17003,P17003,16.969551,6.4408193,0.1,False,0.0,False,False
17024,P17024,12.004879,20.832851,0.04,False,1.1549999999999998,False,False
17045,P17045,9.353898,15.388379,0.06,False,2.3099999999999996,False,True
17069,P17069,11.415506,10.592714,0.12,False,1.925,False,False
17073,P17073,11.468173,10.592493,0.12,False,1.925,False,False
17083,P17083,16.899637,12.039241,0.02,False,0.77,False,False
17123,P17123,11.895077,11.653002,0.08,False,1.1549999999999998,False,False
17125,P17125,15.88667,5.1235986,0.12,False,1.54,False,False
17143,P17143,12.208739,9.054056,0.06,False,1.54,False,False
17162,P17162,13.979124,11.313155,0.12,False,0.0,False,False
17226,P17226,14.913789,5.86734,0.06,False,1.925,False,False
17232,P17232,8.458119,22.05329,0.12,False,0.385,False,False
17248,P17248,16.716959,4.60551,0.08,False,1.1549999999999998,False,False
17252,P17252,16.07708,9.972969,0.06,False,0.0,False,False
17300,P17300,14.764881,18.773582,0.1,False,0.77,False,False
17303,P17303,11.280759,9.7670145,0.1,False,1.925,False,False
17314,P17314,9.89544,21.705944,0.1,False,0.385,False,False
17335,P17335,7.506053,21.780334,0.08,False,1.1549999999999998,False,False
17342,P17342,16.645164,7.157307,0.1,False,0.0,False,False
17352,P17352,12.273355,9.232332,0.06,False,0.77,False,False
17373,P17373,12.4946575,6.9283566,0.18,False,2.3099999999999996,False,True
17407,P17407,17.381695,3.039261,0.12,False,0.77,False,False
17415,P17415,12.201587,9.622628,0.04,False,0.385,False,False
17420,P17420,10.819092,17.095095,0.1,False,0.77,False,False
17421,P17421,11.130161,12.984596,0.04,False,1.54,False,False
17470,P17470,12.094819,8.037199,0.14,False,1.1549999999999998,False,True
17474,P17474,8.759395,19.60928,0.12,False,0.77,False,False
17497,P17497,12.028745,13.108267,0.06,False,1.925,False,False
17516,P17516,16.383436,6.811294,0.1,False,0.0,False,False
17540,P17540,8.517462,14.194406,0.12,False,3.85,False,True
17542,P17542,10.237818,13.806037,0.1,False,1.925,False,True
17616,P17616,13.654776,17.873291,0.08,False,0.385,False,False
17632,P17632,18.026344,8.444315,0.04,False,0.0,False,False
17710,P17710,14.479249,7.4986067,0.1,False,0.77,False,False
17749,P17749,12.411561,8.482022,0.1,False,1.1549999999999998,False,True
17760,P17760,13.633597,19.403435,0.08,False,0.0,False,False
17765,P17765,19.234818,2.3065238,0.14,False,0.385,False,False
17787,P17787,16.044868,3.64809,0.1,False,0.77,False,True
17855,P17855,9.656781,15.046569,0.08,False,2.3099999999999996,False,True
17935,P17935,15.446117,5.503643,0.12,False,1.54,False,False
17937,P17937,12.86556,9.27442,0.12,False,0.77,False,False
17943,P17943,12.077031,7.9969144,0.14,False,1.1549999999999998,False,True
17946,P17946,17.837387,2.1091642,0.14,False,0.385,False,False
17954,P17954,14.808777,5.23956,0.08,False,1.925,False,False
17964,P17964,11.7982855,8.268763,0.1,False,1.925,False,True
17985,P17985,17.014574,2.7651885,0.12,False,1.1549999999999998,False,False
18009,P18009,8.170452,23.251768,0.08,False,0.385,False,False
18014,P18014,15.269573,4.791293,0.1,False,1.54,False,False
18027,P18027,12.13272,8.716893,0.1,False,1.54,False,True
18034,P18034,13.184214,6.9642267,0.16,False,1.1549999999999998,False,False
18036,P18036,11.705482,11.844645,0.1,False,1.54,False,False
18044,P18044,15.175958,5.1861544,0.06,False,1.54,False,False
18047,P18047,8.787443,16.761522,0.14,False,1.1549999999999998,False,False
18050,P18050,18.268728,6.1821136,0.08,False,0.77,False,False
18065,P18065,9.782515,14.171861,0.1,False,2.6950000000000003,False,True
18086,P18086,16.542126,6.000152,0.08,False,0.0,False,False
18091,P18091,16.681467,3.9762952,0.12,False,1.1549999999999998,False,False
18097,P18097,19.315884,9.731726,0.06,False,0.0,False,False
18107,P18107,18.713795,1.9913841,0.16,False,0.385,False,False
18130,P18130,16.873314,12.281189,0.04,False,0.77,False,False
18140,P18140,12.604357,7.813164,0.14,False,1.54,False,False
18154,P18154,15.905204,10.094202,0.08,False,0.0,False,False
18172,P18172,10.546024,12.941017,0.08,False,1.1549999999999998,False,True
18180,P18180,9.542573,15.601856,0.06,False,1.925,False,True
18188,P18188,12.274086,8.851507,0.1,False,1.54,False,True
18203,P18203,10.410922,12.7668705,0.06,False,1.54,False,True
18215,P18215,18.39478,3.0113575,0.18,False,0.77,False,False
18227,P18227,9.894862,14.706984,0.08,False,2.6950000000000003,False,True
18234,P18234,8.305239,17.204283,0.14,False,1.54,False,False
18244,P18244,12.092323,11.388395,0.08,False,0.77,False,False
18245,P18245,11.798921,8.653385,0.1,False,1.925,False,True
18282,P18282,18.901745,13.572519,0.02,False,0.385,False,False
18288,P18288,12.424696,8.745867,0.08,False,1.1549999999999998,False,True
18292,P18292,11.212531,20.517141,0.06,False,1.1549999999999998,False,False
18313,P18313,13.583867,6.809559,0.14,False,1.1549999999999998,False,False
18318,P18318,12.296912,19.90637,0.06,False,0.385,False,False
18343,P18343,10.711602,16.005074,0.04,False,1.1549999999999998,False,False
18378,P18378,14.760216,5.4359236,0.08,False,2.3099999999999996,False,False
18390,P18390,6.942537,22.247246,0.06,False,2.3099999999999996,False,True
18456,P18456,15.638078,4.2920303,0.12,False,1.925,False,True
18469,P18469,16.719902,15.055587,0.04,False,1.1549999999999998,False,False
18528,P18528,16.647945,8.15972,0.08,False,0.0,False,False
18532,P18532,12.209505,10.46001,0.06,False,0.385,False,False
18571,P18571,9.989197,10.248394,0.14,False,2.6950000000000003,False,True
18577,P18577,17.018232,2.405956,0.14,False,1.1549999999999998,False,False
18578,P18578,15.959074,12.661849,0.06,False,1.1549999999999998,False,False
18587,P18587,14.884763,13.944598,0.04,False,0.0,False,False
18591,P18591,14.086966,5.5772705,0.12,False,2.3099999999999996,True,True
18610,P18610,12.29341,9.201896,0.06,False,0.77,False,False
18632,P18632,14.014136,6.434118,0.14,False,1.54,True,True
18636,P18636,17.23864,8.700141,0.04,False,0.385,False,False
18646,P18646,12.269888,7.880296,0.14,False,1.1549999999999998,False,True
18655,P18655,14.398868,6.0524693,0.1,False,1.54,True,True
18667,P18667,12.649414,10.445835,0.08,False,0.385,False,False
18672,P18672,13.928407,7.5093884,0.16,False,0.385,False,False
18687,P18687,11.508044,10.896023,0.14,False,1.54,False,False
18732,P18732,14.060649,5.80304,0.1,False,2.3099999999999996,True,True
18742,P18742,10.952416,12.862113,0.06,False,1.54,False,False
18764,P18764,11.14174,10.139921,0.1,False,2.3099999999999996,False,False
18769,P18769,10.609021,10.83106,0.12,False,1.925,False,True
18795,P18795,12.533193,9.6995,0.06,False,0.77,False,False
18853,P18853,16.21807,3.6269126,0.14,False,1.1549999999999998,False,False
18870,P18870,16.920242,12.513469,0.06,False,2.3099999999999996,False,False
18879,P18879,14.697962,10.127685,0.12,False,0.385,False,False
18882,P18882,11.782577,8.679741,0.1,False,1.925,False,True
18917,P18917,11.449453,10.518105,0.12,False,1.925,False,False
18955,P18955,10.045805,14.668212,0.1,False,2.3099999999999996,False,True
18990,P18990,11.486126,10.0892725,0.1,False,1.54,False,False
18999,P18999,15.822064,4.2922482,0.14,False,1.925,False,True
19030,P19030,10.69723,14.428658,0.06,False,1.54,False,True
19048,P19048,13.913289,6.3235784,0.14,False,1.54,True,True
19051,P19051,15.716486,6.5837297,0.1,False,0.385,False,False
19053,P19053,11.337385,15.418318,0.06,False,0.77,False,False
19059,P19059,11.520393,8.626533,0.08,False,2.3099999999999996,False,True
19171,P19171,11.5045805,10.677083,0.12,False,1.54,False,False
19183,P19183,12.968978,9.877284,0.1,False,0.385,False,False
19194,P19194,13.5828,6.478239,0.1,False,1.1549999999999998,True,True
19204,P19204,11.815171,10.079891,0.08,False,0.77,False,False
19250,P19250,18.090221,2.2483015,0.16,False,0.385,False,False
19257,P19257,13.605228,6.325154,0.12,False,1.1549999999999998,True,True
19274,P19274,11.3467,8.977284,0.08,False,2.3099999999999996,False,False
19314,P19314,14.539869,11.309138,0.06,False,0.0,False,False
19360,P19360,10.923342,12.215839,0.1,False,1.54,False,False
19368,P19368,14.48978,5.367443,0.1,False,2.3099999999999996,False,False
19379,P19379,10.738903,10.29962,0.14,False,2.3099999999999996,False,True
19409,P19409,9.809344,13.953949,0.1,False,2.3099999999999996,False,True
19427,P19427,12.060142,13.841951,0.08,False,1.54,False,False
19431,P19431,12.997253,6.9164076,0.16,False,1.1549999999999998,False,False
19438,P19438,15.836054,4.1793404,0.14,False,1.925,False,True
19458,P19458,12.817113,15.785639,0.02,False,1.54,False,False
19461,P19461,7.7552137,21.127443,0.12,False,0.77,False,False
19462,P19462,18.071203,1.9741954,0.16,False,0.385,False,False
19488,P19488,9.627413,16.25288,0.08,False,1.925,False,False
19491,P19491,9.410823,15.438982,0.06,False,2.3099999999999996,False,True
19517,P19517,9.231613,22.80689,0.12,False,0.0,False,False
19518,P19518,15.681818,6.903732,0.1,False,0.385,False,False
19534,P19534,14.263442,6.4209423,0.12,False,1.54,True,True
19572,P19572,13.494423,11.580864,0.08,False,0.0,False,False
19601,P19601,7.8488245,17.306625,0.16,False,2.6950000000000003,False,False
19612,P19612,14.5738535,5.543069,0.1,False,2.3099999999999996,False,False
19625,P19625,13.773075,5.6825356,0.12,False,2.6950000000000003,True,True
19636,P19636,12.607448,9.054366,0.08,False,0.385,False,False
19656,P19656,13.088827,15.720356,0.02,False,1.54,False,False
19659,P19659,12.662857,11.508123,0.06,False,0.0,False,False
19705,P19705,16.086592,3.6999118,0.1,False,1.1549999999999998,False,True
19713,P19713,13.7511015,6.661746,0.14,False,1.1549999999999998,False,False
19715,P19715,12.834389,7.4995985,0.14,False,1.1549999999999998,False,False
19723,P19723,9.120034,16.32118,0.1,False,2.3099999999999996,False,False
19736,P19736,11.476375,9.292663,0.06,False,2.3099999999999996,False,False
19743,P19743,16.451399,13.215389,0.08,False,2.6950000000000003,False,False
19773,P19773,5.4067483,23.787436,0.06,False,0.385,False,False
19794,P19794,14.957819,4.8009725,0.06,False,1.54,False,False
19818,P19818,11.1119175,15.089327,0.08,False,1.54,False,False
19825,P19825,15.927982,3.7930865,0.1,False,1.925,False,True
19830,P19830,15.293391,4.3834624,0.12,False,1.925,False,False
19838,P19838,6.2501693,22.594036,0.06,False,1.925,False,False
19857,P19857,15.0712,4.6894155,0.08,False,1.925,False,False
19864,P19864,13.427782,6.3740654,0.12,False,1.1549999999999998,True,True
19880,P19880,12.752541,18.692549,0.06,False,0.0,False,False
19918,P19918,15.656545,4.1485267,0.12,False,1.925,False,True
19920,P19920,18.394516,14.435694,0.04,False,0.77,False,False
19925,P19925,11.728976,14.433981,0.06,False,1.925,False,False
19937,P19937,10.111224,11.723417,0.14,False,2.3099999999999996,False,True
19953,P19953,17.921705,10.059777,0.04,False,0.385,False,False
19983,P19983,13.650953,10.381298,0.12,False,0.385,False,False
20006,P20006,17.28826,7.1614103,0.04,False,0.0,False,False
20067,P20067,10.307491,12.17682,0.08,False,1.925,False,True
20080,P20080,12.539289,8.233069,0.14,False,1.1549999999999998,False,True
20105,P20105,13.25104,9.756321,0.12,False,0.385,False,False
20110,P20110,15.50793,4.1635113,0.1,False,1.925,False,True
20112,P20112,15.314523,4.718552,0.1,False,1.925,False,False
20116,P20116,16.966436,2.759178,0.12,False,1.1549999999999998,False,False
20147,P20147,18.018927,3.8885696,0.16,False,0.385,False,False
20162,P20162,17.168854,12.274734,0.04,False,1.1549999999999998,False,False
20192,P20192,14.758182,6.6167803,0.08,False,1.1549999999999998,False,False
20212,P20212,17.09843,12.085318,0.04,False,0.77,False,False
20229,P20229,8.125729,18.625307,0.14,False,3.08,False,False
20300,P20300,12.831972,18.91684,0.04,False,0.0,False,False
20317,P20317,10.542902,11.540194,0.12,False,1.925,False,True
20322,P20322,12.889173,17.034578,0.02,False,0.77,False,False
20337,P20337,17.270306,7.0986667,0.04,False,0.0,False,False
20345,P20345,17.45233,3.793316,0.12,False,0.385,False,False
20367,P20367,13.157733,7.49864,0.16,False,0.77,False,False
20371,P20371,9.262,15.835242,0.08,False,2.3099999999999996,False,False
20407,P20407,15.018054,16.860151,0.1,False,1.54,False,False
20418,P20418,15.04548,4.671558,0.08,False,1.925,False,False
20469,P20469,18.157745,2.7518642,0.16,False,0.77,False,False
20478,P20478,6.635228,22.069773,0.1,False,3.465,False,True
20498,P20498,12.177982,8.92867,0.08,False,1.54,False,False
20504,P20504,7.535786,21.91964,0.06,False,1.1549999999999998,False,False
20512,P20512,11.518834,10.842051,0.14,False,1.54,False,False
20522,P20522,12.763324,8.0239315,0.14,False,1.1549999999999998,False,False
20523,P20523,12.112783,9.972706,0.04,False,0.385,False,False
20544,P20544,11.840075,12.340508,0.04,False,1.1549999999999998,False,False
20548,P20548,18.164967,6.1131477,0.06,False,0.77,False,False
20568,P20568,18.607355,3.1187763,0.22,False,0.385,False,False
20595,P20595,11.550368,8.293187,0.1,False,1.925,False,True
20614,P20614,7.4339,20.302002,0.12,False,0.77,False,False
20632,P20632,11.412181,10.725464,0.14,False,1.54,False,False
20636,P20636,13.624172,6.237773,0.12,False,1.1549999999999998,True,True
20638,P20638,14.696987,4.7428927,0.08,False,2.3099999999999996,False,False
20673,P20673,10.502393,10.985219,0.12,False,1.54,False,True
20689,P20689,15.203505,6.491155,0.08,False,0.385,False,False
20705,P20705,6.7360024,20.00416,0.18,False,3.465,False,True
20711,P20711,17.060188,14.290715,0.08,False,1.54,False,False
20718,P20718,18.690641,4.716159,0.14,False,0.77,False,False
20742,P20742,12.262054,7.8228846,0.14,False,1.1549999999999998,False,True
20749,P20749,17.082067,5.0145097,0.12,False,0.0,False,False
20750,P20750,12.313817,9.377418,0.06,False,0.77,False,False
20784,P20784,17.186802,2.520095,0.14,False,1.1549999999999998,False,False
20804,P20804,18.157349,5.5335274,0.08,False,0.77,False,False
20807,P20807,6.5943832,21.891493,0.12,False,3.85,False,True
20812,P20812,15.384695,6.8870277,0.1,False,0.385,False,False
20881,P20881,17.293686,12.839548,0.04,False,2.3099999999999996,False,False
20882,P20882,12.943957,17.862774,0.06,False,0.385,False,False
20900,P20900,16.747965,4.5370893,0.1,False,1.1549999999999998,False,False
20904,P20904,7.4234033,22.092527,0.08,False,1.925,False,False
20906,P20906,19.075254,8.151911,0.1,False,0.385,False,False
20927,P20927,16.31763,5.8407784,0.08,False,0.385,False,False
20982,P20982,13.250316,7.6147842,0.16,False,0.385,False,False
21059,P21059,10.766084,12.397406,0.06,False,1.54,False,True
21077,P21077,10.389575,17.094534,0.1,False,1.1549999999999998,False,False
21087,P21087,14.199971,16.33604,0.06,False,0.77,False,False
21104,P21104,13.587005,6.398531,0.12,False,1.1549999999999998,True,True
21112,P21112,8.517469,16.250347,0.12,False,2.3099999999999996,False,False
21161,P21161,14.957432,4.4518847,0.1,False,1.925,False,False
21174,P21174,10.356926,12.757018,0.06,False,1.54,False,True
21193,P21193,12.493688,8.993242,0.08,False,0.77,False,False
21202,P21202,12.128193,9.6716385,0.04,False,0.385,False,False
21204,P21204,13.833935,6.665788,0.12,False,1.1549999999999998,False,False
21214,P21214,8.32438,16.457554,0.12,False,1.925,False,False
21259,P21259,12.726879,8.02829,0.14,False,1.1549999999999998,False,False
21267,P21267,9.443863,15.290073,0.06,False,2.3099999999999996,False,True
21269,P21269,12.327676,7.8588576,0.14,False,1.1549999999999998,False,True
21273,P21273,13.727222,7.674366,0.14,False,0.385,False,False
21291,P21291,19.055565,7.832548,0.08,False,0.77,False,False
21297,P21297,13.357922,7.5867004,0.16,False,0.385,False,False
21314,P21314,10.25845,15.720921,0.02,False,1.54,False,True
21329,P21329,12.204296,12.432422,0.08,False,1.1549999999999998,False,False
21334,P21334,12.968046,7.3728037,0.16,False,1.1549999999999998,False,False
21365,P21365,16.481237,3.1234927,0.12,False,0.77,False,False
21368,P21368,12.155007,11.313918,0.08,False,0.385,False,False
21371,P21371,17.46181,2.4416907,0.18,False,0.77,False,False
21407,P21407,6.3316345,22.0639,0.1,False,3.85,False,True
21411,P21411,17.043234,3.181106,0.12,False,0.77,False,False
21417,P21417,7.4139633,23.021824,0.08,False,1.1549999999999998,False,False
21422,P21422,7.800864,21.588425,0.12,False,0.77,False,False
21423,P21423,10.615679,13.450474,0.08,False,1.1549999999999998,False,True
21426,P21426,16.642914,13.391081,0.12,False,3.08,False,False
21452,P21452,11.5955305,10.878224,0.12,False,1.1549999999999998,False,False
21460,P21460,16.966911,13.20624,0.04,False,2.6950000000000003,False,False
21477,P21477,12.071462,8.757263,0.1,False,1.54,False,True
21505,P21505,10.0134535,16.095173,0.06,False,1.1549999999999998,False,False
21561,P21561,15.481414,17.548328,0.12,False,1.1549999999999998,False,False
21566,P21566,10.932243,12.067445,0.1,False,1.54,False,False
21583,P21583,4.0010166,23.631924,0.04,False,0.385,False,False
21593,P21593,11.483168,9.7534275,0.06,False,1.54,False,False
21605,P21605,6.838389,21.263271,0.16,False,3.85,False,True
21626,P21626,16.742903,2.8986652,0.12,False,1.1549999999999998,False,False
21629,P21629,12.7709875,7.745068,0.12,False,1.54,False,False
21634,P21634,11.968318,10.6465225,0.08,False,1.1549999999999998,False,False
21646,P21646,18.638245,8.300963,0.1,False,0.0,False,False
21670,P21670,16.62369,3.110852,0.12,False,0.77,False,False
21732,P21732,14.780671,8.883181,0.12,False,0.0,False,False
21741,P21741,15.03489,6.260805,0.08,False,0.77,False,False
21743,P21743,13.731581,11.2001705,0.14,False,0.385,False,False
21746,P21746,14.917897,5.1784477,0.08,False,1.54,False,False
21769,P21769,16.822844,4.4787765,0.12,False,1.1549999999999998,False,False
21810,P21810,11.932292,14.52851,0.06,False,2.3099999999999996,False,False
21820,P21820,12.726229,11.441571,0.06,False,0.0,False,False
21833,P21833,10.867162,16.501177,0.06,False,0.77,False,False
21834,P21834,13.916771,5.728974,0.1,False,2.6950000000000003,True,True
21841,P21841,12.428866,8.071011,0.14,False,1.1549999999999998,False,True
21855,P21855,13.560265,6.8684855,0.14,False,1.1549999999999998,False,False
21896,P21896,15.17949,5.7265606,0.08,False,1.54,False,False
21897,P21897,12.051421,9.486906,0.06,False,0.77,False,False
21930,P21930,12.740665,8.519206,0.12,False,1.1549999999999998,False,False
21938,P21938,7.7150035,21.660862,0.1,False,0.77,False,False
21942,P21942,12.924262,7.6547704,0.12,False,1.1549999999999998,False,False
21948,P21948,11.761039,10.5481415,0.1,False,1.1549999999999998,False,False
21950,P21950,9.251178,16.300009,0.1,False,2.3099999999999996,False,False
21971,P21971,14.677482,8.637116,0.1,False,0.0,False,False
21979,P21979,13.829608,7.2463875,0.12,False,0.77,False,False
22014,P22014,12.6385145,8.661584,0.1,False,1.1549999999999998,False,False
22063,P22063,12.97414,13.677387,0.08,False,0.77,False,False
22068,P22068,13.489002,14.135458,0.06,False,0.77,False,False
22070,P22070,15.897912,14.509231,0.06,False,0.385,False,False
22115,P22115,9.793015,16.153362,0.06,False,1.925,False,False
22127,P22127,17.74348,5.8085113,0.04,False,0.385,False,False
22169,P22169,19.11829,8.115647,0.1,False,0.385,False,False
22200,P22200,16.74592,3.9258804,0.12,False,1.1549999999999998,False,False
22214,P22214,12.722665,8.136645,0.14,False,1.1549999999999998,False,False
22234,P22234,8.086192,19.242338,0.14,False,1.54,False,False
22237,P22237,14.522893,5.499687,0.1,False,2.3099999999999996,False,False
22241,P22241,15.05677,5.730179,0.06,False,1.54,False,False
22257,P22257,10.250623,15.340812,0.04,False,1.54,False,True
22262,P22262,19.153158,5.7173967,0.12,False,1.1549999999999998,False,False
22292,P22292,13.43356,17.859556,0.06,False,0.385,False,False
22321,P22321,12.818605,13.421865,0.06,False,0.77,False,False
22324,P22324,13.579035,6.819799,0.14,False,1.1549999999999998,False,False
22326,P22326,15.147445,4.690881,0.1,False,1.925,False,False
22342,P22342,13.172351,13.463078,0.08,False,0.385,False,False
22452,P22452,17.553091,4.3545423,0.12,False,0.385,False,False
22459,P22459,13.906107,6.6019564,0.12,False,1.1549999999999998,True,True
22470,P22470,8.810528,18.69483,0.12,False,1.54,False,False
22549,P22549,12.442975,19.287697,0.04,False,0.385,False,False
22597,P22597,7.60705,22.30741,0.1,False,0.77,False,False
22617,P22617,14.78736,15.466287,0.08,False,0.77,False,False
22619,P22619,12.976187,6.273385,0.16,False,1.1549999999999998,True,True
22621,P22621,17.164581,2.3501983,0.14,False,1.1549999999999998,False,False
22662,P22662,10.2577715,21.173489,0.08,False,0.77,False,False
22664,P22664,13.483267,7.064347,0.16,False,1.1549999999999998,False,False
22777,P22777,12.675353,17.261265,0.02,False,0.77,False,False
22799,P22799,11.80506,12.378972,0.04,False,1.1549999999999998,False,False
22810,P22810,9.078914,16.470705,0.12,False,1.54,False,False
22838,P22838,10.816451,12.224118,0.1,False,1.54,False,False
22947,P22947,11.622907,12.148643,0.1,False,1.1549999999999998,False,False
22994,P22994,18.55326,3.0463514,0.22,False,0.385,False,False
23001,P23001,15.577986,4.6070557,0.12,False,1.925,False,False
23010,P23010,11.090061,11.9929085,0.1,False,1.54,False,False
23049,P23049,19.108335,6.6102223,0.08,False,1.1549999999999998,False,False
23054,P23054,15.300025,4.608564,0.12,False,1.925,False,False
23116,P23116,11.532279,11.2529,0.12,False,0.77,False,False
23121,P23121,11.78441,10.131089,0.1,False,0.77,False,False
23124,P23124,13.545303,6.0048933,0.12,False,1.1549999999999998,True,True
23155,P23155,6.570141,19.784477,0.18,False,3.465,False,True
23183,P23183,17.458055,7.9378457,0.04,False,0.0,False,False
23240,P23240,13.926553,7.4024143,0.14,False,0.385,False,False
23255,P23255,11.456776,11.852202,0.1,False,1.54,False,False
23283,P23283,11.688384,11.792442,0.12,False,1.54,False,False
23295,P23295,12.52089,8.074502,0.14,False,1.1549999999999998,False,True
23318,P23318,9.796994,15.131377,0.06,False,2.6950000000000003,False,True
23440,P23440,18.280546,1.9589226,0.16,False,0.385,False,False
23473,P23473,16.647842,14.581924,0.06,False,0.77,False,False
23505,P23505,17.536818,15.03051,0.04,False,0.385,False,False
23570,P23570,11.044746,14.668677,0.04,False,1.925,False,False
23593,P23593,10.730868,11.832589,0.1,False,1.54,False,True
23630,P23630,16.48389,7.9173894,0.1,False,0.0,False,False
23660,P23660,19.85438,9.729742,0.08,False,0.0,False,False
23676,P23676,13.0312,7.2958345,0.16,False,0.77,False,False
23714,P23714,18.887693,7.8971176,0.08,False,0.385,False,False
23780,P23780,6.908231,24.141396,0.02,False,0.385,False,False
23847,P23847,14.988665,15.7562275,0.1,False,0.77,False,False
23860,P23860,13.522515,9.069304,0.14,False,0.385,False,False
23911,P23911,15.295169,4.140241,0.1,False,1.925,False,True
23919,P23919,10.191395,10.684298,0.12,False,3.08,False,True
23920,P23920,13.270178,11.486473,0.06,False,0.0,False,False
23921,P23921,11.808457,15.262735,0.04,False,1.54,False,False
23957,P23957,11.104553,12.18992,0.1,False,1.54,False,False
23963,P23963,14.217833,5.8677874,0.1,False,2.3099999999999996,True,True
23974,P23974,9.78191,12.521404,0.1,False,1.54,False,True
24003,P24003,16.732716,9.733339,0.06,False,0.385,False,False
24034,P24034,15.442481,5.1307235,0.12,False,1.54,False,False
24046,P24046,13.700518,8.582934,0.14,False,0.0,False,False
24048,P24048,13.271851,16.70864,0.0,False,1.1549999999999998,False,False
24081,P24081,17.799955,11.446247,0.02,False,0.0,False,False
24092,P24092,12.454372,8.488048,0.1,False,1.1549999999999998,False,True
24095,P24095,16.84624,9.907846,0.06,False,0.385,False,False
24133,P24133,17.57925,6.056727,0.08,False,0.385,False,False
24174,P24174,12.272075,7.9108286,0.14,False,1.1549999999999998,False,True
24222,P24222,16.795908,4.9852643,0.12,False,0.385,False,False
24257,P24257,11.863977,15.410782,0.06,False,1.1549999999999998,False,False
24278,P24278,16.862322,2.7908301,0.12,False,1.1549999999999998,False,False
24282,P24282,10.112904,12.49392,0.08,False,1.925,False,True
24361,P24361,6.593837,20.748112,0.2,False,3.465,False,True
24419,P24419,13.548965,8.933231,0.16,False,0.0,False,False
24422,P24422,9.8934145,15.879631,0.02,False,1.54,False,False
24442,P24442,17.568687,2.2625425,0.18,False,0.77,False,False
24495,P24495,12.442167,8.582404,0.08,False,1.1549999999999998,False,True
24541,P24541,11.491311,9.574497,0.06,False,1.54,False,False
24574,P24574,15.799831,13.553611,0.1,False,1.54,False,False
24583,P24583,13.434125,17.218103,0.04,False,0.77,False,False
24655,P24655,12.226832,10.03003,0.04,False,0.385,False,False
24691,P24691,12.502439,7.902804,0.14,False,1.1549999999999998,False,True
24803,P24803,10.649977,11.55683,0.12,False,1.54,False,True
24930,P24930,14.539395,5.0539694,0.08,False,2.3099999999999996,False,False
25014,P25014,6.930586,17.80274,0.16,False,3.85,False,True
25055,P25055,9.364542,12.858041,0.1,False,1.925,False,True
25072,P25072,5.755559,24.428087,0.06,False,0.385,False,False
25075,P25075,15.836856,17.134888,0.12,False,1.54,False,False
25107,P25107,13.972897,6.53929,0.12,False,1.54,True,True
25254,P25254,10.914724,11.917248,0.1,False,1.54,False,False
25334,P25334,12.063655,9.024073,0.06,False,1.54,False,False
25355,P25355,12.693159,7.0665436,0.18,False,1.925,False,False
25396,P25396,10.981374,13.279665,0.06,False,1.925,False,False
25401,P25401,6.5620008,24.146502,0.02,False,0.77,False,False
25411,P25411,8.460325,16.888857,0.12,False,1.1549999999999998,False,False
25482,P25482,13.767464,8.309693,0.12,False,0.385,False,False
25491,P25491,17.786785,7.7506566,0.06,False,0.0,False,False
25518,P25518,15.472419,4.226256,0.12,False,1.925,False,True
25552,P25552,13.719883,7.124804,0.14,False,1.1549999999999998,False,False
25618,P25618,9.193205,15.713772,0.08,False,2.6950000000000003,False,True
25698,P25698,11.223866,8.6615715,0.1,False,2.3099999999999996,False,True
25741,P25741,17.967083,2.0536258,0.14,False,0.385,False,False
25744,P25744,13.235577,8.135573,0.14,False,0.77,False,False
25828,P25828,14.196888,5.899309,0.1,False,1.925,True,True
25849,P25849,14.866922,4.958938,0.08,False,1.54,False,False
100001,J000719.90+253128.6,12.865527,11.668616,0.06,True,0.0,False,False
100002,J000750.51+005815.2,12.8720045,15.1326065,0.04,True,1.1549999999999998,False,False
100003,J001103.49+010032.6,10.663272,9.062899,0.08,True,2.6950000000000003,False,True
100004,J001133.95-000001.1,12.461148,7.584043,0.12,True,1.54,False,True
100005,J001333.96+014506.8,11.531057,8.177688,0.12,True,1.925,False,True
100006,J002956.65+010537.2,9.042671,13.099369,0.12,True,2.3099999999999996,False,True
100007,J003242.74+003110.9,11.432605,11.189947,0.12,True,0.77,False,False
100008,J003841.53+000226.7,9.432413,13.438502,0.1,True,2.6950000000000003,False,True
100009,J003849.27-011722.4,14.047149,14.900152,0.04,True,0.77,False,False
100010,J004459.09-010629.3,10.493171,20.78489,0.08,True,0.77,False,False
100011,J004616.68+000249.1,9.470991,17.53991,0.1,True,1.54,False,False
100012,J011536.11+003352.4,16.286995,15.619925,0.06,True,0.77,False,False
100013,J011851.07-010417.3,6.399957,21.377388,0.16,True,4.619999999999999,False,True
100014,J011943.50-010858.5,14.825136,8.542807,0.14,True,0.0,False,False
100015,J012025.45+142727.9,6.173052,20.904722,0.2,True,3.85,False,True
100016,J012150.93+145344.0,13.764732,5.7937484,0.12,True,1.925,True,True
100017,J012256.19-000252.6,11.796915,12.471647,0.04,True,1.1549999999999998,False,False
100018,J012416.34+004052.2,6.1437597,20.707464,0.2,True,3.465,False,True
100019,J012452.64+000958.9,10.039118,13.947844,0.1,True,1.925,False,True
100021,J012716.17-003557.7,6.11966,24.62652,0.06,True,0.385,False,False
100022,J012839.76+003342.5,6.1969786,20.920685,0.2,True,3.465,False,True
100023,J012946.72+150457.3,12.821584,13.753631,0.08,True,1.1549999999999998,False,False
100024,J012953.16-003104.3,13.52589,6.229629,0.12,True,1.1549999999999998,True,True
100025,J013309.79-000107.7,9.401773,12.245174,0.1,True,1.54,False,True
100026,J013944.05-004251.5,6.1924725,22.403427,0.06,True,3.08,False,True
100027,J014022.54+002629.7,11.516999,8.31691,0.1,True,2.3099999999999996,False,True
100028,J014128.85+003712.2,8.1561165,15.248304,0.08,True,3.85,False,True
100029,J014209.02-005050.0,16.313383,12.785609,0.08,True,1.54,False,False
100030,J015105.80-003426.4,17.042423,6.317052,0.1,True,0.0,False,False
100031,J015108.82+003517.2,8.742699,15.5879965,0.08,True,3.465,False,True
100032,J015717.74+004108.4,9.4103155,15.694229,0.06,True,2.3099999999999996,False,True
100033,J015854.50+001307.3,13.7403555,6.049266,0.12,True,1.1549999999999998,True,True
100034,J015957.64+003310.5,10.514691,14.222294,0.1,True,1.54,False,True
100035,J020428.59-031013.7,14.220727,6.2204804,0.12,True,1.54,True,True
100037,J020719.49-033600.7,15.718665,5.809955,0.1,True,1.54,False,False
100038,J021122.60-021129.8,9.323812,16.713505,0.1,True,1.1549999999999998,False,False
100039,J022105.64-044101.5,11.652799,14.033766,0.1,True,1.925,False,False
100040,J022907.77+003755.0,6.275982,20.610468,0.2,True,3.465,False,True
100042,J023112.11-002056.3,18.66107,3.0105505,0.22,True,0.385,False,False
100043,J023128.98+011250.2,10.590894,14.308768,0.1,True,1.54,False,True
100044,J023427.80+010921.9,6.9033685,17.474855,0.16,True,3.08,False,True
100046,J023958.89-000901.2,7.763484,17.775799,0.18,True,3.08,False,False
100047,J024508.68+003710.7,13.632864,15.779194,0.02,True,1.1549999999999998,False,False
100050,J024712.91-011106.2,13.286161,8.59282,0.12,True,0.385,False,False
100052,J073716.39+380202.4,8.399333,17.6507,0.16,True,1.925,False,False
100053,J073916.52+315814.3,12.219433,8.396601,0.08,True,1.1549999999999998,False,True
100054,J074147.21+303243.1,10.0652,11.72436,0.14,True,1.925,False,True
100055,J074314.98+383829.8,6.8682113,17.506098,0.16,True,3.465,False,True
100056,J074511.98+380911.3,18.024467,14.657795,0.04,True,0.77,False,False
100057,J075225.29+284728.5,9.905137,14.347033,0.1,True,2.6950000000000003,False,True
100058,J075827.30+342457.5,12.949242,14.9939785,0.04,True,1.1549999999999998,False,False
100059,J075934.95+322143.3,15.386701,15.951078,0.12,True,1.54,False,False
100061,J080133.29+341737.6,6.9065075,18.420158,0.2,True,3.85,False,True
100062,J080709.93+205901.8,12.676644,11.00108,0.06,True,0.0,False,False
100063,J080711.72+194439.7,8.495408,19.737204,0.12,True,0.77,False,False
100064,J080717.58+251758.7,11.307289,20.785284,0.06,True,1.1549999999999998,False,False
100065,J080803.27+325145.6,6.2411513,20.413536,0.18,True,4.234999999999999,False,True
100066,J080832.67+260130.3,8.081247,15.81238,0.16,True,2.6950000000000003,False,False
100067,J080838.73+273252.4,6.0940666,20.90583,0.2,True,3.85,False,True
100069,J081051.52+325251.9,15.161061,6.296833,0.04,True,0.385,False,False
100070,J081116.71+320935.4,12.978417,17.939339,0.08,True,0.385,False,False
100071,J081127.88+222045.3,8.863186,15.990931,0.06,True,2.6950000000000003,False,False
100074,J081352.60+243903.6,6.744525,19.202684,0.22,True,2.6950000000000003,False,True
100075,J081429.24+265241.5,15.871196,16.743753,0.12,True,1.925,False,False
100076,J081537.56+384303.2,15.921611,4.767781,0.12,True,1.925,False,False
100077,J082018.50+344141.0,7.2826166,17.719116,0.16,True,3.08,False,False
100078,J082039.62+391759.1,5.8269606,22.0335,0.12,True,3.465,False,True
100080,J082526.43+274205.8,10.046994,14.533465,0.1,True,2.3099999999999996,False,True
100081,J082537.64+320443.7,14.874007,4.874591,0.08,True,1.54,False,False
100082,J083000.36+343238.8,6.2090898,22.181261,0.08,True,3.85,False,True
100084,J083537.26+314209.9,17.823973,3.726925,0.14,True,0.385,False,False
100085,J083542.72+035353.8,17.329046,13.61213,0.04,True,1.925,False,False
100086,J083716.47+035606.1,17.494715,9.389382,0.06,True,0.385,False,False
100087,J083754.66+040007.2,17.705982,2.364415,0.16,True,0.77,False,False
100088,J084047.47+370701.1,6.9782743,18.467161,0.2,True,3.85,False,True
100089,J084158.34+035851.7,10.562527,9.804414,0.12,True,2.3099999999999996,False,True
100090,J084528.72-002723.3,14.871933,17.390911,0.08,True,1.1549999999999998,False,False
100091,J084637.65+000024.5,12.624048,16.560816,0.0,True,0.385,False,False
100092,J084924.70+002049.7,9.241017,12.114755,0.12,True,1.925,False,True
100093,J085321.89+010216.7,10.440174,13.329609,0.08,True,2.3099999999999996,False,True
100094,J085337.26+014303.6,15.023435,16.810253,0.1,True,1.54,False,False
100096,J085512.13+032950.6,16.273094,13.206943,0.08,True,1.925,False,False
100098,J090315.11+010623.1,17.490765,13.362015,0.04,True,1.925,False,False
100099,J090315.87-000710.1,11.7625885,8.136332,0.1,True,1.54,False,True
100100,J090457.90+010423.1,18.10995,9.072467,0.06,True,0.385,False,False
100103,J090550.30+003948.1,6.2897825,22.618986,0.04,True,1.54,False,False
100104,J090612.02+014412.0,15.086283,6.6066017,0.08,True,0.385,False,False
100105,J090624.60+505549.5,7.98425,14.930048,0.08,True,3.85,False,True
100106,J090826.74+002137.4,16.800797,14.055581,0.08,True,1.925,False,False
100108,J091156.22-005140.4,12.10927,8.202984,0.1,True,1.1549999999999998,False,True
100109,J091445.19+000648.8,16.212727,3.8930106,0.1,True,1.1549999999999998,False,False
100110,J091459.16+050243.4,15.966179,13.495824,0.1,True,1.54,False,False
100111,J091649.41+000031.6,11.977524,19.84997,0.08,True,0.385,False,False
100112,J092158.92+034235.7,9.520243,15.828523,0.06,True,2.3099999999999996,False,False
100113,J092313.53+043445.0,17.624592,3.9785173,0.12,True,0.385,False,False
100114,J092629.23-000605.7,19.40329,7.03023,0.12,True,1.1549999999999998,False,False
100116,J092739.77+050312.6,14.853713,16.221579,0.08,True,1.1549999999999998,False,False
100117,J092814.62+005631.0,14.589935,8.137601,0.14,True,0.385,False,False
100118,J092957.88+001508.7,6.1878796,20.444626,0.2,True,4.234999999999999,False,True
100120,J093149.46+014333.5,6.5983634,23.030945,0.02,True,0.77,False,False
100121,J093209.96+040319.9,6.838389,21.263271,0.16,True,3.85,False,True
100122,J093322.83+010120.9,13.550609,17.755419,0.08,True,0.385,False,False
100123,J093614.70+012105.9,7.79765,15.611829,0.16,True,3.08,False,True
100124,J103723.72+363341.6,11.402997,12.617244,0.04,True,1.1549999999999998,False,False
100125,J112256.45+435227.7,13.434611,6.3318386,0.12,True,1.1549999999999998,True,True
100126,J112518.07+272452.8,11.969233,9.721752,0.04,True,0.385,False,False
100127,J112536.33+303915.9,16.675444,13.572856,0.1,True,2.6950000000000003,False,False
100128,J112825.59+565646.1,15.307728,5.098831,0.1,True,1.54,False,False
100129,J112951.94+233237.3,16.851078,5.4959903,0.1,True,0.0,False,False
100131,J113118.43+581841.8,13.804962,7.237313,0.12,True,0.77,False,False
100132,J113200.64+292603.9,17.80047,3.7906122,0.12,True,0.385,False,False
100133,J113311.19+591357.9,18.3162,1.775605,0.16,True,0.385,False,False
100134,J113333.82+592152.5,10.240969,16.772738,0.08,True,1.1549999999999998,False,False
100135,J113457.21+292502.4,13.56804,10.078474,0.1,True,0.385,False,False
100136,J115705.84+560749.5,12.491929,9.119258,0.08,True,0.385,False,False
100137,J121345.97+484419.4,19.374903,3.2939532,0.16,True,0.385,False,False
100138,J121618.00+515946.1,13.896123,6.148273,0.12,True,1.54,True,True
100139,J122013.56+520206.3,6.980175,21.273909,0.18,True,3.85,False,True
100141,J132457.29+480241.3,9.984733,17.464388,0.06,True,1.1549999999999998,False,False
100142,J133244.09+141943.5,11.074568,12.846344,0.06,True,1.54,False,False
100143,J135157.54+533839.6,20.123508,2.1665676,0.14,True,0.385,False,False
100145,J135544.26+531805.2,18.457388,1.9140671,0.16,True,0.385,False,False
100146,J135704.22+553414.8,11.658533,11.589031,0.12,True,1.1549999999999998,False,False
100147,J135726.62+553736.0,19.25107,1.8783855,0.14,True,0.385,False,False
100148,J135750.26+614309.0,9.56902,15.196501,0.06,True,2.3099999999999996,False,True
100149,J135925.58+612603.8,8.460736,16.276201,0.12,True,2.3099999999999996,False,False
100150,J140037.13+622132.9,17.281574,12.815827,0.04,True,2.3099999999999996,False,False
100151,J140104.00+633733.2,11.025049,8.778444,0.1,True,2.6950000000000003,False,True
100152,J140219.42+554556.4,6.962793,17.661648,0.14,True,3.85,False,True
100153,J140515.59+542458.0,18.60368,5.975781,0.08,True,1.1549999999999998,False,False
100156,J141634.37+515849.3,11.264783,11.089761,0.12,True,1.1549999999999998,False,False
100157,J142310.50+045455.1,10.883365,12.536628,0.06,True,1.1549999999999998,False,False
100158,J142613.05+321212.3,7.5116673,21.774279,0.08,True,1.1549999999999998,False,False
100159,J142651.49+351924.5,17.967197,3.070643,0.16,True,0.77,False,False
100160,J142813.06+045247.6,7.000895,18.453207,0.2,True,3.85,False,True
100161,J142835.15+305639.6,11.495766,9.805343,0.08,True,1.54,False,False
100162,J143421.57+044137.2,10.647882,15.807661,0.04,True,1.1549999999999998,False,False
100163,J143438.23+034121.9,8.292436,16.113255,0.14,True,2.6950000000000003,False,False
100164,J143732.94+355947.1,4.945863,24.191645,0.04,True,0.385,False,False
100165,J144024.60+345624.2,10.754061,14.0601635,0.1,True,1.925,False,True
100166,J144133.10+051633.5,10.858613,9.623542,0.1,True,2.6950000000000003,False,False
100167,J144731.89+342921.1,9.132337,20.091806,0.1,True,0.77,False,False
100168,J153144.80+395542.2,11.787798,7.7847195,0.12,True,1.54,False,True
100169,J155829.36+271714.2,19.362831,8.352223,0.1,True,0.385,False,False
100170,J160451.30+553223.5,10.620852,17.593508,0.08,True,1.1549999999999998,False,False
100171,J160541.37+335021.4,16.412693,3.0735047,0.12,True,0.77,False,False
100172,J160730.23+560305.6,15.195163,5.096782,0.06,True,1.54,False,False
100173,J160738.15+472349.1,8.661719,18.101414,0.22,True,1.54,False,False
100174,J161003.12+543627.9,11.870117,13.1329,0.06,True,1.54,False,False
100175,J161734.42+490211.9,18.262987,2.236099,0.18,True,0.385,False,False
100176,J161832.10+431129.6,6.099172,22.492931,0.06,True,1.925,False,True
100177,J162829.18+432948.6,11.023952,11.249107,0.12,True,1.1549999999999998,False,False
100178,J163110.02+384457.4,6.2550073,21.41538,0.18,True,4.619999999999999,False,True
100179,J163345.19+441150.1,13.392065,9.4367895,0.14,True,0.385,False,False
100180,J164348.61+390939.1,18.032944,4.184737,0.16,True,0.385,False,False
100182,J165234.96+393733.4,15.914908,14.503089,0.06,True,0.385,False,False
100183,J165252.60+360057.4,16.931456,11.196218,0.0,True,0.0,False,False
100185,J211834.39+005322.2,7.1028543,19.154789,0.22,True,1.925,False,True
100186,J212928.91+000415.9,17.088797,13.376738,0.06,True,2.6950000000000003,False,False
100187,J213517.46+002020.4,9.010144,14.537752,0.12,True,3.465,False,True
100188,J220946.60-003822.8,18.809696,6.569962,0.08,True,1.1549999999999998,False,False
100189,J221003.68-005054.7,6.760905,18.731808,0.18,True,3.465,False,True
100190,J221026.83-001721.1,11.278718,15.583773,0.06,True,0.77,False,False
100191,J221055.80-001702.4,7.39159,16.228577,0.18,True,3.85,False,False
100193,J222210.54+203340.7,11.585009,14.899572,0.04,True,1.925,False,False
100194,J222306.32+194431.6,13.209517,15.081401,0.04,True,1.1549999999999998,False,False
100195,J222515.86+212758.3,16.076305,3.613933,0.1,True,1.1549999999999998,False,True
100196,J225350.57+193842.6,11.949879,12.702685,0.06,True,1.1549999999999998,False,False
100197,J232710.20+245645.9,15.376087,5.840988,0.06,True,1.1549999999999998,False,False
100198,J233650.69+004042.5,9.759582,15.424253,0.06,True,2.3099999999999996,False,True
100199,J233830.25+002501.8,6.3439493,20.481379,0.2,True,3.85,False,True
100200,J235042.15-010425.0,6.8774343,19.25344,0.24,True,2.6950000000000003,False,True
100201,J235214.78+005103.3,10.544867,10.3466425,0.14,True,2.3099999999999996,False,True
100202,J235439.15+005751.9,18.405153,4.484489,0.14,True,0.385,False,False
100203,J235720.13-005830.0,8.061911,17.809975,0.18,True,1.925,False,False
100204,J235720.19+004012.8,8.997181,15.287496,0.08,True,3.85,False,True
