ra,dec,ref
5.79611,0.58822,MacLeod 16
21.70042,-8.66336,MacLeod 16
29.99,0.55301,MacLeod 16
31.56662,-0.29146,MacLeod 16
36.48372,0.50746,MacLeod 16
36.71762,-0.65466,MacLeod 16
41.57941,-30.27491,MacLeod 16
128.91168,-4.08832,MacLeod 16
150.58411,45.15761,MacLeod 16
152.97079,54.70177,MacLeod 16
155.46812,46.75436,MacLeod 16
201.2387,48.04481,MacLeod 16
326.55544,0.15856,MacLeod 16
343.16822,1.16632,MacLeod 16
349.59845,-42.37042,MacLeod 16
353.32241,-0.38432,MacLeod 16
354.01239,0.29138,MacLeod 16
2.26894,-10.57464,MacLeod 19
10.91388,13.74348,MacLeod 19
23.74319,-9.24316,MacLeod 19
116.29994,38.15314,MacLeod 19
141.7596,4.55228,MacLeod 19
168.37372,53.22745,MacLeod 19
188.49637,8.70323,MacLeod 19
218.73048,57.39589,MacLeod 19
234.05335,3.71272,MacLeod 19
234.39195,46.23301,MacLeod 19
240.2969,47.75267,MacLeod 19
244.2976,6.64262,MacLeod 19
246.06261,45.85837,MacLeod 19
315.50177,0.08385,MacLeod 19
331.40716,-7.18738,MacLeod 19
357.78099,-9.22167,MacLeod 19
31.311541666666667,-4.944372222222222,Green 22
33.24829166666667,-0.508175,Green 22
33.49912499999999,0.7074472222222222,Green 22
41.286125,0.6196333333333334,Green 22
42.38337499999999,0.3800972222222222,Green 22
150.76091666666665,19.54757777777778,Green 22
162.74341666666663,24.23088333333333,Green 22
163.3558333333333,30.40537222222222,Green 22
163.8078333333333,24.431580555555556,Green 22
174.21524999999997,44.83791111111111,Green 22
174.278875,48.3288,Green 22
208.56475,51.99049166666667,Green 22
249.08491666666663,47.97732222222223,Green 22
340.3064166666666,-1.3524555555555555,Green 22
349.10579166666656,-0.3737499999999999,Green 22
356.59758333333326,1.1550305555555556,Green 22
319.27928333333335,-6.724325,Lopez-Navas 22
207.21292920522,57.6468189658,Lopez-Navas 22
216.75625007994,48.10912385011999,Lopez-Navas 22
199.48361733815,49.25866126230001,Lopez-Navas 22
5.88024,5.89857,Graham 19
5.97254,-2.86586,Graham 19
13.4423,22.53958,Graham 19
19.83032,-9.62272,Graham 19
20.86169,24.3123,Graham 19
35.06073,-7.48316,Graham 19
41.39025,-0.12917,Graham 19
42.51269,1.15851,Graham 19
43.54204,3.82,Graham 19
43.77365,0.42307,Graham 19
44.07925,-0.75036,Graham 19
58.25426,-6.39064,Graham 19
116.42679,42.23497,Graham 19
117.07936,33.88639,Graham 19
118.66803,32.68482,Graham 19
119.36769,24.91943,Graham 19
120.41113,42.56517,Graham 19
121.25129,34.04034,Graham 19
123.33053,46.14715,Graham 19
123.6079,29.68767,Graham 19
124.13382,40.80133,Graham 19
125.13876,38.40553,Graham 19
127.37741,27.47295,Graham 19
127.79854,34.99107,Graham 19
127.88438,36.77141,Graham 19
128.10561,37.12673,Graham 19
128.15119,4.75167,Graham 19
128.88795,49.80482,Graham 19
131.81687,37.53832,Graham 19
131.95117,18.41112,Graham 19
132.49079,27.79135,Graham 19
137.25985,13.50543,Graham 19
137.38344,47.79187,Graham 19
138.48857,5.3752,Graham 19
141.17122,28.79176,Graham 19
141.90317,15.63984,Graham 19
142.15339,47.71277,Graham 19
142.57382,47.12252,Graham 19
143.37078,29.29281,Graham 19
144.37634,26.04227,Graham 19
144.55111,7.72778,Graham 19
145.63204,23.60375,Graham 19
146.58693,33.79634,Graham 19
147.15994,40.51217,Graham 19
148.61507,48.94392,Graham 19
148.90291,10.6312,Graham 19
149.45849,53.01803,Graham 19
150.73429,47.84106,Graham 19
150.84779,35.41774,Graham 19
150.93016,51.43632,Graham 19
156.55802,52.63088,Graham 19
156.96797,42.17044,Graham 19
157.07363,21.25207,Graham 19
158.23286,36.91419,Graham 19
160.72833,25.62045,Graham 19
163.01479,15.32491,Graham 19
164.77951,47.39195,Graham 19
165.24044,-0.88457,Graham 19
165.95511,31.40434,Graham 19
166.09679,63.71812,Graham 19
166.22988,1.31573,Graham 19
166.25523,56.45682,Graham 19
167.60604,-0.05948,Graham 19
168.90237,5.74715,Graham 19
169.07422,25.17657,Graham 19
169.62359,32.06669,Graham 19
169.87633,22.44705,Graham 19
169.94839,23.59431,Graham 19
170.67957,36.69489,Graham 19
172.79647,37.61923,Graham 19
173.12143,3.9581,Graham 19
174.27852,1.66332,Graham 19
174.49067,36.91707,Graham 19
176.03712,42.73268,Graham 19
177.66379,36.54955,Graham 19
178.11453,32.16649,Graham 19
178.4553,11.47512,Graham 19
180.37768,49.68029,Graham 19
181.17548,27.9033,Graham 19
185.4031,34.59465,Graham 19
186.26409,29.65862,Graham 19
187.5043,33.98372,Graham 19
188.01509,20.15821,Graham 19
188.06322,13.3425,Graham 19
189.58175,41.40569,Graham 19
193.36546,14.9156,Graham 19
194.81977,55.25198,Graham 19
196.95678,35.02785,Graham 19
199.87816,67.89873,Graham 19
205.39051,9.06583,Graham 19
206.61841,19.37869,Graham 19
207.093,24.94726,Graham 19
209.1527,25.88881,Graham 19
209.5852,13.72944,Graham 19
209.73261,49.57057,Graham 19
211.2759,17.28553,Graham 19
213.3511,53.09077,Graham 19
213.51315,35.38649,Graham 19
214.49419,9.26938,Graham 19
216.85436,19.83118,Graham 19
217.19465,17.3981,Graham 19
217.22009,27.17849,Graham 19
219.83042,55.22164,Graham 19
220.32882,48.91494,Graham 19
220.51179,43.61911,Graham 19
221.76197,27.62964,Graham 19
221.97599,28.55671,Graham 19
222.59476,10.43213,Graham 19
223.66799,55.40905,Graham 19
223.70844,11.24289,Graham 19
224.4808,43.84321,Graham 19
225.88377,29.83995,Graham 19
229.0177,35.84025,Graham 19
231.6746,16.54608,Graham 19
231.95829,8.73567,Graham 19
233.47749,34.91788,Graham 19
233.48329,1.17494,Graham 19
233.56423,30.5765,Graham 19
234.86181,20.04905,Graham 19
236.28135,17.16411,Graham 19
236.37346,25.19108,Graham 19
237.57182,41.65067,Graham 19
238.24283,27.62461,Graham 19
238.66777,36.49777,Graham 19
239.21412,32.16895,Graham 19
239.62238,27.2873,Graham 19
240.03096,11.22135,Graham 19
240.12617,26.7547,Graham 19
241.92895,43.47126,Graham 19
242.2009,0.69681,Graham 19
243.50128,-1.16829,Graham 19
243.555,26.07117,Graham 19
246.46991,12.88795,Graham 19
248.84768,26.51299,Graham 19
259.00806,31.20386,Graham 19
312.63455,-7.02534,Graham 19
326.55544,0.15856,Graham 19
342.12279,14.73834,Graham 19
346.18117,-8.68573,Graham 19
346.76214,4.54918,Graham 19
348.03171,14.03705,Graham 19
350.73605,18.97126,Graham 19
351.19446,14.00809,Graham 19
352.90348,-10.94396,Graham 19
358.66309,0.96438,Graham 19
29.99,0.55301,LaMassa 15
0.28136,-0.09792,Yang 18
21.70042,-8.66336,Yang 18
29.99015,0.55288,Yang 18
120.9482,42.97751,Yang 18
127.88438,36.77141,Yang 18
132.49079,27.79135,Yang 18
137.38344,47.79187,Yang 18
144.37634,26.04227,Yang 18
144.39779,32.54717,Yang 18
150.84779,35.41774,Yang 18
152.97079,54.70177,Yang 18
166.09679,63.71812,Yang 18
173.12143,3.9581,Yang 18
194.81977,55.25198,Yang 18
199.87816,67.89873,Yang 18
209.07708,-1.25389,Yang 18
209.73261,49.57057,Yang 18
221.97599,28.55671,Yang 18
233.48329,1.17494,Yang 18
236.37346,25.19108,Yang 18
2.54159,-4.71053,Hon 22
3.57558,-5.31811,Hon 22
10.38189,-22.64168,Hon 22
22.58872,-46.02915,Hon 22
42.14354,-72.14186,Hon 22
56.3022,-39.5748,Hon 22
73.6421,-20.08526,Hon 22
74.66796,-21.99193,Hon 22
79.89923,-32.65775,Hon 22
93.16105,-35.71861,Hon 22
93.35124,-29.00636,Hon 22
139.36338,-64.94085,Hon 22
152.2024,-9.91408,Hon 22
167.31085,-12.93152,Hon 22
205.06394,-4.89204,Hon 22
211.71137,-24.71383,Hon 22
228.41163,-34.67793,Hon 22
228.70297,-40.36474,Hon 22
234.68652,-3.38002,Hon 22
260.39246,-54.72079,Hon 22
276.21875,-43.48271,Hon 22
279.89929,-35.68997,Hon 22
297.30719,-18.78762,Hon 22
299.73564,-42.37511,Hon 22
301.96374,-11.14287,Hon 22
309.49935,-50.39249,Hon 22
311.68583,-1.36881,Hon 22
347.33009,-32.49922,Hon 22
352.63467,-2.46254,Hon 22
193.24467,59.3091,Sheng 20
196.82077,45.11259,Sheng 20
199.40802,10.40775,Sheng 20
217.19465,17.3981,Sheng 20
237.47337,11.36345,Sheng 20
246.96747,54.32018,Sheng 20
258.47436,27.60753,Sheng 20
21.70042,-8.66336,Ruan 16
29.99,0.55301,Ruan 16
354.01239,0.29138,Ruan 16
18.59611,-55.39821,Lyu 22
20.94072,-58.80578,Lyu 22
33.63985,-0.76672,Lyu 22
46.29421,-1.07545,Lyu 22
51.3557,-6.14389,Lyu 22
53.4017,-36.14019,Lyu 22
65.00164,-54.93794,Lyu 22
66.50301,-57.20051,Lyu 22
74.78916,4.97511,Lyu 22
79.89923,-32.65775,Lyu 22
103.05136,74.42699,Lyu 22
120.0874,26.61351,Lyu 22
121.02438,5.11385,Lyu 22
124.36008,10.20281,Lyu 22
125.84956,42.34673,Lyu 22
127.42781,41.91024,Lyu 22
128.91168,-4.08832,Lyu 22
138.87935,48.23548,Lyu 22
146.42521,-14.32638,Lyu 22
150.48016,72.17031,Lyu 22
150.84779,35.41774,Lyu 22
165.24044,-0.88457,Lyu 22
166.69776,72.56869,Lyu 22
168.90237,5.74715,Lyu 22
173.12143,3.9581,Lyu 22
173.48311,67.01863,Lyu 22
174.71292,-23.36,Lyu 22
179.71925,42.57033,Lyu 22
180.79003,44.53131,Lyu 22
181.19966,17.04916,Lyu 22
182.63575,39.40585,Lyu 22
186.44492,12.66216,Lyu 22
186.45358,33.54686,Lyu 22
186.45957,51.14623,Lyu 22
188.90265,-39.90935,Lyu 22
193.51578,49.24803,Lyu 22
196.05964,-10.33956,Lyu 22
199.06639,30.2644,Lyu 22
199.87816,67.89873,Lyu 22
201.2387,48.04481,Lyu 22
214.49811,25.13685,Lyu 22
221.97599,28.55671,Lyu 22
233.28344,44.53566,Lyu 22
236.37346,25.19108,Lyu 22
238.24283,27.62461,Lyu 22
238.66777,36.49777,Lyu 22
246.25596,24.26317,Lyu 22
249.12359,41.03955,Lyu 22
259.24812,-62.82056,Lyu 22
260.84294,55.07045,Lyu 22
280.53746,79.77142,Lyu 22
349.73609,0.24398,Lyu 22
351.35083,-38.44698,Lyu 22
351.98626,8.77897,Lyu 22
