name,poolid,ra,dec,z,psfmag_r,mjd,clagn_score,zeltyn_density_ratio,in_region_zeltyn,in_region_clagn
P17373,17373,128.97063,21.824735,0.6179925,18.21895,58086,0.18,6.34,True,False
P20673,20673,145.63204,23.603734,0.7943642,18.5948,58132,0.32,5.6,True,False
P4086,4086,247.89499,32.838835,0.6901965,17.99416,52520,0.16,6.72,True,False
P19438,19438,139.69133,6.0405799,0.7939651,17.48388,52707,0.12,7.46,True,False
P19431,19431,136.61221,35.464913,0.4889719,18.77476,52703,0.18,7.09,True,False
P4107,4107,252.28994,36.223857,0.03097322,16.54575,52409,0.3,0.75,False,True
P19274,19274,137.03739,18.28461,0.5939008,18.92839,57814,0.1,6.72,True,False
P19257,19257,136.9387,53.405965,0.7118932,17.44354,57039,0.18,7.09,True,False
P19194,19194,139.67433,19.344853,0.7187702,17.74544,57807,0.14,7.46,True,False
P19171,19171,135.17542,25.049457,0.6747511,18.85069,58085,0.32,4.85,False,True
P19059,19059,140.48277,27.534545,0.6796416,18.84708,58130,0.14,7.84,True,False
P19053,19053,142.13361,21.118252,0.1670845,18.91849,53708,0.3,1.49,False,True
P4285,4285,256.50584,35.34475,0.5356052,18.88113,52427,0.38,2.99,False,True
P19048,19048,142.25986,18.305354,0.7022404,18.98719,57801,0.16,8.21,True,False
P19030,19030,136.56033,49.918381,0.2418195,18.90973,52254,0.32,2.61,False,True
P18990,18990,140.23603,50.059394,0.7031927,18.89892,52247,0.32,5.6,True,False
P4344,4344,259.66134,31.699352,0.4503335,18.93935,54592,0.46,2.99,False,True
P18917,18917,137.97871,15.399516,0.4111026,18.96897,57806,0.36,4.1,False,True
P18882,18882,140.10354,34.389217,0.7854397,17.89494,56358,0.16,8.58,True,False
P18853,18853,135.68143,54.550684,0.5942166,18.79694,51908,0.18,7.09,True,False
P18795,18795,137.49701,10.595436,0.7100865,18.11258,53050,0.1,6.72,True,False
P18790,18790,135.65409,35.506491,0.2467206,18.90859,52703,0.34,4.85,False,True
P18772,18772,135.6153,34.063579,0.7414058,18.9712,52989,0.34,4.1,False,True
P18769,18769,135.66534,24.232129,0.3250185,18.84697,53401,0.12,7.46,True,False
P18695,18695,142.46814,3.0547852,0.6758891,18.87425,52264,0.14,6.72,True,False
P4538,4538,258.35969,29.556643,0.5263551,18.99367,52410,0.3,5.22,True,False
P4549,4549,256.0749,35.041781,0.6676138,18.99243,52435,0.16,6.72,True,False
P18655,18655,135.31541,35.683208,0.7319547,18.3095,58157,0.16,8.58,True,False
P4569,4569,257.21739,36.038942,0.702352,18.07571,54590,0.1,7.46,True,False
P18632,18632,135.32699,22.241685,0.6106502,18.68826,58083,0.12,6.34,True,False
P4581,4581,257.01756,38.05701,0.3115318,18.21804,58283,0.14,7.09,True,False
P19488,19488,137.25982,13.505405,0.0499157,17.66064,53826,0.48,1.12,False,True
P19491,19491,141.90329,15.639771,0.5553244,18.25298,57783,0.48,1.49,False,True
P4017,4017,253.04929,33.605338,0.4792902,18.84687,52791,0.12,7.09,True,False
P20067,20067,136.93122,1.557755,0.1642499,18.77791,51924,0.4,1.12,False,True
P20636,20636,144.88701,25.399035,0.3975503,17.87432,58086,0.12,6.72,True,False
P20632,20632,144.9157,19.765484,0.4664435,18.54202,57814,0.16,6.34,True,False
P3380,3380,247.96942,25.308398,0.2762423,18.98446,53226,0.5,1.49,False,True
P20522,20522,144.30955,42.90135,0.7335038,17.82843,52670,0.12,6.72,True,False
P20478,20478,144.08962,39.358878,0.2101244,18.16083,52725,0.34,4.85,False,True
P20469,20469,144.17562,34.281049,0.7622296,18.79267,52992,0.14,7.46,True,False
P3427,3427,248.84957,30.949305,0.6989747,18.23234,53463,0.14,7.09,True,False
P20371,20371,141.35487,20.360844,0.4596028,18.53461,57809,0.14,7.84,True,False
P20229,20229,136.2827,13.437568,0.6464644,18.85181,53826,0.2,6.34,True,False
P3456,3456,249.02548,17.448148,0.3548788,18.53034,53558,0.32,2.99,False,True
P20147,20147,138.37143,26.181204,0.6200785,18.90184,58131,0.16,6.72,True,False
P3478,3478,253.81895,32.265321,0.1780782,18.18557,52791,0.3,0.75,False,True
P3542,3542,252.21673,46.673273,0.5820031,18.7745,58021,0.18,7.46,True,False
P3611,3611,252.97051,47.897059,0.7488274,18.6942,57194,0.12,6.72,True,False
P3995,3995,253.11171,25.839063,0.7569048,18.69193,53473,0.16,6.34,True,False
P3691,3691,249.70958,22.710111,0.6469467,17.75469,53149,0.12,6.72,True,False
P3694,3694,248.97463,29.007652,0.5980512,18.65965,53472,0.24,6.34,True,False
P19864,19864,139.01729,41.405893,0.7739303,18.72769,52674,0.1,7.46,True,False
P3718,3718,248.80749,32.896418,0.1603506,18.9679,52520,0.3,0.37,False,True
P3754,3754,251.40927,37.418876,0.7487429,18.32612,52395,0.12,7.09,True,False
P19825,19825,141.77229,37.701923,0.5878572,17.90088,52731,0.12,7.09,True,False
P19794,19794,140.44941,13.284143,0.7863501,18.6989,54086,0.1,8.21,True,False
P19773,19773,136.63282,16.769961,0.4110577,17.94499,53848,0.48,1.87,False,True
P3813,3813,252.19563,25.268246,0.692234,18.15649,53167,0.12,6.72,True,False
P19723,19723,136.04467,60.806802,0.3561386,18.86714,54450,0.12,6.34,True,False
P19713,19713,136.23316,30.10369,0.1085854,18.04065,52974,0.32,2.61,False,True
P3912,3912,248.2311,42.068799,0.7308946,18.6918,52379,0.1,7.46,True,False
P19659,19659,142.19475,54.302151,0.2665811,18.73977,52266,0.3,0.37,False,True
P18610,18610,135.28193,46.8961,0.4226677,18.67764,56782,0.1,6.72,True,False
P18591,18591,137.54645,54.456544,0.6219237,17.36109,56334,0.12,7.46,True,False
P4660,4660,258.79455,40.5271,0.6295968,18.05762,58041,0.1,7.09,True,False
P15022,15022,117.31971,39.218842,0.4632404,18.06348,51873,0.46,0.37,False,True
P14768,14768,118.53288,23.284588,0.6357124,18.06994,52669,0.1,6.34,True,False
P16233,16233,122.09864,26.768973,0.7209498,17.6222,55536,0.1,6.72,True,False
P14804,14804,118.39094,30.257224,0.7409737,18.18175,52636,0.16,7.46,True,False
P14836,14836,116.36726,19.331297,0.6871172,17.58161,52708,0.16,7.46,True,False
P14844,14844,119.67489,32.61746,0.5568737,18.59247,52583,0.14,7.84,True,False
P14861,14861,117.12277,23.646441,0.5983125,18.40827,52577,0.36,4.85,False,True
P16180,16180,121.79199,41.182321,0.6851262,18.76547,52202,0.3,5.6,True,False
P14895,14895,119.72341,11.32893,0.4298891,18.34217,53794,0.18,6.34,True,False
P14934,14934,116.94162,51.648926,0.1008919,18.76406,53327,0.3,1.12,False,True
P16145,16145,121.23537,37.099175,0.4655045,18.93593,52253,0.14,6.34,True,False
P16035,16035,121.28263,52.590414,0.6650704,18.84056,53383,0.34,4.1,False,True
P15010,15010,113.89494,30.972343,0.7139202,18.96734,58099,0.14,6.72,True,False
P16009,16009,121.36127,50.547366,0.5701181,18.91919,53090,0.16,7.46,True,False
P15024,15024,117.20246,38.352988,0.5907388,18.55628,51873,0.12,7.09,True,False
P14703,14703,118.90431,25.710828,0.4442408,17.71357,52578,0.1,7.46,True,False
P16004,16004,126.88624,14.394272,0.3971523,18.17577,54139,0.08,6.34,True,False
P15060,15060,119.20491,24.436979,0.3630987,17.87596,52669,0.34,2.61,False,True
P15175,15175,116.56965,19.28608,0.6871402,18.16789,52939,0.38,3.36,False,True
P15799,15799,122.86617,22.345922,0.3122024,18.3053,52943,0.38,2.61,False,True
P15780,15780,122.97951,13.613387,0.4875061,18.67846,53682,0.1,6.34,True,False
P15275,15275,120.29452,17.564532,0.765502,18.37218,53357,0.1,7.84,True,False
P15734,15734,122.34322,9.0145791,0.7833672,18.52323,54153,0.18,6.72,True,False
P15616,15616,124.13382,40.801376,0.7012998,18.78363,57361,0.32,4.85,False,True
P15612,15612,122.65123,17.33978,0.6196996,18.98164,53357,0.16,7.46,True,False
P15562,15562,122.54578,20.239194,0.7299768,18.17095,58523,0.16,8.21,True,False
P15525,15525,123.31488,17.007259,0.7718875,18.23863,53711,0.38,4.1,False,True
P15459,15459,123.34308,18.835497,0.7918798,18.7365,53358,0.1,7.09,True,False
P15451,15451,123.33831,50.983012,0.4629261,18.40034,53090,0.32,4.1,False,True
P16285,16285,127.48397,38.652881,0.2300598,18.84933,52312,0.48,0.75,False,True
P14694,14694,118.79927,11.669883,0.5775931,18.70688,53674,0.16,7.46,True,False
P18378,18378,133.71844,52.66918,0.4976241,18.6897,56739,0.1,7.46,True,False
P17069,17069,133.07154,43.819829,0.5155249,17.6609,57042,0.3,2.99,False,True
P18245,18245,132.57058,30.479591,0.6943553,18.99526,58132,0.14,7.46,True,False
P18234,18234,130.58383,7.9384406,0.1043216,18.19381,52964,0.38,2.24,False,True
P18188,18188,129.00185,5.6748376,0.603245,18.93573,52963,0.12,7.09,True,False
P18107,18107,131.14574,0.9216044,0.4392891,17.64695,51901,0.14,7.46,True,False
P18027,18027,134.68885,35.752188,0.6701345,18.6976,52964,0.1,7.84,True,False
P17943,17943,131.11957,16.281703,0.1488437,18.52833,53711,0.3,0.75,False,True
P17540,17540,128.96028,53.048808,0.5035497,18.39173,51883,0.12,6.72,True,False
P5113,5113,318.34023,-1.3620868,0.7235907,18.98245,58038,0.1,6.72,True,False
P17497,17497,129.24389,7.9637045,0.1140261,18.34174,53081,0.3,1.12,False,True
P17303,17303,134.42418,40.750845,0.769908,18.9308,52703,0.32,2.61,False,True
P17248,17248,133.05428,26.35042,0.5210828,18.64792,58437,0.1,7.46,True,False
P17143,17143,133.52016,19.56164,0.4816063,18.91293,58098,0.18,6.34,True,False
P5527,5527,327.78723,27.930302,0.7658504,18.75214,57651,0.14,7.09,True,False
P5642,5642,329.71342,27.481162,0.4353966,18.94157,57573,0.14,7.46,True,False
P14650,14650,116.0865,38.311089,0.4117388,17.98588,51873,0.1,6.72,True,False
P5716,5716,330.60675,28.472565,0.6319695,17.61486,57570,0.12,7.46,True,False
P14236,14236,112.15733,44.612816,0.2774825,18.49437,53314,0.1,6.72,True,False
P16824,16824,129.75282,37.150391,0.7537528,18.37539,52320,0.12,7.84,True,False
P16821,16821,129.75239,31.979679,0.7533036,18.53385,52674,0.12,6.72,True,False
P14432,14432,115.81246,38.641631,0.3541886,18.96862,55480,0.38,2.99,False,True
P16737,16737,127.92332,14.038586,0.7919191,18.61859,54139,0.14,7.84,True,False
P14487,14487,119.44189,15.072057,0.4846187,17.56141,53679,0.1,7.46,True,False
P16613,16613,120.13787,16.708457,0.4628564,18.09037,53357,0.38,3.36,False,True
P14494,14494,117.6972,48.657277,0.5840811,18.74819,53089,0.34,4.48,False,True
P16590,16590,120.1488,32.782478,0.2910549,18.4544,52584,0.48,2.24,False,True
P16576,16576,125.59338,41.724389,0.3409032,18.43924,54524,0.1,7.46,True,False
P16393,16393,126.82025,49.09278,0.6821495,18.61354,51873,0.18,7.09,True,False
P16345,16345,121.71713,56.736896,0.1803413,17.034,56709,0.46,2.61,False,True
P20638,20638,144.81046,28.236868,0.6512155,18.65085,58138,0.14,7.09,True,False
P3973,3973,249.75341,36.115865,0.4671628,18.64296,52782,0.14,7.09,True,False
P24803,24803,159.46592,33.813938,0.05104554,18.02823,53436,0.34,0.75,False,True
P21566,21566,146.0782,40.902071,0.3493758,18.90296,52709,0.14,7.09,True,False
P21855,21855,148.56068,38.917757,0.688351,18.95198,55623,0.16,7.46,True,False
P24655,24655,157.61814,36.717492,0.6180117,18.79529,53432,0.18,7.09,True,False
P21841,21841,148.47987,24.787596,0.5137621,18.54967,58130,0.32,2.61,False,True
P21834,21834,148.40281,38.083435,0.5796025,18.28686,52765,0.14,7.46,True,False
P24691,24691,162.16876,54.217309,0.1042485,18.48967,52368,0.36,2.61,False,True
P2225,2225,242.48193,40.354789,0.7717309,18.47521,52824,0.1,7.09,True,False
P21629,21629,143.08227,34.947181,0.5157789,18.62731,58225,0.18,6.34,True,False
P1343,1343,232.57348,49.32077,0.3397715,18.93993,52738,0.14,7.09,True,False
P21626,21626,143.0487,31.952701,0.5367544,17.83727,58145,0.34,4.48,False,True
P21605,21605,143.04148,4.0555216,0.2758048,18.8905,52264,0.3,2.61,False,True
P21477,21477,145.99591,13.130046,0.7191049,18.96796,54139,0.1,7.09,True,False
P24442,24442,161.10398,46.870348,0.7163059,17.81368,52620,0.14,7.46,True,False
P21423,21423,146.58467,37.998132,0.4505271,18.91669,57779,0.36,2.99,False,True
P24930,24930,163.68625,48.527514,0.2858998,15.82673,52643,0.2,7.09,True,False
P21422,21422,146.58694,33.796367,0.2389956,17.34392,58223,0.32,0.37,False,True
P25014,25014,159.74826,42.461741,0.2206873,17.16889,58138,0.18,6.34,True,False
P2618,2618,246.62397,29.622163,0.4230337,18.91456,53149,0.54,1.12,False,True
P2624,2624,243.32832,30.910267,0.1530913,18.525,53146,0.44,2.99,False,True
P21407,21407,146.65177,20.936386,0.279342,17.3662,57865,0.12,8.21,True,False
P21371,21371,143.28883,46.259843,0.7779614,18.44638,52316,0.1,7.09,True,False
P21368,21368,143.50155,49.722281,0.3720717,18.79655,57040,0.12,6.72,True,False
P2680,2680,240.22703,33.977366,0.6627175,18.34921,58251,0.14,7.09,True,False
P21897,21897,148.98022,12.595688,0.5191457,18.89697,53054,0.14,7.09,True,False
P21930,21930,148.70505,25.455291,0.7515536,18.45559,58130,0.1,6.34,True,False
P21334,21334,143.29301,39.822711,0.5160432,18.2416,52725,0.12,6.72,True,False
P23676,23676,153.02267,22.025069,0.6777163,18.82004,57835,0.12,6.72,True,False
P23010,23010,151.95047,52.313705,0.6330142,18.97116,52400,0.18,7.09,True,False
P23240,23240,153.18559,51.584164,0.6710414,18.53802,52706,0.16,7.84,True,False
P23283,23283,150.22901,26.378454,0.5057301,17.66211,58132,0.14,6.72,True,False
P22838,22838,152.24282,38.038583,0.6704085,17.80689,52993,0.18,7.09,True,False
P22619,22619,150.75655,38.566001,0.1474948,18.61102,52993,0.3,0.75,False,True
P22470,22470,155.46808,46.75435,0.2041101,17.93419,56769,0.44,0.75,False,True
P23318,23318,151.39013,43.022227,0.4094574,18.31017,52672,0.3,2.99,False,True
P22326,22326,155.68712,55.208461,0.7917424,18.39609,52407,0.12,6.34,True,False
P1184,1184,234.19957,51.182344,0.7396081,18.99063,52401,0.34,4.1,False,True
P1709,1709,241.92899,43.471242,0.5969056,17.9892,57900,0.5,0.75,False,True
P1823,1823,245.16306,43.137382,0.6204823,18.20454,52374,0.38,3.36,False,True
P21948,21948,148.85309,28.774747,0.5499176,17.34153,58441,0.1,7.09,True,False
P23708,23708,156.83776,36.729065,0.6126362,18.3977,58170,0.48,1.12,False,True
P933,933,233.93518,57.239912,0.6354001,18.53847,52347,0.18,7.46,True,False
P23957,23957,154.05327,30.516663,0.1962204,18.96427,53437,0.42,1.49,False,True
P22214,22214,148.09876,44.193103,0.6165283,18.02419,57062,0.18,7.09,True,False
P803,803,234.05038,52.698492,0.5607508,17.12837,52378,0.16,8.21,True,False
P22200,22200,147.72423,42.475516,0.6402594,18.05502,52709,0.34,4.48,False,True
P1871,1871,242.14655,45.701439,0.4339057,18.06217,52354,0.42,2.24,False,True
P24046,24046,155.27519,45.392188,0.3640645,18.34165,56710,0.3,0.75,False,True
P24174,24174,161.29255,36.778821,0.6418902,18.81033,53463,0.32,5.22,False,True
P21950,21950,148.66108,30.145402,0.3400404,18.42307,58158,0.14,7.46,True,False
P21365,21365,143.25667,49.841539,0.6157648,18.39188,56661,0.12,6.72,True,False
P23155,23155,157.30242,40.705503,0.1469604,17.79679,58140,0.54,1.12,False,True
P25355,25355,163.3329,39.180763,0.5056934,18.40937,52996,0.48,1.87,False,True
P2879,2879,247.07134,20.063539,0.5701357,17.41615,53566,0.1,7.09,True,False
P3013,3013,246.32244,49.320809,0.654627,18.99372,52145,0.36,4.1,False,True
P25744,25744,164.56746,54.719503,0.1269836,18.13712,52373,0.38,2.61,False,True
P25334,25334,159.61091,64.457559,0.7267495,18.83197,56667,0.3,3.36,False,True
P21204,21204,142.61797,14.610441,0.5212834,18.42676,57780,0.14,7.09,True,False
P2920,2920,246.16562,43.41354,0.5418194,18.30984,52374,0.12,6.34,True,False
P3095,3095,242.94901,50.995474,0.5982146,18.9576,52051,0.46,1.12,False,True
P21214,21214,142.50795,28.816231,0.4876792,18.16962,58138,0.48,1.12,False,True
P2745,2745,246.48905,44.894343,0.3544186,18.81899,52057,0.3,5.22,False,True
P25518,25518,159.04039,66.295443,0.7937406,18.6593,51930,0.1,6.72,True,False
P2921,2921,242.80262,46.081982,0.5146181,18.28511,52443,0.1,6.72,True,False
P20742,20742,147.29253,15.943618,0.2183852,18.79962,57784,0.3,0.75,False,True
P25741,25741,160.4449,52.557838,0.677991,16.66828,57375,0.12,8.21,True,False
P410,410,238.3511,49.124153,0.2582522,17.88836,57894,0.3,4.48,False,True
P21267,21267,146.56316,27.606501,0.5424106,18.7609,58136,0.34,4.1,False,True
P20896,20896,146.98293,63.896636,0.5739828,18.48354,54468,0.16,7.46,True,False
P25254,25254,158.51521,46.415952,0.7435609,18.72847,52620,0.36,3.73,False,True
P21077,21077,143.7702,10.868522,0.1391469,18.50302,53052,0.3,0.75,False,True
P21269,21269,146.35052,29.218942,0.2686249,18.01964,58155,0.38,2.24,False,True
P21112,21112,145.42692,9.2542574,0.7519967,18.73271,52757,0.5,1.87,False,True
P190,190,236.16862,46.898054,0.2042301,18.24788,52731,0.3,1.12,False,True
P5187,5187,317.36372,-6.1708737,0.5728112,18.6301,52081,0.22,5.97,True,False
P18532,18532,133.24676,3.2223946,0.2967729,16.16595,52225,0.14,5.97,True,False
P18732,18732,139.97618,29.235641,0.7215963,17.59333,58143,0.1,5.97,True,False
P5147,5147,318.43,-7.8382429,0.4205035,18.94385,52081,0.06,5.97,False,False
P17123,17123,133.49117,46.564068,0.5485337,18.25074,56715,0.08,5.97,True,False
P1170,1170,237.37608,41.748187,0.7464998,18.42546,52468,0.16,5.97,True,False
P18215,18215,132.62248,18.897316,0.5701374,17.79819,58487,0.22,5.97,True,False
P3024,3024,243.06743,38.871373,0.6649264,18.83069,52759,0.22,5.97,True,False
P20192,20192,141.43256,48.875373,0.5731086,18.36134,52637,0.08,5.97,True,False
P21104,21104,145.41081,30.297325,0.5994043,18.29522,58158,0.16,5.97,True,False
P17765,17765,129.4851,14.983954,0.7680808,18.98958,53815,0.08,5.97,True,False
P18044,18044,134.05441,-1.010583,0.6262984,18.88643,55537,0.1,5.97,True,False
P15391,15391,124.64704,18.494502,0.7940463,18.64127,53358,0.18,5.97,True,False
P20900,20900,146.8718,34.829872,0.7052481,17.73875,52999,0.1,5.97,True,False
P16290,16290,121.47821,15.118293,0.7652133,18.36841,53682,0.08,5.97,True,False
P21174,21174,143.62409,43.153993,0.694788,18.77995,52325,0.08,5.97,True,False
P14255,14255,111.70612,16.295948,0.5588173,18.54102,54416,0.1,5.97,True,False
P15791,15791,122.85773,57.623569,0.6459373,18.87121,53386,0.1,5.97,True,False
P16307,16307,121.5299,50.060245,0.3218084,18.77716,53090,0.1,5.97,True,False
P17045,17045,128.24633,34.799974,0.6449135,18.6318,58127,0.16,5.97,True,False
P16042,16042,121.25162,25.274578,0.6863218,18.46147,52670,0.12,5.97,True,False
P19705,19705,138.66828,28.391838,0.7348163,17.8136,53388,0.1,5.97,True,False
P4122,4122,254.57665,33.330824,0.7166498,17.38644,52435,0.06,5.97,False,False
P22664,22664,156.06973,24.369907,0.7659487,17.64583,56279,0.06,5.97,False,False
P19857,19857,139.06665,39.44924,0.5329469,17.61261,57448,0.08,5.97,True,False
P19368,19368,135.03331,36.769613,0.5166381,17.29832,57458,0.14,5.97,True,False
P16938,16938,130.42362,40.877141,0.7653272,17.0365,52296,0.06,5.97,True,False
P3998,3998,252.82493,18.779978,0.2353088,18.77221,53169,0.28,1.12,False,True
P14695,14695,118.67043,12.565798,0.4344444,18.75505,53682,0.28,0.75,False,True
P16777,16777,127.90527,38.255672,0.3241678,18.91594,52312,0.28,5.6,True,False
P3274,3274,248.1382,16.797734,0.3365069,17.74474,53558,0.28,2.99,False,False
P15246,15246,120.26415,49.915972,0.3528037,18.186,56992,0.28,2.61,False,False
P21743,21743,149.88197,50.746961,0.143485,16.81831,56660,0.28,0.37,False,True
P3109,3109,245.70844,43.005702,0.07842635,17.67863,52374,0.28,0.75,False,True
P21833,21833,148.42351,29.530421,0.2505346,18.37915,58143,0.28,0.37,False,True
P16601,16601,120.23549,13.966617,0.5138128,18.85921,53679,0.06,5.6,False,False
P20982,20982,143.93892,22.886097,0.7428246,18.49995,53730,0.06,5.6,False,False
P14532,14532,115.93739,23.477496,0.7766042,17.73495,52577,0.16,5.6,True,False
P22570,22570,150.63732,57.808766,0.7201993,17.70277,52317,0.06,5.6,False,False
P20750,20750,147.25956,26.616764,0.6060139,17.96037,58133,0.06,5.6,False,False
P17421,17421,128.89919,24.994491,0.3297258,15.93573,58103,0.2,5.6,False,True
P14631,14631,112.74591,27.947051,0.6142962,18.92777,58083,0.06,5.6,True,False
P22621,22621,150.5782,35.853717,0.6434554,18.8699,53389,0.1,5.6,True,False
P5072,5072,320.05906,-2.0593519,0.7323077,18.88876,55881,0.06,5.6,False,False
P15420,15420,124.45347,14.68752,0.768807,18.90471,53714,0.06,5.6,True,False
P543,543,237.87958,50.187148,0.7032138,18.95613,52352,0.06,5.6,False,False
P3485,3485,253.69746,31.25797,0.6906596,18.17394,52791,0.14,5.6,False,False
P18687,18687,135.4712,55.778262,0.3668003,18.99825,57071,0.26,5.6,False,True
P18036,18036,134.58532,4.3986269,0.5367988,18.89379,52670,0.08,5.6,False,False
P21297,21297,146.50405,52.495673,0.448019,17.95361,57042,0.08,5.6,True,False
P25072,25072,160.03889,56.062019,0.3915764,18.01121,52368,0.06,5.6,True,False
P2732,2732,241.45154,48.880761,0.7424782,18.36718,52054,0.06,5.6,True,False
P19715,19715,140.65535,31.172379,0.6727816,18.14372,58157,0.1,5.6,True,False
P19204,19204,139.63063,23.489236,0.7585971,18.6795,57813,0.06,5.6,False,False
P21259,21259,146.49344,13.947454,0.5696974,18.90676,55999,0.06,5.6,True,False
P4235,4235,252.08599,39.109939,0.6855979,18.72336,52050,0.1,5.6,True,False
P15008,15008,114.2027,32.243693,0.338154,18.97183,51959,0.12,5.6,True,False
P21593,21593,146.30208,7.6032014,0.6968889,18.75416,52724,0.06,5.6,False,False
P15870,15870,124.87285,29.643256,0.7556969,18.54733,52619,0.1,5.6,True,False
P21634,21634,143.24319,38.516978,0.3480421,18.98967,52731,0.06,5.6,True,False
P16110,16110,124.2829,33.13686,0.7591525,17.4631,52325,0.06,5.6,True,False
P21746,21746,149.83882,57.990096,0.7786652,18.95324,57448,0.06,5.6,False,False
P18047,18047,129.1661,11.322481,0.3351888,17.42997,53795,0.06,5.6,False,False
P14873,14873,113.97063,39.406658,0.7432477,18.90899,51884,0.2,5.6,True,False
P20110,20110,140.61292,15.125448,0.7815381,18.29749,57783,0.08,5.6,True,False
P24361,24361,160.18629,43.730087,0.7745326,18.41012,57451,0.06,5.6,True,False
P21979,21979,148.76655,56.312966,0.7998004,18.56592,52317,0.06,5.6,False,False
P19601,19601,140.41055,48.65904,0.6991087,18.90275,52637,0.06,5.6,False,False
P1907,1907,241.6071,33.037319,0.7525099,18.77861,58253,0.06,5.6,False,False
P22014,22014,149.65241,35.737363,0.7005903,18.80529,52998,0.06,5.6,False,False
P16183,16183,121.69866,8.5098183,0.6773586,18.08249,54081,0.08,5.6,False,False
P20116,20116,136.02601,11.499058,0.7970282,18.04156,54086,0.1,5.6,True,False
P16176,16176,126.06215,21.00172,0.7757067,18.85394,58084,0.1,5.22,True,False
P15742,15742,126.77954,17.543766,0.5985878,18.5508,53709,0.06,5.22,True,False
P15682,15682,120.96356,16.859835,0.7620733,17.88417,53319,0.06,5.22,True,False
P16735,16735,127.89039,21.628733,0.5896347,18.42319,58083,0.08,5.22,False,False
P16218,16218,126.89697,54.104907,0.7829328,17.84338,53299,0.18,5.22,False,True
P25698,25698,159.10098,49.621726,0.7257143,18.68922,52354,0.12,5.22,True,False
P15439,15439,125.10092,23.580691,0.4699606,17.39355,53317,0.1,5.22,True,False
P18955,18955,140.35102,10.588216,0.499415,18.97023,53050,0.1,5.22,True,False
P3520,3520,247.89778,40.965682,0.7487824,18.88219,52381,0.06,5.22,True,False
P4011,4011,248.59332,38.361058,0.7877383,18.69482,52790,0.08,5.22,False,False
P4753,4753,255.20175,48.19298,0.4985752,18.76548,57549,0.06,5.22,True,False
P18014,18014,134.67469,30.61152,0.4906849,18.99724,58135,0.14,5.22,False,False
P18390,18390,133.64729,24.693372,0.2567858,18.95251,53381,0.06,5.22,True,False
P2207,2207,240.10625,47.845013,0.7347814,17.99374,52354,0.08,5.22,False,False
P17954,17954,134.05246,25.01293,0.7634415,18.98147,58131,0.06,5.22,True,False
P19918,19918,137.05952,58.757679,0.7353616,18.98651,51907,0.06,5.22,True,False
P19937,19937,140.81317,9.7536373,0.5802351,18.99273,52763,0.1,5.22,True,False
P21942,21942,148.71206,22.75813,0.595315,18.94294,53737,0.06,5.22,False,False
P18646,18646,135.48979,31.234247,0.6053495,18.10086,58163,0.08,5.22,False,False
P18667,18667,142.43937,44.243091,0.3291689,18.96611,52325,0.1,5.22,True,False
P17352,17352,132.11955,19.341906,0.499707,18.90098,58127,0.06,5.22,True,False
P21059,21059,143.9011,39.982323,0.5869263,18.62427,57445,0.06,5.22,False,False
P4220,4220,252.07076,34.629246,0.7600802,18.83677,52791,0.06,5.22,True,False
P20512,20512,144.49388,37.418061,0.4938452,18.7221,53035,0.1,5.22,True,False
P3368,3368,250.2999,26.32565,0.2427284,18.10334,53167,0.1,5.22,True,False
P20523,20523,144.49838,45.633862,0.4286349,18.59159,52672,0.06,5.22,False,False
P23001,23001,151.86635,41.475802,0.7272392,18.48231,52672,0.06,5.22,True,False
P4411,4411,261.05411,39.264118,0.7047369,18.43062,55743,0.1,5.22,True,False
P14354,14354,114.86349,40.729816,0.2078397,18.50872,51884,0.18,5.22,False,True
P21193,21193,142.61616,51.694797,0.6231208,18.32358,52252,0.1,5.22,True,False
P15441,15441,125.18904,24.531361,0.6519384,16.95407,58433,0.26,0.37,False,True
P2611,2611,246.86113,35.13768,0.1942927,18.94624,52765,0.26,0.75,False,True
P4091,4091,252.55428,38.320319,0.1447115,18.99053,52071,0.26,0.37,False,True
P14440,14440,115.97654,33.082242,0.1189388,18.86894,52235,0.26,0.37,False,False
P15975,15975,126.95958,44.813222,0.5296894,18.41166,51986,0.26,0.75,False,False
P15902,15902,125.46121,18.864114,0.07045136,18.18889,53358,0.26,0.75,False,True
P472,472,238.69283,36.121794,0.1532383,18.50995,53141,0.26,0.75,False,True
P2911,2911,246.19908,34.391512,0.150636,18.47453,52520,0.26,0.75,False,False
P3557,3557,253.6131,20.564037,0.2783291,18.83596,53169,0.26,0.75,False,True
P2949,2949,240.48972,49.03551,0.2464913,18.20037,52054,0.26,0.37,False,True
P15643,15643,124.00812,24.157184,0.5529762,18.52553,52962,0.26,0.37,False,True
P20317,20317,139.47927,5.6304861,0.3484484,18.19485,52707,0.26,0.0,False,True
P20407,20407,141.17121,28.791758,0.464579,18.83169,58130,0.26,0.75,False,True
P15447,15447,123.35007,54.376883,0.04264095,17.48974,53384,0.26,0.75,False,True
P458,458,236.85142,51.629733,0.1406166,18.66513,52049,0.26,0.75,False,False
P2070,2070,241.00934,44.624649,0.2327988,18.90315,52753,0.26,0.75,False,True
P21732,21732,148.24016,41.3317,0.3515463,18.81684,57390,0.26,0.37,False,True
P23780,23780,152.54471,46.333498,0.255144,18.9911,52376,0.26,0.37,False,True
P14475,14475,119.46724,43.751149,0.1535607,18.41037,56269,0.26,0.37,False,True
P23295,23295,150.01345,22.32191,0.7473086,18.33979,58135,0.26,3.36,False,True
P17003,17003,128.57462,49.244236,0.1731444,17.44384,57038,0.26,0.75,False,False
P17018,17018,128.33848,20.845746,0.1241856,18.50773,53359,0.26,0.75,False,False
P16410,16410,121.48896,34.706609,0.2186104,18.91344,52584,0.26,0.37,False,True
P17407,17407,129.24547,44.434003,0.2543997,15.50153,52232,0.26,0.37,False,True
P16359,16359,121.79136,20.983828,0.3146052,18.83148,53330,0.26,1.12,False,True
P1750,1750,244.23429,54.625277,0.4525412,18.9443,58248,0.26,0.75,False,False
P18009,18009,131.02847,62.249588,0.1208072,18.73196,54453,0.26,0.37,False,False
P3178,3178,250.88297,30.809879,0.1840353,17.7686,52793,0.26,0.75,False,True
P23963,23963,154.10466,33.414044,0.3739245,18.97953,53442,0.26,2.24,False,True
P18318,18318,134.98555,38.043016,0.3030739,18.77901,52705,0.26,0.37,False,False
P18180,18180,133.99253,32.547055,0.2301715,18.90026,52974,0.26,2.61,False,False
P20705,20705,144.489,51.936073,0.3408345,18.74484,52281,0.26,1.87,False,True
P17964,17964,131.94192,38.527592,0.3139918,16.65973,57446,0.06,4.85,False,False
P16738,16738,127.79683,12.518856,0.6777963,17.59342,54139,0.1,4.85,True,False
P16839,16839,129.95689,9.4172915,0.6852158,18.51656,53081,0.06,4.85,True,False
P18577,18577,137.62322,40.125607,0.7752553,18.96048,52707,0.16,4.85,False,False
P22355,22355,150.78925,55.692957,0.6740405,18.9807,52652,0.06,4.85,True,False
P25618,25618,164.13148,47.323917,0.6237458,17.83364,54094,0.08,4.85,False,False
P15895,15895,125.32238,9.4473484,0.5457631,18.82013,54055,0.2,4.85,False,True
P23440,23440,153.01381,49.363385,0.7501699,18.61888,52706,0.06,4.85,True,False
P22237,22237,147.87842,62.078272,0.582709,18.9427,51943,0.1,4.85,True,False
P23911,23911,152.50541,24.571964,0.7664797,18.73084,57874,0.14,4.85,False,False
P25411,25411,158.65055,60.415379,0.6862416,18.57027,56661,0.06,4.85,False,False
P20080,20080,138.6235,50.124606,0.4488499,18.79605,52247,0.06,4.85,True,False
P21452,21452,146.76305,59.869542,0.4205922,18.6774,51915,0.12,4.85,False,False
P17855,17855,132.71194,9.4542212,0.3275772,18.60699,53086,0.16,4.85,False,False
P21152,21152,143.57216,28.766329,0.7901031,18.46434,58156,0.1,4.85,True,False
P22324,22324,150.88093,57.314853,0.4563831,18.93678,56625,0.14,4.85,False,False
P3,3,239.54684,40.186957,0.2979431,17.89574,58280,0.1,4.85,True,False
P2558,2558,247.18809,18.816469,0.745903,18.23872,54589,0.08,4.85,True,False
P14992,14992,114.11283,27.734971,0.7482837,18.08978,52339,0.06,4.85,True,False
P14413,14413,118.12756,18.24224,0.5358636,18.56208,53317,0.1,4.85,True,False
P21314,21314,143.44901,21.243457,0.1721864,17.82286,53713,0.24,0.75,False,True
P20904,20904,146.88841,10.085772,0.1389904,16.85806,52757,0.24,0.75,False,False
P16555,16555,127.19873,36.623391,0.3316588,18.82282,52312,0.24,2.99,False,True
P2927,2927,246.2847,46.655158,0.1513592,18.31299,52377,0.24,1.12,False,False
P2874,2874,246.96743,54.320153,0.3155116,17.92924,56485,0.24,0.75,False,True
P2759,2759,247.12158,43.496824,0.2602845,18.53394,52057,0.24,2.24,False,True
P16338,16338,121.79882,19.744348,0.3477453,18.3748,53315,0.24,1.12,False,False
P2717,2717,246.5302,33.987572,0.204809,16.31532,52520,0.24,0.75,False,False
P3800,3800,247.81469,23.882636,0.05918172,17.93708,53177,0.24,0.75,False,True
P2462,2462,247.05252,53.715776,0.6100053,18.83805,58253,0.24,1.12,False,False
P21583,21583,146.21489,56.343835,0.1383694,18.42916,51991,0.24,0.75,False,False
P22063,22063,147.70161,39.447368,0.2055347,16.40212,52765,0.24,0.37,False,False
P22169,22169,148.03985,21.720364,0.07949205,17.71765,53734,0.24,0.75,False,True
P1860,1860,245.4522,40.811961,0.2800538,18.81822,52753,0.24,0.75,False,False
P15996,15996,122.13845,11.268721,0.4597424,18.85066,54086,0.24,0.75,False,False
P15980,15980,126.89563,49.53612,0.2271345,18.5703,51873,0.24,0.75,False,False
P20718,20718,145.67432,63.011955,0.665337,18.74573,54468,0.24,0.75,False,False
P20498,20498,144.43066,20.745839,0.3475522,18.38299,57805,0.24,2.99,False,False
P22321,22321,155.55134,51.139969,0.17076,18.90764,57374,0.24,0.75,False,False
P3441,3441,249.20154,49.013835,0.5167041,17.69669,57186,0.24,0.37,False,False
P18203,18203,134.79539,15.458312,0.4237561,18.71181,53818,0.24,2.61,False,False
P18313,18313,134.78159,4.7428879,0.2348953,18.75139,52649,0.24,1.12,False,True
P4675,4675,258.70212,33.460635,0.1853971,16.74208,54591,0.24,0.75,False,True
P4612,4612,258.30272,31.016448,0.2829811,18.31367,52441,0.24,0.0,False,True
P18636,18636,142.38467,27.178543,0.2727334,18.64468,58086,0.24,1.12,False,False
P5099,5099,319.12338,9.9310815,0.4512403,18.62403,52520,0.24,2.61,False,False
P4572,4572,256.95749,45.122277,0.2943701,18.61237,58019,0.24,0.75,False,True
P17749,17749,129.66907,47.569625,0.6947218,18.08072,51959,0.24,2.61,False,False
P4187,4187,248.65791,44.259231,0.2219673,18.96124,52057,0.24,0.37,False,False
P19458,19458,136.7591,40.989887,0.4491847,18.07795,52668,0.24,0.75,False,False
P5208,5208,316.38352,9.6265429,0.5051443,18.85981,52207,0.24,2.99,False,False
P19518,19518,139.31249,28.141172,0.104257,17.93681,53388,0.24,0.75,False,False
P19572,19572,141.08788,36.893821,0.1065004,17.99145,52995,0.24,0.37,False,False
P3881,3881,253.26102,26.859679,0.638676,18.03219,53260,0.24,0.0,False,True
P16986,16986,128.72868,55.572632,0.2415357,18.93461,56577,0.24,1.12,False,True
P19880,19880,141.06129,3.1502193,0.1281525,17.78768,52254,0.24,0.75,False,True
P19983,19983,141.73301,52.938409,0.08721255,17.85656,52252,0.24,0.75,False,True
P22257,22257,150.9068,17.791657,0.3441625,18.95706,54097,0.24,1.12,False,False
P4869,4869,262.71968,60.421331,0.7295793,17.64411,51792,0.24,2.61,False,True
P15401,15401,124.6223,24.146365,0.3114928,18.87354,52962,0.24,0.75,False,False
P1484,1484,233.42931,59.083378,0.1600096,18.58075,52347,0.24,1.49,False,True
P22777,22777,153.74218,31.658814,0.1189455,18.41211,53437,0.24,0.75,False,False
P15392,15392,124.5512,16.610207,0.1121549,18.24158,53711,0.24,0.75,False,False
P1060,1060,236.39404,57.606991,0.2682295,18.52308,56429,0.24,0.75,False,False
P24095,24095,155.10764,41.561771,0.3613786,18.10187,58140,0.24,1.12,False,True
P23255,23255,154.72553,57.446601,0.4296421,18.91369,52407,0.24,4.1,False,True
P1655,1655,244.68191,55.518957,0.08299189,18.6241,58248,0.24,1.87,False,True
P1455,1455,233.60502,58.276343,0.1370164,18.516,58226,0.24,0.75,False,False
P23974,23974,154.14681,43.750876,0.2530991,18.95173,52709,0.24,0.75,False,True
P22342,22342,150.95662,22.253853,0.2021843,18.94292,53737,0.24,1.12,False,False
P20614,20614,144.96983,35.899666,0.136496,18.05636,55590,0.06,4.48,True,False
P17710,17710,127.52168,17.203958,0.5084242,18.99002,57805,0.1,4.48,True,False
P4857,4857,264.17218,54.564051,0.5513875,18.67242,51999,0.1,4.48,True,False
P1854,1854,245.37348,21.158616,0.6765349,17.34914,53566,0.06,4.48,False,False
P2372,2372,240.51274,46.609684,0.7432102,18.34129,52354,0.08,4.48,True,False
P17787,17787,127.5747,29.65665,0.5934821,18.19748,58162,0.14,4.48,False,False
P23121,23121,151.4955,30.881393,0.6318133,18.08595,58141,0.1,4.48,True,False
P15076,15076,119.14186,27.813193,0.7524235,18.9526,52317,0.1,4.48,True,False
P19380,19380,140.78827,45.912747,0.7359528,18.83552,52314,0.06,4.48,True,False
P15835,15835,124.69045,37.400918,0.7572242,18.72102,52589,0.06,4.48,True,False
P14766,14766,118.54286,22.994821,0.1792648,18.92078,52669,0.16,4.48,False,False
P24222,24222,160.36506,31.570292,0.3535594,17.91534,58144,0.22,0.75,False,False
P4035,4035,254.32671,34.276947,0.1000162,18.58728,52435,0.22,1.49,False,False
P3922,3922,248.84423,46.180884,0.1657785,18.39606,52144,0.22,0.75,False,True
P17162,17162,128.09733,55.980683,0.4018672,18.77922,56751,0.22,0.75,False,False
P19636,19636,140.51773,56.844747,0.4197705,18.79037,51908,0.22,1.12,False,False
P19656,19656,139.8294,54.175607,0.1264151,18.85908,52000,0.22,0.75,False,True
P15892,15892,125.39003,47.043691,0.1282468,18.21033,51868,0.22,1.12,False,True
P3888,3888,253.27729,26.443891,0.1194473,18.59783,53473,0.22,0.37,False,True
P24133,24133,156.55797,52.630923,0.259182,17.74848,52644,0.22,0.75,False,False
P5564,5564,325.85202,25.219909,0.1747867,18.616,57297,0.22,1.12,False,False
P659,659,238.1355,57.087841,0.3664189,18.00276,56432,0.22,0.37,False,True
P24048,24048,156.72066,55.152566,0.1162386,17.89699,52643,0.22,0.37,False,False
P3603,3603,248.41555,53.503224,0.2069859,18.28036,58253,0.22,1.12,False,False
P3583,3583,250.41289,31.020554,0.5129341,18.3455,52781,0.22,0.75,False,True
P16889,16889,130.80588,53.955244,0.2175585,16.99323,57061,0.22,2.61,False,False
P16866,16866,130.9573,26.31965,0.2572012,17.31633,58429,0.22,1.12,False,False
P17232,17232,130.1983,13.206559,0.680384,18.21111,53795,0.22,1.12,False,True
P19250,19250,141.76329,52.387917,0.6020977,16.76746,57073,0.22,1.12,False,False
P17335,17335,128.80154,12.70961,0.2773825,18.81798,53795,0.22,0.37,False,False
P4598,4598,257.69487,32.329627,0.3272658,17.59688,58402,0.22,0.75,False,False
P4935,4935,309.37664,-5.5037167,0.5378444,17.30795,52164,0.22,2.61,False,False
P4711,4711,258.86051,29.323222,0.2084374,18.56427,52410,0.22,1.12,False,False
P4981,4981,313.24248,-5.6448349,0.1733208,18.76141,52145,0.22,1.12,False,False
P18292,18292,132.49078,27.791377,0.2990335,18.8671,58466,0.22,1.12,False,False
P129,129,238.775,45.835779,0.3773994,17.77826,57893,0.22,1.49,False,False
P18343,18343,134.81522,1.3001635,0.2820843,17.54703,51913,0.22,1.12,False,False
P18528,18528,133.2589,48.024644,0.5407317,18.72684,52238,0.22,1.12,False,False
P17935,17935,131.20699,15.502019,0.5630445,18.96905,53799,0.22,2.61,False,False
P18870,18870,139.98063,55.360312,0.1228317,16.01627,51908,0.22,0.37,False,False
P4103,4103,247.79701,40.801463,0.2578364,17.08319,58248,0.22,3.36,False,False
P18879,18879,140.01131,15.831362,0.3836211,18.67753,57783,0.22,0.75,False,True
P4311,4311,260.28955,35.704475,0.2833574,18.02709,55739,0.22,0.75,False,False
P4270,4270,256.64444,21.512337,0.1987839,18.74939,53177,0.22,2.61,False,False
P19183,19183,135.17516,64.803417,0.64384,18.67125,54464,0.22,0.37,False,False
P3417,3417,248.16523,36.405521,0.20318,18.25055,52765,0.22,2.61,False,False
P4127,4127,252.13945,40.057468,0.5555138,18.7397,52050,0.22,2.61,False,False
P4125,4125,254.40543,60.827595,0.3132732,18.63055,51695,0.22,0.75,False,True
P28,28,239.62326,43.532575,0.1894337,18.93937,52764,0.22,0.37,False,False
P3439,3439,254.69932,44.515127,0.5604623,18.53706,58015,0.22,1.12,False,True
P20749,20749,147.22839,24.105989,0.3016103,18.60173,58130,0.22,0.75,False,True
P21938,21938,148.76897,17.098997,0.1378382,17.92782,54095,0.22,0.37,False,False
P21073,21073,143.98687,62.213838,0.4084939,18.79041,51910,0.22,1.12,False,True
P14488,14488,119.37659,15.414752,0.3885836,16.43382,53679,0.22,1.12,False,False
P20882,20882,147.0159,25.137341,0.2922605,18.64863,53738,0.22,0.75,False,True
P16584,16584,120.15679,46.216092,0.2387948,18.26053,56713,0.22,1.12,False,False
P3089,3089,242.92177,47.37857,0.3032847,18.91566,52054,0.22,2.61,False,False
P16250,16250,127.38628,57.301244,0.4607035,18.33973,54437,0.22,1.12,False,False
P15296,15296,120.58624,13.855245,0.1123611,18.16208,53682,0.22,2.61,False,False
P21087,21087,145.43677,57.856579,0.1585511,17.97414,51911,0.22,1.12,False,False
P16079,16079,121.68037,8.2470311,0.3603996,18.12297,54081,0.22,0.75,False,False
P2051,2051,244.73009,31.175178,0.4467292,18.8105,58254,0.22,1.12,False,True
P23505,23505,157.47244,54.193699,0.2299495,18.86546,52643,0.22,1.12,False,True
P2157,2157,241.94171,34.846939,0.05361078,17.3845,53436,0.22,0.37,False,False
P1177,1177,234.254,51.087292,0.7291084,18.96106,52378,0.22,3.36,False,False
P14633,14633,118.24857,38.521472,0.5709436,18.6515,55486,0.22,3.36,False,False
P14634,14634,116.06663,35.977837,0.1330218,18.65097,51993,0.22,1.12,False,True
P15823,15823,121.03342,39.791233,0.1124538,18.27003,52202,0.22,1.12,False,True
P15255,15255,120.35401,27.794298,0.7319778,18.64555,52581,0.22,1.49,False,False
P22068,22068,147.86703,42.060058,0.2356387,18.03345,52709,0.22,0.37,False,False
P16663,16663,125.84955,42.346741,0.1514835,18.42353,54524,0.22,0.75,False,False
P21426,21426,146.80236,10.255887,0.2828106,17.9921,52757,0.22,1.12,False,False
P15126,15126,119.07949,12.491425,0.2661887,17.89803,53682,0.22,1.12,False,False
P18130,18130,130.51555,40.308699,0.1516362,17.0844,52296,0.22,1.12,False,True
P22799,22799,156.17658,37.571038,0.09854905,18.19918,52996,0.22,1.49,False,True
P21329,21329,143.50203,36.942573,0.4591172,18.65701,52996,0.22,1.12,False,False
P2714,2714,241.49977,39.195102,0.3911731,18.26764,58253,0.22,2.24,False,False
P15955,15955,122.31463,48.069358,0.416569,18.92076,56715,0.22,1.49,False,False
P14468,14468,119.38733,49.555636,0.6005346,18.93349,53089,0.22,1.49,False,False
P24282,24282,157.72775,38.265789,0.5343682,18.82648,53002,0.14,4.1,False,False
P19360,19360,138.09296,6.9747282,0.07853998,18.00031,52703,0.08,4.1,False,False
P15913,15913,125.43293,27.744092,0.5085962,18.75651,52932,0.14,4.1,False,False
P18672,18672,135.26968,39.619396,0.7682453,18.40164,52669,0.08,4.1,True,False
P15569,15569,122.58803,44.07404,0.5898139,18.74693,51877,0.1,4.1,True,False
P192,192,235.97075,46.307272,0.7632906,18.49896,52731,0.08,4.1,False,False
P16893,16893,130.78186,52.102804,0.7507873,18.16918,57012,0.1,4.1,True,False
P18288,18288,130.53159,28.323991,0.7708898,18.85278,58107,0.06,4.1,True,False
P17937,17937,134.58523,16.149437,0.7338669,18.29853,57801,0.1,4.1,True,False
P16982,16982,128.5557,59.050408,0.307982,18.17615,57071,0.18,4.1,False,False
P22947,22947,153.6007,57.501048,0.5057634,18.7766,56658,0.08,4.1,True,False
P4529,4529,258.34412,32.941116,0.1015794,17.53747,52413,0.2,1.12,False,False
P3426,3426,248.84767,26.512928,0.07105547,18.13364,52824,0.2,1.12,False,False
P2044,2044,241.56783,50.920385,0.7069047,18.96508,57576,0.2,0.37,False,False
P25055,25055,160.06012,47.76521,0.4860851,18.99739,52620,0.2,1.12,False,False
P501,501,238.593,59.219078,0.6508371,18.7746,58248,0.2,1.49,False,False
P2258,2258,243.64108,54.680615,0.2330399,18.45118,56809,0.2,1.12,False,False
P25401,25401,163.59028,58.395792,0.204363,18.86769,52427,0.2,1.12,False,False
P4665,4665,258.69244,40.132137,0.178081,18.40128,58395,0.2,1.12,False,False
P22617,22617,155.96096,41.172605,0.116884,17.57878,53002,0.2,1.12,False,False
P22597,22597,150.58648,26.063641,0.1183034,17.52791,53740,0.2,0.75,False,False
P18282,18282,133.97613,0.85304333,0.05246851,17.42234,51912,0.2,0.37,False,False
P4787,4787,255.30156,35.564831,0.5010699,18.54168,52427,0.2,0.75,False,False
P70,70,234.94842,43.22822,0.3480495,18.75431,52466,0.2,0.37,False,True
P18154,18154,134.8233,10.919223,0.2959723,17.80535,54085,0.2,1.12,False,False
P21411,21411,146.63034,22.504594,0.6923936,18.77814,53734,0.2,1.49,False,True
P19372,19372,140.69203,24.937784,0.2400421,18.94702,53714,0.2,0.75,False,False
P4301,4301,256.66762,42.000228,0.6109107,18.5221,58281,0.2,0.75,False,False
P19051,19051,139.62123,18.516888,0.1486039,18.07846,53795,0.2,0.37,False,False
P20367,20367,139.48076,0.51749988,0.7312686,18.71685,51955,0.2,2.24,False,False
P20337,20337,141.47683,45.595672,0.3296385,17.4811,56685,0.2,0.0,False,False
P23921,23921,154.18797,42.173744,0.05502596,16.14054,52709,0.2,1.12,False,False
P3468,3468,253.96405,21.767169,0.1534853,16.11874,52885,0.2,1.12,False,False
P20568,20568,145.28253,17.743427,0.4564889,18.0004,57809,0.2,0.75,False,False
P20112,20112,140.77091,12.381071,0.4521545,18.76034,54086,0.2,2.61,False,False
P20013,20013,139.2769,56.626128,0.4759529,18.64794,51908,0.2,1.12,False,False
P20689,20689,145.56304,9.0044021,0.2126474,17.08941,52757,0.2,1.12,False,True
P3167,3167,245.72245,48.066168,0.1924804,18.82284,52145,0.2,1.12,False,False
P23920,23920,152.47032,38.080187,0.6503758,18.98186,52993,0.2,1.49,False,True
P19838,19838,139.21997,39.454094,0.2689166,18.9851,52707,0.2,0.37,False,False
P19830,19830,136.8132,6.3382497,0.4520362,18.30466,52674,0.2,1.49,False,False
P19818,19818,139.25916,37.189532,0.1966877,18.70429,52972,0.2,2.61,False,False
P19736,19736,137.19949,27.54472,0.6701474,18.81967,58132,0.2,2.99,False,False
P3140,3140,245.8272,34.108579,0.4899839,18.80392,52522,0.2,1.12,False,False
P20812,20812,144.70106,9.6105117,0.2835756,18.90026,52993,0.2,1.49,False,False
P19612,19612,135.13461,49.197187,0.5989302,18.83374,52254,0.2,2.24,False,False
P3067,3067,242.99812,31.178196,0.1588309,17.96605,58252,0.2,0.37,False,False
P19462,19462,142.03931,38.500164,0.4982886,16.5446,57461,0.2,3.73,False,False
P19461,19461,142.11785,31.197996,0.1611473,17.96338,53386,0.2,0.75,False,False
P558,558,234.92236,54.007984,0.5382892,18.79278,52442,0.2,2.61,False,False
P2793,2793,243.43777,47.567128,0.3352541,18.87745,52377,0.2,0.37,False,False
P19379,19379,136.12088,42.449826,0.2250332,17.98773,57416,0.2,1.12,False,False
P815,815,237.84347,59.911928,0.566905,18.09104,58248,0.2,2.61,False,False
P19314,19314,138.93412,30.156125,0.1297907,17.625,53379,0.2,0.75,False,False
P4177,4177,248.54479,46.589325,0.362294,18.14148,58257,0.2,2.61,False,False
P2638,2638,243.13819,34.823787,0.4324842,18.92469,53436,0.2,2.61,False,False
P790,790,238.5794,45.44392,0.5169277,18.6709,52753,0.2,1.49,False,False
P15444,15444,125.13887,4.0099845,0.3759902,18.48256,52642,0.2,1.12,False,False
P5053,5053,320.51592,0.18868198,0.229314,18.62991,58039,0.2,1.49,False,False
P16734,16734,127.79855,34.991026,0.4380314,18.08575,58511,0.2,1.12,False,False
P14635,14635,115.79735,35.46986,0.3026946,18.31311,51993,0.2,1.12,False,False
P18097,18097,134.76651,2.0844505,0.1891566,18.45516,51913,0.2,1.12,False,False
P17415,17415,132.38636,17.00572,0.3362823,17.7425,58488,0.2,0.75,False,False
P16479,16479,121.75389,31.145517,0.399884,18.65479,52318,0.2,0.37,False,False
P17300,17300,128.73129,40.220654,0.1922462,18.87178,52581,0.2,0.37,False,False
P14585,14585,114.43154,30.762063,0.2462445,18.98381,52232,0.2,1.49,False,False
P5028,5028,321.77257,10.845869,0.2640692,18.5595,52466,0.2,0.75,False,False
P15739,15739,126.74772,13.081514,0.2391122,18.88291,54096,0.2,1.12,False,True
P5450,5450,329.0233,26.970989,0.3935011,17.98414,57573,0.2,1.49,False,True
P14952,14952,113.55965,45.031195,0.5670167,17.9847,53314,0.2,1.12,False,True
P17096,17096,130.06843,22.106829,0.2043731,18.9004,53360,0.2,1.12,False,True
P15629,15629,123.99879,13.714624,0.1806708,18.76251,53714,0.2,1.12,False,False
P16967,16967,128.71241,9.8467933,0.6561995,18.83199,54056,0.2,1.12,False,False
P15435,15435,125.16099,17.333035,0.1451789,17.86767,53726,0.2,1.49,False,False
P15514,15514,123.30683,44.807553,0.3633638,18.41339,51877,0.2,0.75,False,False
P15051,15051,113.2883,45.918401,0.1415131,15.97017,53314,0.2,1.49,False,False
P4872,4872,266.13747,53.855465,0.2154252,18.26444,51999,0.2,0.37,False,False
P18091,18091,134.63202,41.005456,0.4650261,18.97476,52703,0.2,0.37,False,False
P14273,14273,110.29022,39.4458,0.5301557,18.72128,55240,0.2,1.12,False,True
P16989,16989,128.59218,7.68701,0.735285,18.92846,52963,0.2,1.49,False,False
P15017,15017,119.65892,41.753455,0.09352507,17.83442,51876,0.2,0.75,False,False
P15211,15211,117.8592,36.163705,0.1482546,17.86063,52017,0.2,0.37,False,False
P21398,21398,146.82196,47.571643,0.6617794,18.75197,52703,0.08,3.73,True,False
P19110,19110,135.93724,31.613814,0.6464766,18.94337,58142,0.08,3.73,False,False
P4335,4335,259.86287,27.576431,0.2726534,18.93999,52431,0.1,3.73,True,False
P19311,19311,135.8133,25.400282,0.3147267,18.91196,58085,0.08,3.73,False,False
P2067,2067,241.24099,41.002049,0.4632559,18.73764,52824,0.08,3.73,False,False
P16319,16319,121.5339,24.739189,0.3578924,18.46838,52705,0.08,3.73,True,False
P21670,21670,149.87727,30.126254,0.5441479,18.121,58462,0.08,3.73,True,False
P25849,25849,164.42546,65.303994,0.5232765,18.08874,51929,0.06,3.73,False,False
P4094,4094,252.31562,38.122638,0.7362456,18.8256,52071,0.1,3.73,True,False
P19446,19446,139.6396,38.858566,0.7760731,18.57806,52708,0.06,3.73,True,False
P3112,3112,245.87427,49.991345,0.6409549,18.55025,52145,0.1,3.73,True,False
P22742,22742,150.72752,53.462833,0.4217319,18.91336,52400,0.08,3.73,True,False
P14565,14565,117.68084,31.185895,0.3590904,17.83369,58101,0.08,3.73,True,False
P17140,17140,133.58278,17.977399,0.5612469,18.77579,58467,0.08,3.73,True,False
P16687,16687,125.99296,21.595904,0.2483658,18.19742,53321,0.06,3.73,True,False
P20595,20595,145.14064,46.387515,0.6966218,17.34914,56710,0.06,3.73,True,False
P17073,17073,130.13919,39.398014,0.6144336,18.47035,52296,0.06,3.73,True,False
P3438,3438,248.82828,52.135389,0.6537105,17.03944,57196,0.06,3.73,True,False
P3706,3706,254.67571,27.160792,0.7394136,17.90976,53260,0.06,3.73,True,False
P20057,20057,141.62537,13.045721,0.4788386,18.87918,54093,0.06,3.73,True,False
P22605,22605,150.74083,31.829257,0.3891037,18.94369,58142,0.16,3.73,False,False
P1895,1895,244.45786,22.366926,0.2670495,18.6277,53520,0.06,3.73,False,False
P18189,18189,134.01104,6.0668856,0.3400833,18.72728,52668,0.08,3.73,False,False
P18571,18571,137.53865,6.3725449,0.369399,18.46104,52703,0.06,3.73,False,False
P25552,25552,162.68328,50.058128,0.6254355,17.57307,56381,0.08,3.73,False,False
P25088,25088,163.82536,57.073223,0.6961403,18.72708,52427,0.1,3.73,True,False
P18513,18513,131.32462,6.2043007,0.6543595,18.58842,52964,0.12,3.73,False,False
P23242,23242,151.79189,50.56021,0.2110741,18.58086,52706,0.18,0.75,False,False
P16566,16566,123.65952,29.105528,0.2257866,18.31479,52618,0.18,2.61,False,False
P16642,16642,125.577,33.091132,0.125339,17.80513,52325,0.18,2.99,False,False
P20784,20784,144.69336,20.418836,0.2044465,18.4715,53713,0.18,1.49,False,False
P20807,20807,144.53821,66.307255,0.1201307,18.01716,54474,0.18,2.99,False,False
P19920,19920,141.99349,57.209584,0.2266196,18.01085,51908,0.0,0.0,False,False
P2707,2707,242.71685,30.034293,0.09935456,18.69059,52876,0.0,0.0,False,False
P18578,18578,137.76594,45.462041,0.2948855,18.99023,52606,0.0,0.0,False,False
P19742,19742,137.09855,61.516695,0.781058,18.95598,54450,0.0,0.0,False,False
P3623,3623,248.43846,51.463492,0.6195329,18.24491,56191,0.0,0.0,False,False
P22452,22452,155.35504,43.001689,0.6682391,18.19705,57419,0.0,0.0,False,False
P14400,14400,119.98305,19.83992,0.183351,18.47847,53315,0.0,0.0,False,False
P4357,4357,259.62087,57.572877,0.100305,17.59137,51788,0.0,0.0,False,False
P23473,23473,154.80239,63.967421,0.04151702,15.70956,51914,0.0,0.0,False,False
P20322,20322,136.36476,37.537823,0.5538,18.53102,52705,0.0,0.0,False,False
P14812,14812,116.23314,36.795513,0.4118978,17.86702,57817,0.0,0.0,False,False
P4368,4368,259.48348,26.196812,0.1458696,17.58196,52427,0.0,0.0,False,False
P18210,18210,130.50458,16.21155,0.1324344,18.82415,53711,0.0,0.0,False,False
P14920,14920,113.77357,42.596013,0.08595588,18.48415,53035,0.0,0.0,False,False
P14868,14868,117.18695,44.23945,0.4255396,18.89347,53052,0.0,0.0,False,False
P23660,23660,155.02504,24.706726,0.1341958,17.67126,53734,0.0,0.0,False,False
P3326,3326,249.59079,28.983999,0.6719298,18.84306,55832,0.0,0.0,False,False
P22389,22389,153.37993,18.327553,0.7433267,18.00465,57808,0.0,0.0,False,False
P20804,20804,144.73022,29.040021,0.7086793,18.25701,58156,0.0,0.0,False,False
P17747,17747,129.66409,44.78176,0.263344,18.29364,56365,0.0,0.0,False,False
P4289,4289,256.91488,38.773381,0.5468475,18.60259,58283,0.0,0.0,False,False
P19973,19973,140.71885,41.522427,0.7317604,18.42138,52636,0.0,0.0,False,False
P16320,16320,121.40927,24.704126,0.09895169,18.60062,52705,0.0,0.0,False,False
P23054,23054,150.05314,48.498927,0.78183,18.72879,52708,0.0,0.0,False,False
P18456,18456,133.13447,49.24525,0.6921265,18.97503,55913,0.0,0.0,False,False
P25107,25107,163.30751,45.177641,0.5859912,18.1513,53054,0.0,0.0,False,False
P4631,4631,257.94009,23.54744,0.1420376,18.57199,53462,0.0,0.0,False,False
P4767,4767,255.53045,23.947225,0.1672701,18.57992,53446,0.0,0.0,False,False
P23630,23630,155.03251,30.457518,0.6063234,18.49057,58138,0.0,0.0,False,False
P2253,2253,242.36255,26.20072,0.5215413,18.95713,52824,0.0,0.0,False,False
P18683,18683,135.30021,1.263766,0.7812769,17.26266,55272,0.0,0.0,False,False
P18637,18637,142.44966,30.733447,0.5048662,18.68099,58157,0.0,0.0,False,False
P18999,18999,138.02028,59.666068,0.7735624,17.77291,51907,0.0,0.0,False,False
P16509,16509,127.19713,13.954457,0.1677222,18.92094,54139,0.0,0.0,False,False
P24419,24419,160.88725,37.081525,0.1805044,18.57391,53463,0.0,0.0,False,False
P15670,15670,121.02438,35.406906,0.1045442,18.25833,52584,0.0,0.0,False,False
P23183,23183,151.28288,34.240054,0.1618402,17.17222,56337,0.0,0.0,False,False
P5644,5644,329.5635,26.294114,0.7716062,18.61779,56214,0.0,0.0,False,False
P18050,18050,133.87071,13.810688,0.3390098,18.29979,53815,0.0,0.0,False,False
P24092,24092,155.17148,35.31578,0.6672915,18.30878,58170,0.0,0.0,False,False
P15080,15080,116.90993,24.943719,0.1303905,17.37391,52314,0.0,0.0,False,False
P2767,2767,243.61698,49.501241,0.6454149,17.50875,54526,0.0,0.0,False,False
P14498,14498,119.33515,47.366046,0.1189977,18.59588,53089,0.0,0.0,False,False
P3734,3734,248.92913,39.295789,0.1398314,18.52468,52381,0.0,0.0,False,False
P16484,16484,121.77037,36.064872,0.4682911,17.76103,57809,0.0,0.0,False,False
P5523,5523,329.98324,30.232254,0.7752043,18.66754,57663,0.0,0.0,False,False
P17484,17484,132.35153,24.316857,0.1605548,18.54405,53379,0.0,0.0,False,False
P19138,19138,138.92035,15.944344,0.1434593,18.72662,54056,0.0,0.0,False,False
P15855,15855,124.8926,8.0257239,0.6316735,18.89749,53083,0.0,0.0,False,False
P15537,15537,123.23787,26.188088,0.06872545,17.67904,52709,0.0,0.0,False,False
P15151,15151,116.55553,33.434431,0.3183491,18.93815,52235,0.0,0.0,False,False
P4750,4750,262.02089,37.345471,0.7003259,18.63741,58390,0.0,0.0,False,False
P23716,23716,154.39018,26.893668,0.3959298,17.57705,57875,0.0,0.0,False,False
P21810,21810,149.32002,42.464562,0.5383292,18.6337,52672,0.0,0.0,False,False
P24034,24034,156.71516,61.761977,0.7891403,18.9878,52375,0.0,0.0,False,False
P25828,25828,160.50879,52.671321,0.3876439,18.87233,52649,0.0,0.0,False,False
P20504,20504,144.48272,33.397167,0.1937008,18.5043,53386,0.0,0.0,False,False
P19024,19024,136.66849,47.777684,0.5869722,18.87093,52620,0.0,0.0,False,False
P22262,22262,150.81819,21.096092,0.1454682,18.92595,53737,0.0,0.0,False,False
P17226,17226,133.57478,4.2163665,0.4345521,18.88711,52670,0.0,0.0,False,False
P14316,14316,115.3687,44.408802,0.1319693,18.33287,56298,0.0,0.0,False,False
P3452,3452,249.10393,16.751981,0.5221005,18.68163,53558,0.0,0.0,False,False
P2256,2256,242.23131,39.997225,0.5893676,18.81301,52759,0.0,0.0,False,False
P22234,22234,148.10175,61.604255,0.1682918,18.98167,51910,0.0,0.0,False,False
P15493,15493,123.46992,-6.987324,0.5436453,18.84294,54422,0.0,0.0,False,False
P14521,14521,118.26868,21.929113,0.3629438,17.35192,52707,0.0,0.0,False,False
P14886,14886,119.55506,17.658522,0.1690507,18.91263,53317,0.0,0.0,False,False
P25075,25075,163.66383,47.862281,0.07288944,17.58711,52643,0.0,0.0,False,False
P17616,17616,129.28914,36.017604,0.08428066,18.30396,52320,0.0,0.0,False,False
P17125,17125,128.22007,52.943837,0.7886823,17.52122,55925,0.0,0.0,False,False
P22292,22292,155.63292,35.387052,0.1461657,18.37034,53415,0.0,0.0,False,False
P18244,18244,132.65896,30.658984,0.1788604,18.25678,52991,0.0,0.0,False,False
P2712,2712,246.40729,35.339538,0.6619264,18.64896,52522,0.0,0.0,False,False
P19409,19409,138.75831,17.362825,0.2585116,18.86329,53795,0.0,0.0,False,False
P19167,19167,140.46347,17.9821,0.3553635,17.97745,57807,0.0,0.0,False,False
P18742,18742,137.49742,28.927083,0.1797088,18.83099,53330,0.0,0.0,False,False
P21561,21561,146.29372,39.018868,0.146202,18.68342,53035,0.0,0.0,False,False
P16641,16641,125.73445,33.367055,0.1391889,18.8008,52325,0.0,0.0,False,False
P20906,20906,147.05753,40.223872,0.1281855,18.63258,52709,0.0,0.0,False,False
P19565,19565,135.8225,10.016826,0.06187578,17.90849,53051,0.0,0.0,False,False
P2740,2740,241.3463,54.937066,0.5713761,18.93577,52056,0.0,0.0,False,False
P24574,24574,164.95976,57.930892,0.1827872,18.89874,52427,0.0,0.0,False,False
P23714,23714,152.67215,35.034178,0.1215297,17.79115,53389,0.0,0.0,False,False
P14430,14430,112.66219,38.812312,0.08772048,17.56222,53047,0.0,0.0,False,False
P17423,17423,132.03485,8.5356024,0.7130223,17.30048,53086,0.0,0.0,False,False
P5027,5027,322.09454,11.996545,0.6395413,18.72973,52466,0.0,0.0,False,False
P22181,22181,148.03528,29.159788,0.7652681,18.67164,58136,0.0,0.0,False,False
P24107,24107,156.50531,39.707374,0.6069068,18.52588,52998,0.0,0.0,False,False
P21505,21505,145.8065,37.391418,0.05309305,16.88904,53035,0.0,0.0,False,False
P17542,17542,134.48296,52.443542,0.2611692,18.79935,51900,0.0,0.0,False,False
P17474,17474,129.47451,19.650063,0.2425354,18.38111,58083,0.0,0.0,False,False
P25396,25396,163.45238,51.953802,0.3267049,18.46474,57130,0.0,0.0,False,False
P18065,18065,131.93549,16.506507,0.1814516,18.59438,53799,0.0,0.0,False,False
P23466,23466,157.05127,66.123327,0.1987167,18.41356,51930,0.0,0.0,False,False
P16253,16253,127.44857,26.129963,0.6305807,18.89241,58103,0.0,0.0,False,False
P3863,3863,250.60128,44.752744,0.3682768,17.82243,52051,0.0,0.0,False,False
P17252,17252,130.16609,25.964825,0.6689191,18.43719,58108,0.0,0.0,False,False
P21820,21820,149.20891,51.870048,0.6729525,17.40533,52409,0.0,0.0,False,False
P1827,1827,244.91792,54.141036,0.1528714,18.61239,58248,0.0,0.0,False,False
P15679,15679,121.08639,14.35637,0.5323932,18.59015,53679,0.0,0.0,False,False
P16672,16672,126.02165,44.879467,0.2196896,17.88966,57063,0.0,0.0,False,False
P21202,21202,142.69451,15.127292,0.7713972,18.44063,57780,0.0,0.0,False,False
P2335,2335,246.35293,55.388917,0.1796671,18.48471,56810,0.0,0.0,False,False
P18227,18227,132.48769,23.776629,0.2929827,18.98862,58131,0.0,0.0,False,False
P521,521,237.81288,46.978327,0.5699427,18.4999,57893,0.0,0.0,False,False
P21646,21646,143.00033,55.563176,0.2659787,17.40423,57348,0.0,0.0,False,False
P16291,16291,126.40352,19.997454,0.3022403,18.21473,58056,0.0,0.0,False,False
P15464,15464,123.44571,14.508449,0.2001293,18.98251,53714,0.0,0.0,False,False
P14918,14918,117.26646,47.115378,0.7682998,18.36118,53055,0.0,0.0,False,False
P19534,19534,141.82707,30.760828,0.5263094,18.409,58157,0.0,0.0,False,False
P17110,17110,128.19551,28.886673,0.2259866,18.20051,52933,0.0,0.0,False,False
P23919,23919,154.06334,38.506794,0.6331226,18.04623,57780,0.0,0.0,False,False
P14431,14431,118.18596,43.68481,0.1798609,18.93729,56269,0.0,0.0,False,False
P15253,15253,120.46664,29.841199,0.07376322,18.24486,52319,0.0,0.0,False,False
P16051,16051,121.34705,28.3044,0.1284355,18.33811,52581,0.0,0.0,False,False
P17342,17342,132.10062,16.95044,0.3323262,18.32479,57806,0.0,0.0,False,False
P24583,24583,164.98578,55.161049,0.227593,18.78561,52373,0.0,0.0,False,False
P24278,24278,157.81964,45.16255,0.7770075,18.22012,52992,0.0,0.0,False,False
P25491,25491,158.93595,65.278056,0.4102309,18.5566,51930,0.0,0.0,False,False
P17024,17024,128.26716,19.976625,0.1522685,18.90941,53709,0.0,0.0,False,False
P24003,24003,152.44169,52.57812,0.1749142,18.47017,52400,0.0,0.0,False,False
P23847,23847,154.3261,29.242819,0.04895768,16.80996,53757,0.0,0.0,False,False
P20105,20105,138.80331,0.3069129,0.3077364,18.56873,51955,0.0,0.0,False,False
P2650,2650,246.49816,37.943861,0.3640382,18.30628,52767,0.0,0.0,False,False
P4754,4754,261.74146,34.962422,0.6057907,18.66447,58287,0.0,0.0,False,False
P4664,4664,258.79244,40.154859,0.2059321,18.31404,58395,0.0,0.0,False,False
P22283,22283,150.94958,35.191819,0.1624269,18.41852,53389,0.0,0.0,False,False
P5383,5383,326.05408,24.955902,0.7514735,16.97196,57297,0.0,0.0,False,False
P16615,16615,125.68605,23.355585,0.4450988,18.0163,53317,0.0,0.0,False,False
P21741,21741,148.26285,50.507104,0.4092388,18.34809,56709,0.0,0.0,False,False
P17760,17760,129.68668,13.460269,0.1845947,18.99237,53795,0.0,0.0,False,False
P19759,19759,141.99021,39.48384,0.319347,18.42,52731,0.0,0.0,False,False
P4033,4033,254.22849,35.839463,0.7764298,18.10172,58392,0.0,0.0,False,False
P19782,19782,140.52187,0.15092233,0.06945661,17.64211,52000,0.0,0.0,False,False
P2593,2593,246.81973,22.224773,0.371982,18.46516,53240,0.0,0.0,False,False
P23049,23049,156.38621,48.510919,0.5936406,18.6203,52674,0.0,0.0,False,False
P18140,18140,132.50489,46.433491,0.5236726,18.86692,52235,0.0,0.0,False,False
P21417,21417,146.6866,32.69539,0.2359836,18.38885,53432,0.0,0.0,False,False
P20300,20300,136.31867,57.282032,0.1734871,18.49102,51924,0.0,0.0,False,False
P18587,18587,137.6724,53.877335,0.4013637,18.62034,57093,0.0,0.0,False,False
P24376,24376,160.18572,56.746562,0.1684689,18.81759,52428,0.0,0.0,False,False
P15388,15388,124.66367,12.920727,0.2660763,18.95097,54096,0.0,0.0,False,False
P2906,2906,245.95403,39.417634,0.6967589,18.94284,52759,0.0,0.0,False,False
P14296,14296,115.03033,41.151013,0.2350926,17.90685,57364,0.0,0.0,False,False
P22241,22241,157.47954,39.346441,0.2098513,18.01942,52998,0.0,0.0,False,False
P18469,18469,131.26582,13.662715,0.1472059,18.61213,53801,0.0,0.0,False,False
P16448,16448,123.6879,24.609724,0.2975,18.92123,52962,0.0,0.0,False,False
P14848,14848,114.05814,41.662437,0.1659622,18.23169,53035,0.0,0.0,False,False
P4239,4239,251.71864,43.972489,0.7759004,18.38392,52051,0.0,0.0,False,False
P16263,16263,127.41128,29.433252,0.7361619,18.89674,55544,0.0,0.0,False,False
