idx,name,ra,dec,n_spec,n_sdss,n_desi,mjd_first,mjd_last,years_since_last_spec,baseline_yr,surveys,mjd_list,class_list,subclass_list,class_change_flag,broadline_change_flag,last_class,last_subclass,z_spec_median,r_nmgy_last_sdssv,mjd_last_sdssv
0,J000719.90+253128.6,1.8329166666666663,25.52461111111111,10,10,0,56543.0,59902.0,3.791276955415424,9.196440793976729,BHM|boss,56543|59165|59165|59190|59191|59191|59217|59217|59902|59902,?|QSO|QSO|?|QSO|QSO|QSO|QSO|?|?,|BROADLINE|BROADLINE||BROADLINE|BROADLINE|BROADLINE|BROADLINE||,False,False,?,,0.5595609,7.07655,59217.0
1,J000750.51+005815.2,1.960458333333333,0.9708888888888888,11,11,0,52903.0,59879.0,3.8542475235194624,19.09924709103354,BHM|boss|sdss,52903|55478|59201|59202|59202|59846|59847|59847|59874|59879|59879,?|?|?|QSO|QSO|?|?|?|?|?|?,|||BROADLINE|BROADLINE||||||,False,False,?,,0.3451495,7.291245,59202.0
2,J001103.49+010032.6,2.7645416666666662,1.0090555555555556,4,4,0,55478.0,59202.0,5.7077725064078955,10.195756331279945,BHM|boss,55478|59201|59202|59202,?|?|QSO|QSO,||STARFORMING|STARFORMING,False,False,QSO,STARFORMING,0.4861505,2.487632,59202.0
3,J001133.95-000001.1,2.891458333333333,-0.0003055555555555,14,13,1,52518.0,59879.0,3.8542475235194624,20.1533196440794,BHM|boss|eboss|main|sdss,52518|55478|56984|58067|59201|59202|59202|59494|59846|59847|59847|59874|59879|59879,?|?|?|?|?|QSO|QSO|QSO|?|?|?|?|?|?,|||||STARBURST BROADLINE|STARBURST BROADLINE|||||||,False,True,?,,0.4470609,2.550363,59202.0
4,J001333.96+014506.8,3.3914999999999997,1.7518888888888888,11,10,1,55511.0,59879.0,3.8542475235194624,11.958932238193018,BHM|boss|main,55511|59201|59202|59202|59490|59846|59847|59847|59874|59879|59879,?|?|QSO|QSO|QSO|?|?|?|?|?|?,||BROADLINE|BROADLINE|||||||,False,True,?,,0.8825039,5.896133,59202.0
5,J002956.65+010537.2,7.486041666666666,1.0936666666666666,9,9,0,55447.0,59958.0,3.6379573113360264,12.350444900752908,BHM|boss,55447|59167|59167|59193|59193|59898|59898|59958|59958,?|QSO|QSO|QSO|QSO|?|?|?|?,|BROADLINE|BROADLINE|BROADLINE|BROADLINE||||,False,False,?,,0.37268945,3.555449,59193.0
6,J003242.74+003110.9,8.178083333333332,0.5196944444444445,11,10,1,51782.0,59958.0,3.6379573113360264,22.38466803559206,BHM|eboss|main|sdss,51782|58051|59167|59167|59193|59193|59493|59898|59898|59958|59958,?|?|QSO|QSO|QSO|QSO|QSO|?|?|?|?,||BROADLINE|BROADLINE|BROADLINE|BROADLINE|||||,False,True,?,,0.3611211,15.81683,59193.0
7,J003841.53+000226.7,9.673041666666665,0.04075,14,13,1,52261.0,59901.0,3.794014806202556,20.917180013689254,BHM|boss|eboss|main|sdss,52261|55182|58051|59168|59169|59187|59187|59571|59828|59828|59898|59899|59901|59901,?|?|?|?|?|QSO|QSO|QSO|?|?|?|?|?|?,|||||||||||||,False,False,?,,0.6501016,6.605347,59187.0
8,J003849.27-011722.4,9.705291666666664,-1.2895555555555551,11,11,0,55827.0,59901.0,3.794014806202556,11.154004106776181,BHM|boss,55827|59168|59169|59187|59187|59828|59828|59898|59899|59901|59901,?|?|?|QSO|QSO|?|?|?|?|?|?,|||BROADLINE|BROADLINE||||||,False,False,?,,0.4998494,4.774824,59187.0
9,J004459.09-010629.3,11.24620833333333,-1.108138888888889,13,12,1,52531.0,59901.0,3.794014806202556,20.177960301163587,BHM|boss|main|sdss,52531|55186|59168|59169|59187|59187|59486|59828|59828|59898|59899|59901|59901,?|?|?|?|QSO|QSO|QSO|?|?|?|?|?|?,||||STARBURST BROADLINE|STARBURST BROADLINE|||||||,False,True,?,,0.2281005,18.62712,59187.0
10,J004616.68+000249.1,11.5695,0.0469722222222222,14,13,1,52199.0,59901.0,3.794014806202556,21.086926762491444,BHM|boss|eboss|main|sdss,52199|55201|58096|59168|59169|59187|59187|59489|59828|59828|59898|59899|59901|59901,?|?|?|?|?|QSO|QSO|QSO|?|?|?|?|?|?,|||||BROADLINE|BROADLINE|||||||,False,True,?,,0.453058,9.641126,59187.0
11,J011536.11+003352.4,18.90045833333333,0.5645555555555556,10,9,1,52202.0,59496.33353424,4.901931208009532,19.970796808323072,BHM|boss|main|sdss,52202|55481|59163|59164|59164|59192|59192|59218|59218|59496,?|?|?|GALAXY|GALAXY|QSO|QSO|QSO|QSO|QSO,|||||BROADLINE|BROADLINE|BROADLINE|BROADLINE|,True,True,QSO,,0.3641132,12.44568,59218.0
12,J011851.07-010417.3,19.712791666666664,-1.0714722222222222,8,8,0,52202.0,59218.0,5.6639668938137815,19.208761122518823,BHM|sdss,52202|59163|59164|59164|59192|59192|59218|59218,?|?|GALAXY|GALAXY|GALAXY|GALAXY|GALAXY|GALAXY,|||||||,False,False,GALAXY,,0.5731421,2.862298,59218.0
13,J011943.50-010858.5,19.931249999999995,-1.1495833333333334,11,9,2,52202.0,59497.34683052,4.89915695399174,19.973571062340863,BHM|eboss|main|sdss,52202|58072|59163|59164|59164|59192|59192|59218|59218|59495|59497,?|?|?|QSO|QSO|QSO|QSO|QSO|QSO|QSO|QSO,|||STARBURST BROADLINE|STARBURST BROADLINE|BROADLINE|BROADLINE|BROADLINE|BROADLINE||,False,True,QSO,,0.49764155,12.78094,59218.0
14,J012025.45+142727.9,20.106041666666663,14.45775,7,6,1,56211.0,59503.31481761,4.88281749583979,9.01386671488022,BHM|boss|main,56211|59198|59199|59199|59219|59219|59503,?|?|GALAXY|GALAXY|GALAXY|GALAXY|GALAXY,||STARFORMING|STARFORMING|BROADLINE|BROADLINE|,False,True,GALAXY,,0.2637578,11.53658,59219.0
15,J012150.93+145344.0,20.462208333333333,14.895555555555555,7,6,1,55830.0,59549.19746966,4.757197640808988,10.182607719808352,BHM|boss|main,55830|59198|59199|59199|59219|59219|59549,?|?|QSO|QSO|QSO|QSO|QSO,||BROADLINE|BROADLINE|BROADLINE|BROADLINE|,False,True,QSO,,0.5933432,7.451324,59219.0
16,J012256.19-000252.6,20.734124999999995,-0.0479444444444444,11,10,1,51817.0,59593.09317609,4.637017746407899,21.289782822970565,BHM|eboss|main|sdss,51817|52209|58113|59163|59164|59164|59192|59192|59218|59218|59593,?|?|?|?|QSO|QSO|QSO|QSO|QSO|QSO|QSO,||||BROADLINE|BROADLINE|BROADLINE|BROADLINE|STARBURST BROADLINE|STARBURST BROADLINE|,False,True,QSO,,0.3405918,29.2935,59218.0
17,J012416.34+004052.2,21.06808333333333,0.6811666666666666,7,6,1,52614.0,59489.36460237,4.9210111036152915,18.823722388418886,BHM|boss|main|sdss,52614|55484|59203|59203|59222|59222|59489,?|?|QSO|QSO|QSO|QSO|QSO,||BROADLINE|BROADLINE|BROADLINE|BROADLINE|,False,True,QSO,,0.594429,4.235784,59222.0
18,J012452.64+000958.9,21.21933333333333,0.1663611111111111,6,6,0,52209.0,59222.0,5.653015490665253,19.200547570157426,BHM|boss|sdss,52209|55501|59203|59203|59222|59222,?|?|QSO|QSO|QSO|QSO,||BROADLINE|BROADLINE|BROADLINE|BROADLINE,False,False,QSO,BROADLINE,0.26740585,15.8561,59222.0
19,J012524.66+001935.9,21.35275,0.3266388888888888,6,5,1,56989.0,59489.858768545,4.919658150364099,6.846978147967136,BHM|eboss|main,56989|59203|59203|59222|59222|59490,?|QSO|QSO|QSO|QSO|QSO,|||||,False,False,QSO,,1.663207,0.159474,59222.0
20,J012716.17-003557.7,21.817374999999995,-0.5993611111111111,7,5,2,57373.0,59593.0931761,4.637017746380509,6.078283849691999,BHM|eboss|main,57373|59203|59203|59222|59222|59490|59593,?|QSO|QSO|QSO|QSO|GALAXY|QSO,|AGN BROADLINE|AGN BROADLINE|AGN BROADLINE|AGN BROADLINE||,True,True,QSO,,0.3712969,8.112288,59222.0
21,J012839.76+003342.5,22.165666666666667,0.5618055555555556,6,5,1,55501.0,59485.36234644,4.93196868316354,10.908589586420263,BHM|boss|main,55501|59203|59203|59222|59222|59485,?|GALAXY|GALAXY|GALAXY|GALAXY|GALAXY,|||||,False,False,GALAXY,,0.4350339,3.575388,59222.0
22,J012946.72+150457.3,22.444666666666663,15.082583333333334,8,8,0,51884.0,59219.0,5.661229043026649,20.082135523613964,BHM|eboss|sdss,51884|51898|58515|59198|59199|59199|59219|59219,?|?|?|?|QSO|QSO|QSO|QSO,||||BROADLINE|BROADLINE|BROADLINE|BROADLINE,False,False,QSO,BROADLINE,0.36507330000000004,20.99555,59219.0
23,J012953.16-003104.3,22.4715,-0.5178611111111112,5,5,0,57373.0,59222.0,5.653015490665253,5.062286105407256,BHM|eboss,57373|59203|59203|59222|59222,?|QSO|QSO|QSO|QSO,|BROADLINE|BROADLINE|BROADLINE|BROADLINE,False,False,QSO,BROADLINE,0.4879014,5.972233,59222.0
24,J013309.79-000107.7,23.290791666666664,-0.0188055555555555,5,5,0,57373.0,59222.0,5.653015490665253,5.062286105407256,BHM|eboss,57373|59203|59203|59222|59222,?|QSO|QSO|QSO|QSO,|BROADLINE|BROADLINE|BROADLINE|BROADLINE,False,False,QSO,BROADLINE,0.3954658,5.44439,59222.0
25,J013944.05-004251.5,24.933541666666663,-0.7143055555555555,15,15,0,55483.0,59929.0,3.7173549841628573,12.172484599589323,BHM|boss,55483|59166|59166|59191|59191|59220|59220|59820|59826|59827|59827|59878|59878|59929|59929,?|GALAXY|GALAXY|GALAXY|GALAXY|GALAXY|GALAXY|?|?|?|?|?|?|?|?,|AGN|AGN|AGN|AGN|AGN|AGN||||||||,False,False,?,,0.4715094,5.634663,59220.0
26,J014022.54+002629.7,25.09391666666666,0.4415833333333333,8,7,1,56902.0,59488.37304243,4.923725846777502,7.081103470034226,BHM|eboss|main,56902|59166|59166|59191|59191|59220|59220|59488,?|QSO|QSO|QSO|QSO|QSO|QSO|QSO,|BROADLINE|BROADLINE|BROADLINE|BROADLINE|||,False,True,QSO,,1.864067,1.291468,59220.0
27,J014128.85+003712.2,25.37020833333333,0.6200555555555556,8,7,1,55205.0,59550.87422168001,4.752606943971182,11.89835515860372,BHM|boss|main,55205|59166|59166|59191|59191|59220|59220|59551,?|QSO|QSO|QSO|QSO|QSO|QSO|QSO,|||||||,False,False,QSO,,0.8152272,1.013655,59220.0
28,J014209.02-005050.0,25.53758333333333,-0.8472222222222222,9,9,0,51788.0,59878.0,3.8569853743065945,22.1492128678987,BHM|sdss,51788|59166|59166|59191|59191|59220|59220|59878|59878,?|GALAXY|GALAXY|QSO|QSO|GALAXY|GALAXY|?|?,|||STARBURST BROADLINE|STARBURST BROADLINE||||,True,True,?,,0.0,0.0,59220.0
29,J015105.80-003426.4,27.774166666666662,-0.574,20,19,1,51793.0,59935.0,3.700927879440065,22.29158110882957,BHM|eboss|main|sdss,51793|52199|52202|56982|57391|58071|59165|59165|59195|59196|59197|59197|59221|59221|59569|59872|59872|59934|59935|59935,?|?|?|?|?|?|QSO|QSO|?|?|QSO|QSO|QSO|QSO|QSO|?|?|?|?|?,||||||BROADLINE|BROADLINE|||BROADLINE|BROADLINE|BROADLINE|BROADLINE||||||,False,True,?,,0.3353458,15.27092,59221.0
30,J015108.82+003517.2,27.78675,0.5881111111111111,13,12,1,55182.0,59872.0,3.8734124790293873,12.840520191649555,BHM|boss|main,55182|55447|59165|59165|59195|59196|59197|59197|59221|59221|59490|59872|59872,?|?|QSO|QSO|?|?|QSO|QSO|QSO|QSO|QSO|?|?,||BROADLINE|BROADLINE|||BROADLINE|BROADLINE|BROADLINE|BROADLINE|||,False,True,?,,0.8749624,1.700962,59221.0
31,J015717.74+004108.4,29.323916666666666,0.6856666666666666,15,14,1,51871.0,59935.0,3.700927879440065,22.078028747433265,BHM|boss|eboss|main|sdss,51871|55478|58103|59165|59165|59195|59196|59197|59197|59221|59221|59609|59934|59935|59935,?|?|?|QSO|QSO|?|?|QSO|QSO|QSO|QSO|QSO|?|?|?,|||BROADLINE|BROADLINE|||BROADLINE|BROADLINE|BROADLINE|BROADLINE||||,False,True,?,,0.3898847,16.073,59221.0
32,J015854.50+001307.3,29.72708333333333,0.2186944444444444,15,15,0,55449.0,59935.0,3.700927879440065,12.281998631074606,BHM|boss|eboss,55449|58080|59165|59165|59195|59196|59197|59197|59221|59221|59872|59872|59934|59935|59935,?|?|QSO|QSO|?|?|GALAXY|GALAXY|GALAXY|GALAXY|?|?|?|?|?,||STARFORMING BROADLINE|STARFORMING BROADLINE|||STARFORMING BROADLINE|STARFORMING BROADLINE|STARFORMING BROADLINE|STARFORMING BROADLINE|||||,True,False,?,,0.1452971,15.81927,59221.0
33,J015957.64+003310.5,29.990166666666667,0.5529166666666667,12,11,1,51871.0,59497.38171448,4.899061446914404,20.879895179958925,BHM|boss|eboss|main|sdss,51871|55201|58080|59165|59165|59195|59196|59197|59197|59221|59221|59497,?|?|?|GALAXY|GALAXY|?|?|GALAXY|GALAXY|GALAXY|GALAXY|GALAXY,|||STARFORMING|STARFORMING|||STARFORMING|STARFORMING|STARFORMING|STARFORMING|,False,False,GALAXY,,0.3120908,18.25709,59221.0
34,J020428.59-031013.7,31.119124999999997,-3.170472222222222,26,26,0,56958.0,59957.0,3.6406951621231585,8.210814510609172,BHM|eboss,56958|58069|59169|59169|59200|59200|59201|59202|59202|59223|59223|59226|59226|59879|59879|59883|59885|59885|59938|59939|59939|59941|59941|59956|59957|59957,?|?|QSO|QSO|QSO|QSO|?|QSO|QSO|QSO|QSO|QSO|QSO|?|?|?|?|?|?|?|?|?|?|?|?|?,||BROADLINE|BROADLINE|BROADLINE|BROADLINE||STARBURST BROADLINE|STARBURST BROADLINE|BROADLINE|BROADLINE|STARBURST BROADLINE|STARBURST BROADLINE|||||||||||||,False,False,?,,0.3598155,17.49345,59226.0
35,J020649.48-041452.7,31.70616666666666,-4.247972222222223,14,14,0,56660.0,59957.0,3.6406951621231585,9.026694045174539,BHM|boss|eboss,56660|57742|59200|59200|59226|59226|59883|59885|59885|59941|59941|59956|59957|59957,?|?|GALAXY|GALAXY|GALAXY|GALAXY|?|?|?|?|?|?|?|?,||AGN|AGN||||||||||,False,False,?,,0.1389581,33.02699,59226.0
36,J020719.49-033600.7,31.831208333333333,-3.6001944444444445,12,11,1,57336.0,59957.0,3.6406951621231585,7.175906913073238,BHM|eboss|main,57336|59200|59200|59226|59226|59525|59885|59885|59941|59941|59956|59957,?|QSO|QSO|QSO|QSO|QSO|?|?|?|?|?|?,|BROADLINE|BROADLINE|BROADLINE|BROADLINE|||||||,False,True,?,,0.5599762,4.647245,59226.0
37,J021122.60-021129.8,32.84416666666666,-2.191611111111111,19,18,1,56986.0,59957.0,3.6406951621231585,8.134154688569472,BHM|eboss|main,56986|58082|59200|59200|59226|59226|59228|59229|59230|59230|59605|59883|59885|59885|59941|59941|59956|59957|59957,?|?|QSO|QSO|QSO|QSO|?|?|QSO|QSO|QSO|?|?|?|?|?|?|?|?,||BROADLINE|BROADLINE|BROADLINE|BROADLINE|||STARBURST BROADLINE|STARBURST BROADLINE|||||||||,False,True,?,,0.2106648,18.36894,59230.0
38,J022105.64-044101.5,35.2735,-4.68375,102,100,2,56217.0,59940.0,3.6872386255044045,10.193018480492814,BHM|boss|eboss|main,56217|58047|59146|59146|59146|59146|59163|59163|59164|59164|59164|59164|59167|59167|59167|59167|59189|59190|59190|59192|59193|59193|59195|59197|59197|59199|59200|59200|59201|59202|59203|59203|59203|59203|59216|59216|59217|59217|59218|59219|59219|59220|59221|59221|59223|59223|59226|59227|59227|59228|59229|59230|59230|59231|59232|59232|59246|59246|59250|59251|59252|59252|59253|59254|59255|59255|59257|59257|59610|59621|59827|59828|59829|59829|59844|59845|59845|59847|59847|59881|59881|59884|59884|59901|59902|59902|59904|59905|59905|59907|59907|59910|59911|59911|59931|59933|59933|59936|59936|59939|59940|59940,?|?|QSO|QSO|QSO|QSO|?|?|QSO|QSO|QSO|QSO|QSO|QSO|QSO|QSO|?|QSO|QSO|?|QSO|QSO|?|QSO|QSO|?|QSO|QSO|?|?|QSO|QSO|QSO|QSO|QSO|QSO|QSO|QSO|?|QSO|QSO|?|QSO|QSO|QSO|QSO|?|QSO|QSO|?|?|QSO|QSO|?|QSO|QSO|QSO|QSO|?|QSO|QSO|QSO|?|?|QSO|QSO|QSO|QSO|GALAXY|QSO|?|?|?|?|?|?|?|?|?|?|?|?|?|?|?|?|?|?|?|?|?|?|?|?|?|?|?|?|?|?|?|?,||STARBURST BROADLINE|STARBURST BROADLINE|STARBURST BROADLINE|STARBURST BROADLINE|||STARBURST BROADLINE|STARBURST BROADLINE|STARBURST BROADLINE|STARBURST BROADLINE|STARBURST BROADLINE|STARBURST BROADLINE|STARBURST BROADLINE|STARBURST BROADLINE||STARBURST BROADLINE|STARBURST BROADLINE||STARBURST BROADLINE|STARBURST BROADLINE||BROADLINE|BROADLINE||STARBURST BROADLINE|STARBURST BROADLINE|||STARBURST BROADLINE|STARBURST BROADLINE|STARBURST BROADLINE|STARBURST BROADLINE|STARBURST BROADLINE|STARBURST BROADLINE|BROADLINE|BROADLINE||STARBURST BROADLINE|STARBURST BROADLINE||BROADLINE|BROADLINE|STARBURST BROADLINE|STARBURST BROADLINE||STARBURST BROADLINE|STARBURST BROADLINE|||STARBURST BROADLINE|STARBURST BROADLINE||STARBURST BROADLINE|STARBURST BROADLINE|BROADLINE|BROADLINE||STARBURST BROADLINE|STARBURST BROADLINE|STARBURST BROADLINE|||STARBURST BROADLINE|STARBURST BROADLINE|STARBURST BROADLINE|STARBURST BROADLINE||||||||||||||||||||||||||||||||||,True,True,?,,0.198632,61.29589,59257.0
39,J022907.77+003755.0,37.282375,0.6319444444444444,12,11,1,52643.0,59937.0,3.6954521778658007,19.969883641341546,BHM|main|sdss,52643|59165|59165|59191|59191|59231|59232|59232|59533|59935|59937|59937,?|QSO|QSO|QSO|QSO|?|QSO|QSO|GALAXY|?|?|?,|||||||||||,True,False,?,,0.4587546,3.671753,59232.0
40,J023029.63+004305.0,37.623458333333325,0.7180555555555556,14,14,0,55209.0,59937.0,3.6954521778658007,12.944558521560575,BHM|boss|eboss,55209|55455|55458|57039|59165|59165|59191|59191|59231|59232|59232|59935|59937|59937,?|?|?|?|GALAXY|GALAXY|QSO|QSO|?|QSO|QSO|?|?|?,||||||BROADLINE|BROADLINE||BROADLINE|BROADLINE|||,True,True,?,,2.583521,0.8004927,59232.0
41,J023112.11-002056.3,37.80045833333333,-0.3489722222222222,36,34,2,52200.0,59937.0,3.6954521778658007,21.182751540041068,BHM|boss|eboss|main|sdss|sv1,52200|55179|55181|55208|55234|55241|55445|55476|55827|55856|55945|56219|56219|56238|56267|56544|56568|56577|56596|56605|58096|59165|59165|59191|59191|59231|59232|59232|59233|59488|59881|59883|59883|59935|59937|59937,?|?|?|?|?|?|?|?|?|?|?|?|?|?|?|?|?|?|?|?|?|QSO|QSO|QSO|QSO|?|GALAXY|GALAXY|QSO|QSO|?|?|?|?|?|?,|||||||||||||||||||||BROADLINE|BROADLINE|BROADLINE|BROADLINE|||||||||||,True,True,?,,0.6433231500000001,0.0,59232.0
42,J023128.98+011250.2,37.870749999999994,1.2139444444444445,21,18,3,52641.0,59937.0,3.6954521778658007,19.975359342915812,BHM|boss|main|sdss|sv1,52641|56238|56267|56577|56605|59165|59165|59191|59191|59231|59232|59232|59234|59242|59497|59881|59883|59883|59935|59937|59937,?|?|?|?|?|QSO|QSO|QSO|QSO|?|QSO|QSO|QSO|GALAXY|QSO|?|?|?|?|?|?,|||||BROADLINE|BROADLINE|BROADLINE|BROADLINE||BROADLINE|BROADLINE|||||||||,True,True,?,,0.6014057,5.492918,59232.0
43,J023427.80+010921.9,38.61583333333333,1.1560833333333334,16,15,1,55234.0,59937.0,3.6954521778658007,12.876112251882272,BHM|boss|sv1,55234|55458|59165|59165|59191|59191|59231|59232|59232|59242|59881|59883|59883|59935|59937|59937,?|?|QSO|QSO|QSO|QSO|?|QSO|QSO|QSO|?|?|?|?|?|?,||BROADLINE|BROADLINE||||BROADLINE|BROADLINE|||||||,False,True,?,,0.7404372,3.593906,59232.0
44,J023904.10-004410.8,39.767083333333325,-0.7363333333333333,17,17,0,56273.0,59933.0,3.706403581014329,10.020533880903491,BHM|boss,56273|56572|56576|56602|59166|59166|59168|59169|59169|59192|59192|59222|59222|59929|59931|59933|59933,?|?|?|?|QSO|QSO|?|QSO|QSO|QSO|QSO|QSO|QSO|?|?|?|?,|||||||BROADLINE|BROADLINE|||BROADLINE|BROADLINE||||,False,True,?,,0.5679467,1.871922,59222.0
45,J023958.89-000901.2,39.995375,-0.1503333333333333,17,17,0,55247.0,59879.0,3.8542475235194624,12.681724845995893,BHM|boss,55247|55455|55458|59166|59166|59168|59169|59169|59192|59192|59222|59222|59846|59846|59874|59878|59879,?|?|?|QSO|QSO|?|QSO|QSO|QSO|QSO|QSO|QSO|?|?|?|?|?,|||STARBURST BROADLINE|STARBURST BROADLINE||STARBURST BROADLINE|STARBURST BROADLINE|STARBURST BROADLINE|STARBURST BROADLINE|STARBURST BROADLINE|STARBURST BROADLINE|||||,False,False,?,,0.3951849,3.192606,59222.0
46,J024508.68+003710.7,41.28616666666666,0.619638888888889,24,23,1,51871.0,59984.0,3.5667731908705917,22.21218343600274,BHM|eboss|sdss|special,51871|58081|59166|59166|59168|59169|59169|59192|59192|59222|59222|59491|59846|59846|59874|59878|59879|59879|59929|59931|59933|59933|59984|59984,?|?|QSO|QSO|?|QSO|QSO|QSO|QSO|QSO|QSO|QSO|?|?|?|?|?|?|?|?|?|?|?|?,||STARBURST BROADLINE|STARBURST BROADLINE||STARBURST BROADLINE|STARBURST BROADLINE|STARBURST BROADLINE|STARBURST BROADLINE|STARBURST BROADLINE|STARBURST BROADLINE|||||||||||||,False,True,?,,0.2995055,20.05971,59222.0
47,J024510.20-000628.1,41.2925,-0.1078055555555555,23,22,1,55450.0,59984.0,3.5667731908705917,12.413415468856947,BHM|boss|main,55450|59166|59166|59168|59169|59169|59192|59192|59222|59222|59490|59846|59846|59874|59878|59879|59879|59929|59931|59933|59933|59984|59984,?|QSO|QSO|?|QSO|QSO|QSO|QSO|QSO|QSO|QSO|?|?|?|?|?|?|?|?|?|?|?|?,||||BROADLINE|BROADLINE|BROADLINE|BROADLINE|BROADLINE|BROADLINE|||||||||||||,False,True,?,,2.124715,2.854491,59222.0
48,J024637.95-004105.4,41.65812499999999,-0.6848333333333333,23,22,1,52177.0,59984.0,3.5667731908705917,21.374401095140314,BHM|main|sdss,52177|59166|59166|59168|59169|59169|59192|59192|59222|59222|59490|59846|59846|59874|59878|59879|59879|59929|59931|59933|59933|59984|59984,?|QSO|QSO|?|QSO|QSO|QSO|QSO|QSO|QSO|QSO|?|?|?|?|?|?|?|?|?|?|?|?,|BROADLINE|BROADLINE||BROADLINE|BROADLINE|BROADLINE|BROADLINE|BROADLINE|BROADLINE|||||||||||||,False,True,?,,0.859457625524454,1.54535,59222.0
49,J024712.91-011106.2,41.80379166666666,-1.1850555555555555,23,22,1,52177.0,59984.0,3.5667731908705917,21.374401095140314,BHM|sdss|special,52177|59166|59166|59168|59169|59169|59192|59192|59222|59222|59491|59846|59846|59874|59878|59879|59879|59929|59931|59933|59933|59984|59984,?|QSO|QSO|?|QSO|QSO|QSO|QSO|QSO|QSO|QSO|?|?|?|?|?|?|?|?|?|?|?|?,|STARBURST|STARBURST||STARBURST BROADLINE|STARBURST BROADLINE|STARBURST|STARBURST|STARBURST|STARBURST|||||||||||||,False,True,?,,0.4863625,8.484588,59222.0
50,J025515.09+003740.5,43.812875,0.6279166666666667,8,8,0,52614.0,59886.0,3.835082568009538,19.90965092402464,BHM|eboss|sdss,52614|57280|58056|59193|59193|59885|59886|59886,?|?|?|QSO|QSO|?|?|?,|||BROADLINE|BROADLINE|||,False,False,?,,1.012741,1.250252,59193.0
51,J073716.39+380202.4,114.31829166666664,38.034,18,17,1,57746.0,59616.0,4.574302280535205,5.119780971937029,BHM|eboss|main,57746|59147|59147|59163|59163|59195|59195|59220|59220|59249|59250|59250|59277|59278|59278|59532|59616|59616,?|QSO|QSO|QSO|QSO|QSO|QSO|QSO|QSO|?|QSO|QSO|?|QSO|QSO|GALAXY|?|?,|||STARBURST BROADLINE|STARBURST BROADLINE|BROADLINE|BROADLINE|BROADLINE|BROADLINE||BROADLINE|BROADLINE||||||,True,True,?,,0.5506635,7.120066,59278.0
52,J073916.52+315814.3,114.81883333333332,31.97063888888889,14,13,1,55539.0,59527.39901225,4.816878564587214,10.919641375085568,BHM|boss|main,55539|59163|59164|59164|59197|59197|59221|59221|59251|59251|59279|59280|59280|59527,?|?|QSO|QSO|QSO|QSO|QSO|QSO|QSO|QSO|?|QSO|QSO|QSO,||BROADLINE|BROADLINE|BROADLINE|BROADLINE|BROADLINE|BROADLINE|BROADLINE|BROADLINE||BROADLINE|BROADLINE|,False,True,QSO,,0.7282559,14.99162,59280.0
53,J074147.21+303243.1,115.44670833333332,30.54530555555556,27,26,1,52232.0,59530.40480433,4.808649154375043,19.981943338343598,BHM|main|sdss,52232|59146|59146|59163|59164|59164|59168|59168|59193|59193|59197|59197|59219|59219|59221|59221|59248|59248|59251|59251|59275|59276|59276|59279|59280|59280|59530,?|QSO|QSO|?|QSO|QSO|QSO|QSO|QSO|QSO|QSO|QSO|QSO|QSO|QSO|QSO|QSO|QSO|QSO|QSO|?|QSO|QSO|?|QSO|QSO|QSO,|BROADLINE|BROADLINE||BROADLINE|BROADLINE|BROADLINE|BROADLINE|BROADLINE|BROADLINE|BROADLINE|BROADLINE|BROADLINE|BROADLINE|BROADLINE|BROADLINE|BROADLINE|BROADLINE|BROADLINE|BROADLINE||BROADLINE|BROADLINE||BROADLINE|BROADLINE|,False,True,QSO,,0.698503,11.0576,59280.0
54,J074314.98+383829.8,115.81241666666666,38.64161111111111,19,18,1,51873.0,59616.0,4.574302280535205,21.19917864476386,BHM|boss|main|sdss,51873|55480|59147|59147|59163|59163|59195|59195|59220|59220|59249|59250|59250|59277|59278|59278|59557|59616|59616,?|?|QSO|QSO|QSO|QSO|QSO|QSO|QSO|QSO|?|QSO|QSO|?|QSO|QSO|QSO|?|?,||||BROADLINE|BROADLINE|BROADLINE|BROADLINE|BROADLINE|BROADLINE||BROADLINE|BROADLINE||BROADLINE|BROADLINE|||,False,True,?,,0.3490619,7.254791,59278.0
55,J074511.98+380911.3,116.29991666666665,38.15313888888889,18,17,1,51873.0,59616.0,4.574302280535205,21.19917864476386,BHM|main|sdss,51873|59147|59147|59163|59163|59195|59195|59220|59220|59249|59250|59250|59277|59278|59278|59509|59616|59616,?|GALAXY|GALAXY|QSO|QSO|QSO|QSO|QSO|QSO|?|QSO|QSO|?|QSO|QSO|QSO|?|?,|||BROADLINE|BROADLINE|BROADLINE|BROADLINE|BROADLINE|BROADLINE||BROADLINE|BROADLINE||BROADLINE|BROADLINE|||,True,True,?,,0.2364901,26.0356,59278.0
56,J075225.29+284728.5,118.10537499999998,28.79125,11,11,0,55535.0,59281.0,5.491482294224459,10.255989048596852,BHM|boss,55535|59164|59164|59199|59199|59222|59222|59252|59252|59281|59281,?|QSO|QSO|QSO|QSO|QSO|QSO|GALAXY|GALAXY|QSO|QSO,||||||||||,True,False,QSO,,0.7738601,0.6688424,59281.0
57,J075827.30+342457.5,119.61375,34.41597222222222,7,7,0,55488.0,59252.0,5.57087996705129,10.30527036276523,BHM|boss,55488|59165|59165|59231|59231|59252|59252,?|QSO|QSO|QSO|QSO|QSO|QSO,|BROADLINE|BROADLINE|BROADLINE|BROADLINE|BROADLINE|BROADLINE,False,False,QSO,BROADLINE,0.5622805,2.900685,59252.0
58,J075934.95+322143.3,119.89562499999998,32.362027777777776,8,8,0,52583.0,59253.0,5.568142116264158,18.261464750171115,BHM|sdss,52583|59166|59167|59167|59232|59232|59253|59253,?|?|QSO|QSO|QSO|QSO|QSO|QSO,||BROADLINE|BROADLINE|BROADLINE|BROADLINE|BROADLINE|BROADLINE,False,False,QSO,BROADLINE,0.2688438,54.40965,59253.0
59,J080020.23+315414.2,120.08429166666666,31.90394444444444,8,8,0,54537.0,59253.0,5.568142116264158,12.91170431211499,BHM|sdss,54537|59166|59167|59167|59232|59232|59253|59253,?|?|QSO|QSO|QSO|QSO|QSO|QSO,||BROADLINE|BROADLINE|BROADLINE|BROADLINE|BROADLINE|BROADLINE,False,False,QSO,BROADLINE,1.6582,3.834666,59253.0
60,J080133.29+341737.6,120.38870833333334,34.29377777777778,7,7,0,52584.0,59252.0,5.57087996705129,18.255989048596852,BHM|sdss,52584|59165|59165|59231|59231|59252|59252,?|QSO|QSO|QSO|QSO|QSO|QSO,|BROADLINE|BROADLINE|BROADLINE|BROADLINE|BROADLINE|BROADLINE,False,False,QSO,BROADLINE,0.3381486,18.46661,59252.0
61,J080709.93+205901.8,121.79137499999996,20.983833333333333,6,6,0,53330.0,59888.0,3.8296068664352734,17.95482546201232,BHM|sdss,53330|59229|59229|59886|59888|59888,?|QSO|QSO|?|?|?,|BROADLINE|BROADLINE|||,False,False,?,,0.3146277,12.43978,59229.0
62,J080711.72+194439.7,121.7988333333333,19.74436111111111,6,5,1,53315.0,59884.0,3.840558269583802,17.984941820670773,BHM|main|sdss,53315|59229|59229|59536|59884|59884,?|QSO|QSO|QSO|?|?,|STARBURST BROADLINE|STARBURST BROADLINE|||,False,True,?,,0.3479915,15.37976,59229.0
63,J080717.58+251758.7,121.82325,25.29963888888889,3,3,0,52670.0,59230.0,5.631112684368196,17.960301163586585,BHM|sdss,52670|59230|59230,?|QSO|QSO,|STARBURST BROADLINE|STARBURST BROADLINE,False,False,QSO,STARBURST BROADLINE,0.3834483,14.84201,59230.0
64,J080803.27+325145.6,122.01362499999998,32.86266666666667,8,8,0,55505.0,59253.0,5.568142116264158,10.261464750171116,BHM|boss,55505|59166|59167|59167|59232|59232|59253|59253,?|?|QSO|QSO|QSO|QSO|QSO|QSO,||BROADLINE|BROADLINE|||BROADLINE|BROADLINE,False,True,QSO,BROADLINE,0.6323972,3.020657,59253.0
65,J080832.67+260130.3,122.13612499999996,26.02508333333333,8,7,1,55536.0,59501.49063307,4.887811840918495,10.856921651115684,BHM|boss|main,55536|55868|59201|59202|59202|59254|59254|59501,?|?|?|QSO|QSO|QSO|QSO|QSO,|||STARBURST BROADLINE|STARBURST BROADLINE|STARBURST|STARBURST|,False,True,QSO,,0.4596557,5.27235,59254.0
66,J080838.73+273252.4,122.16137499999998,27.54788888888889,6,6,0,55858.0,59254.0,5.565404265477026,9.297741273100616,BHM|boss,55858|59201|59202|59202|59254|59254,?|?|QSO|QSO|QSO|QSO,||BROADLINE|BROADLINE|BROADLINE|BROADLINE,False,False,QSO,BROADLINE,0.4777089,4.733711,59254.0
67,J081009.62+211625.8,122.5400833333333,21.273833333333332,3,3,0,55630.0,59229.0,5.633850535155329,9.853524982888432,BHM|boss,55630|59229|59229,?|QSO|QSO,|BROADLINE|BROADLINE,False,False,QSO,BROADLINE,0.7696987,1.757411,59229.0
68,J081051.52+325251.9,122.71466666666664,32.881083333333336,11,10,1,54578.0,59551.3640134,4.751265967325071,13.61632857878166,BHM|boss|main|sdss,54578|54774|55506|59166|59167|59167|59232|59232|59253|59253|59551,?|?|?|?|QSO|QSO|QSO|QSO|QSO|QSO|QSO,||||BROADLINE|BROADLINE|BROADLINE|BROADLINE|BROADLINE|BROADLINE|,False,True,QSO,,0.706736,7.782871,59253.0
69,J081116.71+320935.4,122.819625,32.15983333333333,9,9,0,52318.0,59253.0,5.568142116264158,18.986995208761122,BHM|eboss|sdss,52318|57814|59166|59167|59167|59232|59232|59253|59253,?|?|?|QSO|QSO|QSO|QSO|QSO|QSO,|||BROADLINE|BROADLINE|AGN BROADLINE|AGN BROADLINE|STARBURST BROADLINE|STARBURST BROADLINE,False,False,QSO,STARBURST BROADLINE,0.1531239,70.39666,59253.0
70,J081127.88+222045.3,122.86616666666666,22.345916666666664,6,6,0,52943.0,59232.0,5.625636982793932,17.218343600273784,BHM|sdss,52943|59203|59204|59204|59232|59232,?|?|QSO|QSO|QSO|QSO,||BROADLINE|BROADLINE|BROADLINE|BROADLINE,False,False,QSO,BROADLINE,0.31207905,27.16061,59232.0
71,J081314.19+215550.8,123.30912499999998,21.930777777777777,3,3,0,58523.0,59229.0,5.633850535155329,1.9329226557152634,BHM|eboss,58523|59229|59229,?|QSO|QSO,||,False,False,QSO,,0.4547253,3.341196,59229.0
72,J081338.47+215349.9,123.41029166666664,21.897194444444445,3,3,0,53330.0,59229.0,5.633850535155329,16.150581793292265,BHM|sdss,53330|59229|59229,?|QSO|QSO,|BROADLINE|BROADLINE,False,False,QSO,BROADLINE,0.5488595,4.831103,59229.0
73,J081352.60+243903.6,123.46916666666668,24.651,3,3,0,58433.0,59230.0,5.631112684368196,2.1820670773442847,BHM|eboss,58433|59230|59230,?|QSO|QSO,|BROADLINE|BROADLINE,False,False,QSO,BROADLINE,0.6514684,1.961001,59230.0
74,J081429.24+265241.5,123.62183333333331,26.878194444444446,7,6,1,52670.0,59509.48512905,4.865924103806934,18.725489744147847,BHM|main|sdss,52670|59201|59202|59202|59254|59254|59509,?|?|QSO|QSO|QSO|QSO|QSO,||STARBURST BROADLINE|STARBURST BROADLINE|STARBURST BROADLINE|STARBURST BROADLINE|,False,True,QSO,,0.2848248,29.40383,59254.0
75,J081537.56+384303.2,123.90649999999998,38.71755555555555,6,6,0,55269.0,59257.0,5.557190713115629,10.91854893908282,BHM|boss,55269|59169|59169|59256|59257|59257,?|QSO|QSO|?|QSO|QSO,|BROADLINE|BROADLINE||BROADLINE|BROADLINE,False,False,QSO,BROADLINE,0.5068268499999999,3.649342,59257.0
76,J082018.50+344141.0,125.07708333333332,34.69472222222222,5,5,0,52295.0,59255.0,5.562666414689894,19.055441478439427,BHM|sdss,52295|59169|59169|59255|59255,?|QSO|QSO|QSO|QSO,|STARBURST BROADLINE|STARBURST BROADLINE|STARBURST BROADLINE|STARBURST BROADLINE,False,False,QSO,STARBURST BROADLINE,0.49768475,4.830196,59255.0
77,J082039.62+391759.1,125.16508333333334,39.29975,7,6,1,55272.0,59557.35601163,4.734860770254577,11.732665329582476,BHM|boss|main,55272|59169|59169|59256|59257|59257|59557,?|QSO|QSO|?|QSO|QSO|QSO,|BROADLINE|BROADLINE||BROADLINE|BROADLINE|,False,True,QSO,,0.8759136,3.961328,59257.0
78,J082459.79+315932.5,126.249125,31.992361111111112,4,3,1,58162.0,59554.3679664,4.743041592239514,3.812095732785766,BHM|eboss|main,58162|59199|59199|59554,?|QSO|QSO|QSO,|BROADLINE|BROADLINE|,False,True,QSO,,1.475542,1.511309,59199.0
79,J082526.43+274205.8,126.36012499999998,27.70161111111111,3,3,0,58157.0,59195.0,5.72693746191782,2.841889117043121,BHM|eboss,58157|59195|59195,?|QSO|QSO,|BROADLINE|BROADLINE,False,False,QSO,BROADLINE,0.3404112,5.239721,59195.0
80,J082537.64+320443.7,126.40683333333332,32.07880555555556,4,3,1,58130.0,59554.3679664,4.743041592239514,3.899706957973993,BHM|eboss|main,58130|59199|59199|59554,?|QSO|QSO|QSO,|BROADLINE|BROADLINE|,False,True,QSO,,0.7200478,8.698431,59199.0
81,J083000.36+343238.8,127.50149999999998,34.54411111111111,4,3,1,52668.0,59601.2691464,4.614633159659088,18.982256389869956,BHM|main|sdss,52668|59197|59197|59601,?|QSO|QSO|QSO,|BROADLINE|BROADLINE|,False,True,QSO,,0.7395016,4.3629,59197.0
82,J083414.18+270101.6,128.55908333333332,27.01711111111111,5,4,1,58429.0,59554.38116449,4.743005457838428,3.0811257070225815,BHM|eboss|main,58429|59221|59222|59222|59554,?|?|QSO|QSO|QSO,||||,False,False,QSO,,1.070968,0.8624428,59222.0
83,J083537.26+314209.9,128.90525,31.70275,5,3,2,54561.0,59519.976701505,4.837199743902756,13.576938265585222,BHM|main|sdss|sv1,54561|59199|59199|59304|59520,?|QSO|QSO|QSO|QSO,|BROADLINE|BROADLINE||,False,True,QSO,,1.8154851719738492,3.334986,59199.0
84,J083542.72+035353.8,128.928,3.898277777777778,5,4,1,55647.0,59531.43640361,4.805824789474284,10.63500726518823,BHM|boss|main,55647|59285|59288|59288|59531,?|?|QSO|QSO|GALAXY,||BROADLINE|BROADLINE|,True,True,GALAXY,,0.8827814,5.068832,59288.0
85,J083716.47+035606.1,129.318625,3.935027777777778,5,4,1,52646.0,59630.17626387,4.535489785340128,19.121632481505824,BHM|main|sdss,52646|59285|59288|59288|59630,?|?|GALAXY|GALAXY|QSO,||AGN BROADLINE|AGN BROADLINE|,True,True,QSO,,0.06345395,96.1585,59288.0
86,J083754.66+040007.2,129.47775,4.002,5,4,1,52646.0,59549.39319647,4.756661770008162,18.900460496837788,BHM|main|sdss,52646|59285|59288|59288|59549,?|?|QSO|QSO|QSO,||BROADLINE|BROADLINE|,False,True,QSO,,0.5644671,6.95106,59288.0
87,J084047.47+370701.1,130.19779166666663,37.11697222222222,4,3,1,52320.0,59557.3757416,4.7348067525406785,19.814854870910338,BHM|main|sdss,52320|59227|59227|59557,?|QSO|QSO|QSO,|||,False,False,QSO,,0.5263507,3.47006,59227.0
88,J084158.34+035851.7,130.49308333333332,3.981027777777778,4,3,1,55533.0,59581.63950567334,4.668376186973704,11.08457085742187,BHM|boss|main,55533|59280|59280|59582,?|QSO|QSO|QSO,|||,False,False,QSO,,0.6979208,4.625655,59280.0
89,J084528.72-002723.3,131.36966666666666,-0.4564722222222222,5,4,1,51901.0,59605.26852516,4.603683457372994,21.093137645886372,BHM|main|sdss,51901|59221|59222|59222|59605,?|?|GALAXY|GALAXY|GALAXY,||AGN BROADLINE|AGN BROADLINE|,False,True,GALAXY,,0.1544282,59.47639,59222.0
90,J084637.65+000024.5,131.656875,0.0068055555555555,3,3,0,51901.0,59227.0,5.639326236729593,20.057494866529773,BHM|sdss,51901|59227|59227,?|QSO|QSO,|STARBURST BROADLINE|STARBURST BROADLINE,False,False,QSO,STARBURST BROADLINE,0.2573041,16.82367,59227.0
91,J084924.70+002049.7,132.35291666666663,0.3471388888888889,4,3,1,55513.0,59583.32124424,4.663771837715209,11.143932222423008,BHM|boss|main,55513|59227|59227|59583,?|QSO|QSO|QSO,|STARBURST BROADLINE|STARBURST BROADLINE|,False,True,QSO,,0.5084414,6.087436,59227.0
92,J085321.89+010216.7,133.34120833333333,1.0379722222222223,4,3,1,51912.0,59644.16478021,4.49719131486786,21.169513429733055,BHM|main|sdss,51912|59252|59252|59644,?|QSO|QSO|GALAXY,|STARBURST BROADLINE|STARBURST BROADLINE|,True,True,GALAXY,,0.2139521,9.486809,59252.0
93,J085337.26+014303.6,133.40525,1.717666666666667,7,5,2,51913.0,59664.0,4.442885442752864,21.22108145106092,BHM|main|sdss,51913|59252|59252|59578|59630|59664|59664,?|GALAXY|GALAXY|GALAXY|GALAXY|?|?,|STARFORMING BROADLINE|STARFORMING BROADLINE||||,False,True,?,,0.058233450686725086,149.8977,59252.0
94,J085502.14+520137.7,133.75891666666666,52.027138888888885,21,20,1,56739.0,59992.0,3.544870384573535,8.906228610540726,BHM|boss|main,56739|59232|59232|59252|59252|59281|59284|59284|59312|59312|59546|59638|59638|59872|59873|59873|59931|59933|59933|59992|59992,?|QSO|QSO|QSO|QSO|?|QSO|QSO|QSO|QSO|QSO|?|?|?|?|?|?|?|?|?|?,|BROADLINE|BROADLINE||||||||||||||||||,False,True,?,,1.883005,0.4247488,59312.0
95,J085512.13+032950.6,133.80054166666665,3.497388888888889,5,5,0,52225.0,59664.0,4.442885442752864,20.366872005475702,BHM|sdss,52225|59304|59304|59664|59664,?|GALAXY|GALAXY|?|?,|AGN|AGN||,False,False,?,,0.1242271,48.8548,59304.0
96,J090254.12+015429.1,135.72549999999998,1.9080833333333336,5,4,1,51924.0,59592.30907273,4.639164504409263,20.994686030746067,BHM|main|sdss,51924|59207|59208|59208|59592,?|?|GALAXY|GALAXY|QSO,||STARFORMING BROADLINE|STARFORMING BROADLINE|,True,True,QSO,,0.1661484,34.76955,59208.0
97,J090315.11+010623.1,135.81295833333334,1.1064166666666668,8,8,0,51924.0,59313.0,5.4038710690362315,20.229979466119097,BHM|sdss,51924|51929|59257|59257|59311|59312|59313|59313,?|?|GALAXY|GALAXY|?|?|GALAXY|GALAXY,||AGN|AGN|||AGN|AGN,False,False,GALAXY,AGN,0.12165814999999999,40.88148,59313.0
98,J090315.87-000710.1,135.816125,-0.1194722222222222,4,3,1,55532.0,59603.27785033,4.609133628023228,11.146551267159479,BHM|boss|main,55532|59253|59253|59603,?|QSO|QSO|QSO,|BROADLINE|BROADLINE|,False,True,QSO,,0.8454575,9.082164,59253.0
99,J090457.90+010423.1,136.24124999999998,1.0730833333333334,8,8,0,51924.0,59313.0,5.4038710690362315,20.229979466119097,BHM|sdss,51924|51929|59257|59257|59311|59312|59313|59313,?|?|QSO|QSO|?|?|QSO|QSO,||STARBURST BROADLINE|STARBURST BROADLINE|||BROADLINE|BROADLINE,False,False,QSO,BROADLINE,0.27959095,38.80391,59313.0
100,J090459.92-004206.9,136.24966666666666,-0.7019166666666666,4,3,1,51929.0,59536.46748617,4.7920504361272735,20.828110845092393,BHM|main|sdss,51929|59253|59253|59536,?|GALAXY|GALAXY|QSO,|STARFORMING|STARFORMING|,True,False,QSO,,0.282497,19.00261,59253.0
101,J090535.77-004039.9,136.39904166666665,-0.67775,5,4,1,51929.0,59603.27785036,4.6091336279410955,21.01102765327857,BHM|main|sdss,51929|59253|59254|59254|59603,?|?|QSO|QSO|QSO,||BROADLINE|BROADLINE|,False,True,QSO,,0.7939209,2.093084,59254.0
102,J090550.30+003948.1,136.4595833333333,0.6633611111111112,6,5,1,51924.0,59616.23928618,4.573647150678933,21.060203384476395,BHM|main|sdss,51924|51929|59253|59254|59254|59616,?|?|?|GALAXY|GALAXY|GALAXY,|||AGN BROADLINE|AGN BROADLINE|,False,True,GALAXY,,0.3541604,14.5233,59254.0
103,J090612.02+014412.0,136.5500833333333,1.7366666666666668,9,9,0,55540.0,59615.0,4.577040131322337,11.156741957563312,BHM|boss,55540|59257|59257|59311|59312|59313|59313|59615|59615,?|QSO|QSO|?|?|QSO|QSO|?|?,|BROADLINE|BROADLINE|||BROADLINE|BROADLINE||,False,False,?,,0.5886427000000001,11.38271,59313.0
104,J090624.60+505549.5,136.60249999999996,50.930416666666666,10,10,0,57067.0,59312.0,5.406608919823364,6.146475017111568,BHM|boss,57067|59232|59232|59252|59252|59281|59284|59284|59312|59312,?|QSO|QSO|QSO|QSO|?|QSO|QSO|QSO|QSO,|||||||||,False,False,QSO,,0.4784388,1.439295,59312.0
105,J090826.74+002137.4,137.11141666666666,0.3603888888888888,8,7,1,51924.0,59536.46748617,4.7920504361272735,20.841800099028056,BHM|main|sdss,51924|51929|51955|59257|59257|59318|59318|59536,?|?|?|QSO|QSO|?|?|QSO,|||BROADLINE|BROADLINE|||,False,True,QSO,,0.1630521,69.7725,59257.0
106,J090903.50-005928.9,137.26458333333332,-0.991361111111111,4,4,0,55240.0,59253.0,5.568142116264158,10.986995208761122,BHM|boss,55240|55532|59253|59253,?|?|QSO|QSO,||BROADLINE|BROADLINE,False,False,QSO,BROADLINE,2.438433,5.225523,59253.0
107,J091156.22-005140.4,137.98424999999995,-0.8612222222222222,6,5,1,55240.0,59618.2713525,4.568083656305226,11.987053668720055,BHM|boss|main,55240|59257|59257|59318|59318|59618,?|QSO|QSO|?|?|GALAXY,|BROADLINE|BROADLINE|||,True,True,GALAXY,,0.5705726,5.385028,59257.0
108,J091445.19+000648.8,138.68829166666663,0.1135555555555555,4,3,1,55535.0,59536.46748621,4.792050436017751,10.955420906803559,BHM|boss|main,55535|59292|59292|59536,?|QSO|QSO|QSO,|BROADLINE|BROADLINE|,False,True,QSO,,0.5627772,24.78115,59292.0
109,J091459.16+050243.4,138.74649999999997,5.045388888888889,7,6,1,52652.0,59671.11771372,4.423398204641983,19.217296957481175,BHM|main|sdss,52652|59309|59309|59314|59315|59315|59671,?|QSO|QSO|?|QSO|QSO|QSO,|STARBURST BROADLINE|STARBURST BROADLINE||STARBURST BROADLINE|STARBURST BROADLINE|,False,True,QSO,,0.1423954,43.29828,59315.0
110,J091649.41+000031.6,139.20587500000002,0.0087777777777777,6,5,1,51955.0,59318.0,5.390181815100571,20.15879534565366,BHM|sdss|sv1,51955|59257|59257|59280|59318|59318,?|QSO|QSO|GALAXY|?|?,|AGN BROADLINE|AGN BROADLINE|||,True,True,?,,0.2224092,14.25207,59257.0
111,J092158.92+034235.7,140.49549999999996,3.709916666666667,11,9,2,52252.0,59913.0,3.7611605967569712,20.974674880219027,BHM|main|sdss,52252|59292|59292|59315|59316|59316|59523|59646|59910|59913|59913,?|QSO|QSO|QSO|?|?|QSO|QSO|?|?|?,|BROADLINE|BROADLINE|BROADLINE|||||||,False,True,?,,0.3247699,13.24456,59315.0
112,J092313.53+043445.0,140.80637499999995,4.579166666666667,7,6,1,52707.0,59584.33864557,4.660986344683043,18.829127024147848,BHM|main|sdss,52707|59292|59292|59315|59316|59316|59584,?|QSO|QSO|QSO|?|?|QSO,|BROADLINE|BROADLINE||||,False,True,QSO,,0.6573094500000001,33.21669,59315.0
113,J092629.23-000605.7,141.62179166666667,-0.1015833333333333,5,4,1,52000.0,59613.28000763,4.58174921378641,20.84402466154688,BHM|main|sdss,52000|59226|59227|59227|59613,?|?|QSO|QSO|QSO,||STARBURST BROADLINE|STARBURST BROADLINE|,False,True,QSO,,0.2014436,16.40486,59227.0
114,J092702.31+043308.2,141.75962499999997,4.552277777777777,9,8,1,52254.0,59937.0,3.6954521778658007,21.034907597535934,BHM|main|sdss,52254|59306|59306|59342|59345|59345|59622|59937|59937,?|QSO|QSO|?|?|?|QSO|?|?,|STARBURST BROADLINE|STARBURST BROADLINE||||||,False,True,?,,0.321619,25.158,59306.0
115,J092739.77+050312.6,141.9157083333333,5.0535,8,7,1,-999.0,59535.49173248,4.7947219041354865,165.73440583841204,APOGEE-2&MaNGA|BHM|main|sdss,-999|52707|59292|59292|59315|59316|59316|59535,?|?|QSO|QSO|QSO|?|?|QSO,||AGN BROADLINE|AGN BROADLINE|AGN BROADLINE|||,False,True,QSO,,0.12597160000000002,54.0785,59315.0
116,J092814.62+005631.0,142.06091666666666,0.9419444444444444,7,5,2,51965.0,59662.0,4.448361144327128,21.073237508555785,BHM|main|sdss,51965|59232|59232|59533|59592|59662|59662,?|QSO|QSO|QSO|QSO|?|?,|BROADLINE|BROADLINE||||,False,True,?,,0.4079923894190553,37.86878,59232.0
117,J092957.88+001508.7,142.49116666666663,0.2524166666666667,5,4,1,55534.0,59640.20183716,4.508041261616659,11.242167931991784,BHM|boss|main,55534|59309|59310|59310|59640,?|?|QSO|QSO|GALAXY,||||,True,False,GALAXY,,0.8007329,1.589109,59310.0
118,J093041.65+011842.1,142.67354166666664,1.3116944444444445,4,3,1,55660.0,59575.38295050251,4.6855057014728825,10.719734292956915,BHM|boss|main,55660|59232|59232|59575,?|QSO|QSO|QSO,|||,False,False,QSO,,2.39801,0.7595748,59232.0
119,J093149.46+014333.5,142.95608333333334,1.7259722222222222,9,8,1,51965.0,59572.389864725,4.693700323724794,20.827898329158117,BHM|main|sdss,51965|59280|59280|59318|59318|59339|59340|59340|59572,?|QSO|QSO|?|?|?|?|?|QSO,|BROADLINE|BROADLINE||||||,False,True,QSO,,0.356135,35.49404,59280.0
120,J093209.96+040319.9,143.04149999999998,4.055527777777778,9,8,1,52264.0,59937.0,3.6954521778658007,21.00752908966461,BHM|main|sdss,52264|59281|59284|59284|59317|59317|59674|59937|59937,?|?|QSO|QSO|?|?|QSO|?|?,||STARBURST BROADLINE|STARBURST BROADLINE|||||,False,True,?,,0.2758001,14.56999,59284.0
121,J093322.83+010120.9,143.34512499999997,1.0224722222222222,5,4,1,51965.0,59592.33991614,4.639080059754915,20.882518593127998,BHM|main|sdss,51965|59309|59310|59310|59592,?|?|GALAXY|GALAXY|GALAXY,||AGN|AGN|,False,False,GALAXY,,0.1598573,51.77252,59310.0
122,J093614.70+012105.9,144.06124999999997,1.351638888888889,9,8,1,52026.0,59592.33991614,4.639080059754915,20.71550969511294,BHM|main|sdss,52026|59280|59280|59318|59318|59339|59340|59340|59592,?|QSO|QSO|?|?|?|?|?|QSO,||||||||,False,False,QSO,,0.3024921,8.19358,59280.0
123,J103723.72+363341.6,159.34883333333332,36.56155555555555,3,3,0,55575.0,59350.0,5.302570589912344,10.335386721423683,BHM|boss,55575|59350|59350,?|?|?,||,False,False,?,,,,
124,J112256.45+435227.7,170.7352083333333,43.874361111111114,20,19,1,53062.0,60046.0,3.3970264420684018,19.121149897330596,BHM|main|sdss,53062|59252|59252|59280|59280|59309|59309|59335|59336|59337|59337|59640|59641|59641|59694|59972|59973|59973|60046|60046,?|QSO|QSO|QSO|QSO|QSO|QSO|?|?|?|?|?|?|?|QSO|?|?|?|?|?,|BROADLINE|BROADLINE|BROADLINE|BROADLINE|BROADLINE|BROADLINE|||||||||||||,False,True,?,,1.578701,4.927543,59309.0
125,J112518.07+272452.8,171.32529166666663,27.414666666666665,7,7,0,56329.0,59340.0,5.329949097783665,8.243668720054757,BHM|boss,56329|59293|59293|59312|59312|59340|59340,?|QSO|QSO|QSO|QSO|?|?,|BROADLINE|BROADLINE|BROADLINE|BROADLINE||,False,False,?,,0.5665360500000001,9.320416,59312.0
126,J112536.33+303915.9,171.40137499999997,30.654416666666663,5,5,0,56362.0,59339.0,5.332686948570797,8.150581793292266,BHM|boss,56362|59311|59311|59339|59339,?|QSO|QSO|?|?,|BROADLINE|BROADLINE||,False,False,?,,0.5766605,11.13472,59311.0
127,J112825.59+565646.1,172.10662499999998,56.94613888888889,11,11,0,56683.0,59346.0,5.313521993060872,7.2908966461327855,BHM|boss|eboss,56683|57131|59254|59254|59281|59281|59315|59315|59345|59346|59346,?|?|QSO|QSO|QSO|QSO|QSO|QSO|?|?|?,||BROADLINE|BROADLINE|||BROADLINE|BROADLINE|||,False,True,?,,0.6163585,7.446881,59315.0
128,J112951.94+233237.3,172.46641666666665,23.543694444444448,9,9,0,56274.0,59343.0,5.321735545422269,8.402464065708418,BHM|boss,56274|59291|59291|59313|59314|59314|59342|59343|59343,?|QSO|QSO|?|QSO|QSO|?|?|?,|BROADLINE|BROADLINE||BROADLINE|BROADLINE|||,False,False,?,,0.5178596,27.51254,59314.0
129,J113025.21+304033.7,172.60504166666666,30.67602777777778,6,5,1,53430.0,59697.15757135,4.352104959932881,17.158542289801503,BHM|main|sdss,53430|59311|59311|59339|59339|59697,?|QSO|QSO|?|?|QSO,|BROADLINE|BROADLINE|||,False,True,QSO,,0.8459471,7.359373,59311.0
130,J113118.43+581841.8,172.82679166666665,58.311611111111105,20,19,1,52409.0,59974.0,3.594151698741913,20.711841204654345,BHM|main|sdss,52409|59254|59254|59281|59281|59315|59315|59345|59346|59346|59629|59664|59664|59725|59725|59913|59916|59916|59974|59974,?|QSO|QSO|QSO|QSO|QSO|QSO|?|?|?|GALAXY|?|?|?|?|?|?|?|?|?,|BROADLINE|BROADLINE|BROADLINE|BROADLINE|BROADLINE|BROADLINE|||||||||||||,True,True,?,,0.3131362,19.38294,59315.0
131,J113200.64+292603.9,173.00266666666664,29.434416666666667,5,5,0,53795.0,59339.0,5.332686948570797,15.178644763860369,BHM|sdss,53795|59311|59311|59339|59339,?|QSO|QSO|?|?,|BROADLINE|BROADLINE||,False,False,?,,0.5785886,41.90121,59311.0
132,J113311.19+591357.9,173.296625,59.23275,15,15,0,56666.0,59725.0,4.275876544737806,8.375085557837098,BHM|boss|eboss,56666|57375|59254|59254|59281|59281|59315|59315|59345|59346|59346|59664|59664|59725|59725,?|?|QSO|QSO|QSO|QSO|QSO|QSO|?|?|?|?|?|?|?,||||||||||||||,False,False,?,,1.700671,3.67714,59315.0
133,J113333.82+592152.5,173.39091666666664,59.364583333333336,12,12,0,56666.0,59664.0,4.442885442752864,8.208076659822039,BHM|boss,56666|59254|59254|59281|59281|59315|59315|59345|59346|59346|59664|59664,?|QSO|QSO|QSO|QSO|QSO|QSO|?|?|?|?|?,|BROADLINE|BROADLINE|BROADLINE|BROADLINE|BROADLINE|BROADLINE|||||,False,False,?,,0.4856943,6.555288,59315.0
134,J113457.21+292502.4,173.73837499999996,29.417333333333335,5,5,0,53795.0,59339.0,5.332686948570797,15.178644763860369,BHM|sdss,53795|59311|59311|59339|59339,?|QSO|QSO|?|?,|BROADLINE|BROADLINE||,False,False,?,,0.3921354,29.06559,59311.0
135,J115705.84+560749.5,179.2743333333333,56.13041666666667,19,18,1,52790.0,60073.0,3.3231044708158346,19.939767282683093,BHM|sdss|sv2,52790|59255|59255|59284|59290|59290|59307|59317|59317|59348|59350|59351|59351|59644|59644|59675|59675|60073|60073,?|QSO|QSO|?|QSO|QSO|QSO|?|?|?|?|?|?|?|?|?|?|?|?,|BROADLINE|BROADLINE||BROADLINE|BROADLINE|||||||||||||,False,True,?,,0.6538843,13.6893,59290.0
136,J121345.97+484419.4,183.44154166666664,48.73872222222222,11,11,0,53117.0,59375.0,5.2341243202340415,17.13347022587269,BHM|sdss,53117|59257|59257|59292|59292|59339|59340|59340|59373|59375|59375,?|QSO|QSO|QSO|QSO|?|?|?|?|?|?,|BROADLINE|BROADLINE|BROADLINE|BROADLINE||||||,False,False,?,,0.49520575,34.93641,59292.0
137,J121618.00+515946.1,184.075,51.99613888888889,14,14,0,52430.0,59370.0,5.247813574169702,19.000684462696782,BHM|sdss,52430|59256|59256|59291|59291|59335|59336|59338|59338|59364|59365|59366|59370|59370,?|QSO|QSO|QSO|QSO|?|?|?|?|?|?|?|?|?,|BROADLINE|BROADLINE|BROADLINE|BROADLINE|||||||||,False,False,?,,0.6237182,9.595752,59291.0
138,J122013.56+520206.3,185.0565,52.03508333333333,22,22,0,52374.0,60052.0,3.380599337345609,21.021218343600275,BHM|eboss|sdss,52374|57423|59256|59256|59291|59291|59335|59336|59338|59338|59364|59365|59366|59370|59370|59731|59731|59975|59976|59976|60052|60052,?|?|QSO|QSO|QSO|QSO|?|?|?|?|?|?|?|?|?|?|?|?|?|?|?|?,||BROADLINE|BROADLINE|BROADLINE|BROADLINE||||||||||||||||,False,False,?,,0.2770978,8.221821,59291.0
139,J122334.95+281544.0,185.895625,28.26222222222222,3,3,0,56356.0,59265.0,5.5352879068185725,7.964407939767283,BHM|boss,56356|59265|59265,?|QSO|QSO,|BROADLINE|BROADLINE,False,False,QSO,BROADLINE,2.269296,1.477318,59265.0
140,J132457.29+480241.3,201.2387083333333,48.044805555555556,8,8,0,52759.0,59346.0,5.313521993060872,18.034223134839152,BHM|boss|sdss,52759|56805|59316|59317|59317|59345|59346|59346,?|?|?|?|?|?|?|?,|||||||,False,False,?,,,,
141,J133244.09+141943.5,203.1837083333333,14.32875,7,7,0,53847.0,59351.0,5.299832739125212,15.069130732375086,BHM|sdss,53847|59292|59292|59310|59310|59351|59351,?|QSO|QSO|QSO|QSO|?|?,|BROADLINE|BROADLINE|BROADLINE|BROADLINE||,False,False,?,,0.60095175,9.426849,59310.0
142,J135157.54+533839.6,207.98974999999996,53.644333333333336,5,5,0,56426.0,59339.0,5.332686948570797,7.975359342915811,BHM|boss,56426|59315|59315|59339|59339,?|QSO|QSO|?|?,|BROADLINE|BROADLINE||,False,False,?,,1.522713,24.3495,59315.0
143,J135415.55+515925.9,208.56479166666665,51.99052777777778,7,6,1,52465.0,59600.53811023,4.616634627612545,19.536038631704315,BHM|eboss|main|sdss,52465|57427|59315|59315|59339|59339|59601,?|?|QSO|QSO|?|?|QSO,||BROADLINE|BROADLINE|||,False,True,QSO,,0.319983,8.408953,59315.0
144,J135544.26+531805.2,208.93441666666664,53.30144444444444,8,6,2,52465.0,59387.01156968334,5.201238434721822,18.95143482459504,BHM|boss|main|sdss|special,52465|56426|59315|59315|59339|59339|59356|59387,?|?|QSO|QSO|?|?|QSO|QSO,||BROADLINE|BROADLINE||||,False,True,QSO,,1.574103158071276,29.68096,59315.0
145,J135704.22+553414.8,209.26758333333328,55.57077777777778,7,7,0,56487.0,59342.0,5.324473396209401,7.816563997262149,BHM|boss,56487|59281|59281|59312|59312|59342|59342,?|QSO|QSO|QSO|QSO|?|?,|BROADLINE|BROADLINE|BROADLINE|BROADLINE||,False,False,?,,0.491925,6.889894,59312.0
146,J135726.62+553736.0,209.3609166666666,55.626666666666665,7,7,0,57428.0,59342.0,5.324473396209401,5.240246406570842,BHM|eboss,57428|59281|59281|59312|59312|59342|59342,?|QSO|QSO|QSO|QSO|?|?,|BROADLINE|BROADLINE|BROADLINE|BROADLINE||,False,False,?,,2.3723305,24.99109,59312.0
147,J135750.26+614309.0,209.45941666666664,61.719166666666666,16,16,0,56419.0,60060.0,3.358696531048552,9.96851471594798,BHM|boss,56419|59280|59280|59309|59309|59340|59340|59380|59381|59381|59789|59789|60056|60057|60060|60060,?|QSO|QSO|QSO|QSO|?|?|?|?|?|?|?|?|?|?|?,|BROADLINE|BROADLINE|||||||||||||,False,True,?,,0.7380462,4.143093,59309.0
148,J135925.58+612603.8,209.8565833333333,61.43438888888888,10,10,0,56419.0,59381.0,5.217697215511249,8.109514031485284,BHM|boss,56419|59280|59280|59309|59309|59340|59340|59380|59381|59381,?|QSO|QSO|QSO|QSO|?|?|?|?|?,|BROADLINE|BROADLINE|AGN BROADLINE|AGN BROADLINE|||||,False,False,?,,0.5032113,2.867576,59309.0
149,J140037.13+622132.9,210.15470833333333,62.35913888888889,10,10,0,52353.0,59381.0,5.217697215511249,19.241615331964407,BHM|sdss,52353|59280|59280|59309|59309|59340|59340|59380|59381|59381,?|GALAXY|GALAXY|GALAXY|GALAXY|?|?|?|?|?,|AGN|AGN|AGN|AGN|||||,False,False,?,,0.07541311,124.6552,59309.0
150,J140104.00+633733.2,210.26666666666665,63.62588888888889,10,10,0,56396.0,59381.0,5.217697215511249,8.172484599589323,BHM|boss,56396|59280|59280|59309|59309|59340|59340|59380|59381|59381,?|QSO|QSO|QSO|QSO|?|?|?|?|?,|BROADLINE|BROADLINE|BROADLINE|BROADLINE|||||,False,False,?,,1.69931,1.688907,59309.0
151,J140219.42+554556.4,210.58091666666664,55.76566666666667,7,7,0,56487.0,59342.0,5.324473396209401,7.816563997262149,BHM|boss,56487|59281|59281|59312|59312|59342|59342,?|QSO|QSO|QSO|QSO|?|?,||||||,False,False,?,,0.7631871,1.33804,59312.0
152,J140515.59+542458.0,211.3149583333333,54.41611111111111,7,7,0,53088.0,59342.0,5.324473396209401,17.12251882272416,BHM|sdss,53088|59281|59281|59312|59312|59342|59342,?|QSO|QSO|QSO|QSO|?|?,|BROADLINE|BROADLINE|AGN BROADLINE|AGN BROADLINE||,False,False,?,,0.082297575,79.50903,59312.0
153,J140836.66+620103.9,212.15274999999997,62.01775,10,10,0,56419.0,59381.0,5.217697215511249,8.109514031485284,BHM|boss,56419|59280|59280|59309|59309|59340|59340|59380|59381|59381,?|QSO|QSO|QSO|QSO|?|?|?|?|?,|BROADLINE|BROADLINE|BROADLINE|BROADLINE|||||,False,False,?,,2.6164949999999996,4.512208,59309.0
154,J141144.12+531508.6,212.9338333333333,53.25238888888889,272,272,0,56388.0,60118.0,3.19990118539489,10.212183436002737,BHM|boss,56388|56397|56660|56664|56683|56686|56697|56715|56717|56720|56722|56726|56739|56745|56747|56749|56751|56755|56768|56772|56780|56782|56783|56795|56799|56804|56808|56813|56825|56829|56833|56837|57038|57050|57067|57082|57106|57127|57135|57159|57166|57185|57196|57428|57435|57451|57463|57481|57492|57510|57518|57544|57570|57576|57781|57789|57805|57817|57832|57843|57859|57874|57892|57901|57918|57934|58127|58174|58216|58230|58258|58289|58561|58587|58627|58657|58867|58895|59223|59223|59225|59226|59226|59227|59227|59229|59230|59230|59231|59231|59232|59232|59238|59238|59251|59252|59252|59253|59253|59254|59254|59255|59256|59256|59257|59257|59264|59264|59265|59265|59267|59268|59268|59280|59281|59281|59283|59284|59284|59289|59289|59291|59291|59292|59292|59293|59293|59294|59294|59296|59296|59308|59308|59311|59311|59313|59314|59314|59315|59315|59316|59317|59318|59318|59324|59324|59336|59337|59337|59338|59339|59339|59341|59342|59343|59343|59344|59345|59345|59347|59348|59348|59351|59352|59352|59363|59363|59366|59367|59367|59373|59373|59379|59380|59381|59381|59621|59621|59636|59636|59648|59648|59670|59670|59673|59675|59675|59693|59693|59701|59701|59720|59721|59722|59722|59724|59724|59726|59726|59729|59730|59730|59733|59733|59938|59939|59939|59964|59964|59970|59971|59971|59973|59974|59974|59992|59992|59999|60000|60000|60003|60003|60017|60018|60018|60027|60027|60028|60028|60030|60031|60031|60046|60046|60048|60049|60049|60051|60051|60053|60053|60055|60056|60056|60058|60058|60072|60073|60073|60075|60076|60076|60081|60083|60083|60086|60086|60088|60088|60104|60104|60106|60106|60108|60108|60110|60111|60111|60114|60114|60118|60118,?|?|?|?|?|?|?|?|?|?|?|?|?|?|?|?|?|?|?|?|?|?|?|?|?|?|?|?|?|?|?|?|?|?|?|?|?|?|?|?|?|?|?|?|?|?|?|?|?|?|?|?|?|?|?|?|?|?|?|?|?|?|?|?|?|?|?|?|?|?|?|?|?|?|?|?|?|?|GALAXY|GALAXY|?|GALAXY|GALAXY|GALAXY|GALAXY|?|GALAXY|GALAXY|GALAXY|GALAXY|GALAXY|GALAXY|GALAXY|GALAXY|?|GALAXY|GALAXY|GALAXY|GALAXY|GALAXY|GALAXY|?|GALAXY|GALAXY|GALAXY|GALAXY|GALAXY|GALAXY|GALAXY|GALAXY|?|GALAXY|GALAXY|?|GALAXY|GALAXY|?|GALAXY|GALAXY|GALAXY|GALAXY|GALAXY|GALAXY|GALAXY|GALAXY|GALAXY|GALAXY|GALAXY|GALAXY|GALAXY|GALAXY|GALAXY|GALAXY|GALAXY|GALAXY|?|GALAXY|GALAXY|GALAXY|GALAXY|?|?|?|?|?|?|?|?|?|?|?|?|?|?|?|?|?|?|?|?|?|?|?|?|?|?|?|?|?|?|?|?|?|?|?|?|?|?|?|?|?|?|?|?|?|?|?|?|?|?|?|?|?|?|?|?|?|?|?|?|?|?|?|?|?|?|?|?|?|?|?|?|?|?|?|?|?|?|?|?|?|?|?|?|?|?|?|?|?|?|?|?|?|?|?|?|?|?|?|?|?|?|?|?|?|?|?|?|?|?|?|?|?|?|?|?|?|?|?|?|?|?|?|?|?|?|?|?|?|?|?|?,|||||||||||||||||||||||||||||||||||||||||||||||||||||||||||||||||||||||||||||||||||||||||||||||||||||||||||||||||||||||||||||||||||||||||||||||||||||||||||||||||||||||||||||||||||||||||||||||||||||||||||||||||||||||||||||||||||||||||||||||||||||||||||||||||||||||||||||||,False,False,?,,0.9236065,-0.02997152,59315.0
155,J141634.37+515849.3,214.14320833333332,51.980361111111115,276,275,1,56415.0,60118.0,3.19990118539489,10.13826146475017,BHM|boss|sv3,56415|56448|56660|56664|56683|56686|56697|56715|56717|56720|56722|56726|56739|56745|56747|56749|56751|56755|56768|56772|56780|56782|56783|56795|56799|56804|56808|56813|56825|56829|56833|56837|57038|57050|57067|57082|57106|57127|57135|57159|57166|57185|57196|57428|57435|57451|57463|57481|57492|57510|57518|57544|57570|57576|57781|57789|57805|57817|57832|57843|57859|57874|57892|57901|57918|57934|58127|58174|58216|58230|58258|58289|58561|58587|58627|58657|58867|58895|59223|59223|59225|59226|59226|59227|59227|59229|59230|59230|59231|59231|59232|59232|59238|59238|59251|59252|59252|59253|59253|59254|59254|59255|59256|59256|59257|59257|59264|59264|59265|59265|59267|59268|59268|59280|59281|59281|59283|59284|59284|59289|59289|59291|59291|59292|59292|59293|59293|59294|59294|59296|59296|59308|59308|59311|59311|59312|59313|59314|59314|59315|59315|59316|59317|59318|59318|59324|59324|59336|59337|59337|59338|59339|59339|59341|59342|59343|59343|59344|59345|59345|59347|59348|59348|59351|59352|59352|59363|59363|59366|59367|59367|59370|59370|59373|59373|59376|59376|59379|59380|59381|59381|59637|59638|59638|59648|59648|59670|59670|59673|59675|59675|59693|59693|59701|59701|59720|59721|59722|59722|59724|59724|59726|59726|59729|59730|59730|59733|59733|59938|59939|59939|59964|59964|59970|59971|59971|59973|59974|59974|59992|59992|59999|60000|60000|60003|60003|60017|60018|60018|60027|60027|60028|60028|60030|60031|60031|60046|60046|60048|60049|60049|60051|60051|60053|60053|60055|60056|60056|60058|60058|60072|60073|60073|60075|60076|60076|60081|60083|60083|60086|60086|60088|60088|60104|60104|60106|60106|60108|60108|60110|60111|60111|60114|60114|60118|60118,?|?|?|?|?|?|?|?|?|?|?|?|?|?|?|?|?|?|?|?|?|?|?|?|?|?|?|?|?|?|?|?|?|?|?|?|?|?|?|?|?|?|?|?|?|?|?|?|?|?|?|?|?|?|?|?|?|?|?|?|?|?|?|?|?|?|?|?|?|?|?|?|?|?|?|?|?|?|QSO|QSO|?|QSO|QSO|QSO|QSO|?|QSO|QSO|QSO|QSO|QSO|QSO|QSO|QSO|?|QSO|QSO|QSO|QSO|QSO|QSO|?|QSO|QSO|QSO|QSO|QSO|QSO|QSO|QSO|?|QSO|QSO|?|QSO|QSO|?|QSO|QSO|QSO|QSO|QSO|QSO|QSO|QSO|QSO|QSO|QSO|QSO|QSO|QSO|QSO|QSO|QSO|QSO|QSO|?|QSO|QSO|QSO|QSO|?|?|?|?|?|?|?|?|?|?|?|?|?|?|?|?|?|?|?|?|?|?|?|?|?|?|?|?|?|?|?|?|?|?|?|?|?|?|?|?|?|?|?|?|?|?|?|?|?|?|?|?|?|?|?|?|?|?|?|?|?|?|?|?|?|?|?|?|?|?|?|?|?|?|?|?|?|?|?|?|?|?|?|?|?|?|?|?|?|?|?|?|?|?|?|?|?|?|?|?|?|?|?|?|?|?|?|?|?|?|?|?|?|?|?|?|?|?|?|?|?|?|?|?|?|?|?|?|?|?|?|?|?|?|?,||||||||||||||||||||||||||||||||||||||||||||||||||||||||||||||||||||||||||||||BROADLINE|BROADLINE||BROADLINE|BROADLINE|BROADLINE|BROADLINE||BROADLINE|BROADLINE|BROADLINE|BROADLINE|BROADLINE|BROADLINE|BROADLINE|BROADLINE||BROADLINE|BROADLINE|BROADLINE|BROADLINE|BROADLINE|BROADLINE||BROADLINE|BROADLINE|BROADLINE|BROADLINE|BROADLINE|BROADLINE|BROADLINE|BROADLINE||BROADLINE|BROADLINE||BROADLINE|BROADLINE||BROADLINE|BROADLINE|BROADLINE|BROADLINE|BROADLINE|BROADLINE|BROADLINE|BROADLINE|BROADLINE|BROADLINE|||BROADLINE|BROADLINE|BROADLINE|BROADLINE|BROADLINE|BROADLINE|||BROADLINE|BROADLINE|BROADLINE|BROADLINE|||||||||||||||||||||||||||||||||||||||||||||||||||||||||||||||||||||||||||||||||||||||||||||||||||||||||||||||||||||||||||||||||||||||,False,True,?,,0.9907091,6.961609,59315.0
156,J142310.50+045455.1,215.79374999999996,4.915305555555556,7,6,1,52049.0,60109.0,3.2245418424790793,22.067077344284737,BHM|main|sdss,52049|59351|59352|59352|59716|60109|60109,?|?|?|?|QSO|?|?,||||||,False,False,?,,0.6088530735858728,,
157,J142613.05+321212.3,216.55437499999996,32.20341666666667,4,3,1,55652.0,59373.19782625,5.239058403054034,10.18808439767282,BHM|boss|main,55652|59343|59343|59373,?|?|?|GALAXY,|||,False,False,GALAXY,,0.5232958982206182,,
158,J142651.49+351924.5,216.71454166666663,35.32347222222223,18,16,2,53144.0,60114.0,3.2108525885434185,19.082819986310746,BHM|main|sdss|sv3,53144|59283|59283|59313|59313|59316|59343|59343|59344|59345|59347|59347|59376|59376|59698|60109|60114|60114,?|QSO|QSO|QSO|QSO|QSO|?|?|?|?|?|?|?|?|QSO|?|?|?,|BROADLINE|BROADLINE|BROADLINE|BROADLINE|||||||||||||,False,True,?,,1.751136,12.0152,59313.0
159,J142813.06+045247.6,217.05441666666664,4.879888888888889,6,4,2,52027.0,59673.39638015,4.4171595559629955,20.934692348117725,BHM|main|sdss,52027|59351|59352|59352|59662|59673,?|?|?|?|QSO|QSO,|||||,False,False,QSO,,0.4464478779721111,,
160,J142835.15+305639.6,217.1464583333333,30.944333333333333,3,3,0,55652.0,59343.0,5.321735545422269,10.105407255304586,BHM|boss,55652|59343|59343,?|?|?,||,False,False,?,,,,
161,J143421.57+044137.2,218.589875,4.693666666666667,14,13,1,55682.0,60061.0,3.35595868026142,11.989048596851472,BHM|boss|main,55682|59284|59289|59289|59314|59315|59315|59347|59347|59375|59375|59393|60061|60061,?|?|QSO|QSO|?|QSO|QSO|?|?|?|?|QSO|?|?,||BROADLINE|BROADLINE||BROADLINE|BROADLINE|||||||,False,True,?,,0.9072956,5.515012,59315.0
162,J143438.23+034121.9,218.65929166666663,3.689416666666667,12,11,1,55682.0,59375.0,5.2341243202340415,10.11088295687885,BHM|boss|sv3,55682|59284|59289|59289|59314|59315|59315|59344|59347|59347|59375|59375,?|?|GALAXY|GALAXY|?|GALAXY|GALAXY|GALAXY|?|?|?|?,||STARFORMING|STARFORMING||||||||,False,False,?,,0.3317241,6.506904,59315.0
163,J143732.94+355947.1,219.38725,35.99641666666667,6,4,2,53115.0,59354.27372673,5.290869763820616,17.08220048386038,BHM|main|sdss,53115|59325|59326|59326|59354|59354,?|?|?|?|QSO|QSO,|||||,False,False,QSO,,0.3707355287423935,,
164,J144024.60+345624.2,220.10249999999996,34.94005555555555,11,10,1,55272.0,60076.0,3.3148909184544384,13.152635181382614,BHM|boss|main,55272|59325|59326|59326|59538|59672|59672|60031|60031|60076|60076,?|?|?|?|QSO|?|?|?|?|?|?,||||||||||,False,False,?,,0.7525744999722725,,
165,J144133.10+051633.5,220.38791666666663,5.275972222222222,14,13,1,55684.0,60061.0,3.35595868026142,11.983572895277208,BHM|boss|main,55684|59284|59289|59289|59314|59315|59315|59347|59347|59375|59375|59377|60061|60061,?|?|QSO|QSO|?|GALAXY|GALAXY|?|?|?|?|QSO|?|?,||BROADLINE|BROADLINE||||||||||,True,True,?,,0.7819473,0.0,59315.0
166,J144731.89+342921.1,221.88287499999996,34.48919444444444,5,4,1,58514.0,59687.34463057,4.378971327571487,3.212442520383294,BHM|eboss|main,58514|59325|59326|59326|59687,?|?|?|?|QSO,||||,False,False,QSO,,0.388384004754163,,
167,J153144.80+395542.2,232.93666666666664,39.92838888888889,7,5,2,53149.0,59742.23381486,4.228692931158058,18.051290389760446,BHM|main|sdss,53149|59354|59385|59386|59387|59387|59742,?|QSO|?|?|?|?|QSO,||||||,False,False,QSO,,0.7528587785111827,,
168,J155829.36+271714.2,239.6223333333333,27.287277777777778,15,15,0,52817.0,59387.0,5.201270110788457,17.987679671457904,BHM|sdss,52817|59296|59300|59301|59302|59304|59304|59328|59329|59329|59383|59384|59385|59387|59387,?|?|?|?|?|QSO|QSO|?|?|?|?|?|?|?|?,|||||BROADLINE|BROADLINE||||||||,False,False,?,,0.09049678,83.54285,59304.0
169,J160451.30+553223.5,241.21375,55.53986111111111,9,8,1,57897.0,60065.0,3.3450072771128916,5.935660506502396,BHM|OPEN_FIBER|eboss|sv3,57897|59328|59343|59343|59728|59731|59731|60065|60065,?|QSO|?|?|?|?|?|?|?,||||||||,False,False,?,,0.3131727808593122,,
170,J160541.37+335021.4,241.42237499999996,33.83927777777778,3,3,0,58251.0,59376.0,5.231386469446909,3.080082135523614,BHM|eboss,58251|59376|59376,?|?|?,||,False,False,?,,,,
171,J160730.23+560305.6,241.8759583333333,56.05155555555555,7,6,1,56430.0,59731.0,4.259449440015014,9.037645448323067,BHM|boss|eboss|sv3,56430|58253|59311|59343|59343|59728|59731,?|?|QSO|?|?|?|?,||||||,False,False,?,,0.7175703207568329,,
172,J160738.15+472349.1,241.90895833333332,47.396972222222225,5,5,0,57894.0,59381.0,5.217697215511249,4.071184120465435,BHM|eboss,57894|59379|59380|59381|59381,?|?|?|?|?,||||,False,False,?,,,,
173,J161003.12+543627.9,242.513,54.60775,13,12,1,56430.0,59731.0,4.259449440015014,9.037645448323067,BHM|boss|sv3,56430|56804|59318|59324|59324|59328|59343|59343|59344|59344|59728|59731|59731,?|?|?|?|?|GALAXY|?|?|?|?|?|?|?,||||||||||||,False,False,?,,0.2679146310195657,,
174,J161734.42+490211.9,244.39341666666667,49.03663888888889,3,3,0,57895.0,59383.0,5.212221513936985,4.073921971252567,BHM|eboss,57895|59383|59383,?|?|?,||,False,False,?,,,,
175,J161832.10+431129.6,244.63375,43.19155555555555,12,10,2,56076.0,59370.0,5.247813574169702,9.018480492813142,BHM|boss|sv3,56076|59310|59312|59312|59314|59339|59342|59342|59351|59351|59370|59370,?|?|GALAXY|GALAXY|GALAXY|GALAXY|?|?|?|?|?|?,|||||||||||,False,False,?,,0.505161709704431,5.28345,59312.0
176,J162829.18+432948.6,247.1215833333333,43.496833333333335,23,22,1,52057.0,60107.0,3.2300175440533434,22.039698836413415,BHM|sdss|sv3,52057|59310|59312|59312|59340|59342|59342|59351|59351|59370|59370|59708|59709|59709|59807|59817|59818|59818|60030|60031|60031|60107|60107,?|?|QSO|QSO|QSO|?|?|?|?|?|?|?|?|?|?|?|?|?|?|?|?|?|?,||STARBURST BROADLINE|STARBURST BROADLINE|||||||||||||||||||,False,True,?,,0.26003,18.03365,59312.0
177,J163110.02+384457.4,247.79174999999995,38.74927777777778,14,13,1,52790.0,59689.45586456,4.3731910839301475,18.88968066956878,BHM|main|sdss,52790|59312|59312|59340|59340|59348|59350|59350|59354|59354|59373|59374|59374|59689,?|QSO|QSO|?|?|?|?|?|?|?|?|?|?|QSO,|BROADLINE|BROADLINE|||||||||||,False,True,QSO,,0.5839306,4.497294,59312.0
178,J163345.19+441150.1,248.43829166666663,44.19725,11,10,1,56097.0,59710.41410211,4.31581055675697,9.8929886436961,BHM|boss|main,56097|59310|59312|59312|59342|59342|59351|59351|59370|59370|59710,?|?|QSO|QSO|?|?|?|?|?|?|QSO,||BROADLINE|BROADLINE|||||||,False,True,QSO,,0.7683272,5.992304,59312.0
179,J164348.61+390939.1,250.9525416666666,39.16086111111111,4,3,1,56090.0,59379.33467821,5.222256618084835,9.00570753787816,BHM|boss|main,56090|59374|59374|59379,?|?|?|QSO,|||,False,False,QSO,,0.6753136294684154,,
180,J164407.45+491912.0,251.03104166666665,49.32,3,3,0,57186.0,59376.0,5.231386469446909,5.9958932238193015,BHM|eboss,57186|59376|59376,?|?|?,||,False,False,?,,,,
181,J165234.96+393733.4,253.14566666666667,39.62594444444444,4,3,1,56074.0,59710.43297253,4.315758892362727,9.95601087619438,BHM|boss|main,56074|59374|59374|59710,?|?|?|QSO,|||,False,False,QSO,,0.6416684189020391,,
182,J165252.60+360057.4,253.21916666666667,36.01594444444444,16,15,1,52409.0,60119.0,3.197163334607758,21.1088295687885,BHM|main|sdss,52409|59314|59315|59315|59339|59339|59345|59347|59347|59352|59352|59375|59375|59405|60119|60119,?|?|QSO|QSO|?|?|?|?|?|?|?|?|?|QSO|?|?,||STARBURST BROADLINE|STARBURST BROADLINE||||||||||||,False,True,?,,0.2818328,59.53199,59315.0
183,J170643.86+412109.1,256.68275,41.35252777777778,4,3,1,58041.0,59379.36074665,5.222185246585846,3.664232023682419,BHM|eboss|main,58041|59370|59370|59379,?|?|?|QSO,|||,False,False,QSO,,1.758559559257044,,
184,J211834.39+005322.2,319.64329166666664,0.8895,5,4,1,55469.0,59734.46058844,4.249974865230617,11.678194629541412,BHM|boss|main,55469|59371|59372|59372|59734,?|?|?|?|QSO,||||,False,False,QSO,,0.45187368730826,,
185,J212928.91+000415.9,322.3704583333333,0.0710833333333333,8,7,1,52945.0,60109.0,3.2245418424790793,19.613963039014372,BHM|main|sdss,52945|59159|59159|59370|59370|59479|60109|60109,?|QSO|QSO|?|?|QSO|?|?,|STARBURST BROADLINE|STARBURST BROADLINE|||||,False,True,?,,0.1801767,36.56287,59159.0
186,J213517.46+002020.4,323.82275,0.3389999999999999,7,7,0,55452.0,59820.0,4.015780719960256,11.958932238193018,BHM|boss,55452|59373|59374|59375|59375|59820|59820,?|?|?|?|?|?|?,||||||,False,False,?,,,,
187,J220946.60-003822.8,332.4441666666666,-0.6396666666666666,9,8,1,52964.0,59845.0,3.947334450281954,18.83915126625599,BHM|boss|main|sdss,52964|55499|59383|59385|59386|59386|59524|59845|59845,?|?|?|?|?|?|QSO|?|?,||||||||,False,False,?,,0.08925026858422326,,
188,J221003.68-005054.7,332.51533333333333,-0.8485277777777778,10,9,1,52525.0,59845.0,3.947334450281954,20.041067761806982,BHM|OPEN_FIBER|boss|main|sdss,52525|52813|55481|59383|59385|59386|59386|59484|59845|59845,?|?|?|?|?|?|?|QSO|?|?,|||||||||,False,False,?,,0.388719917723002,,
189,J221026.83-001721.1,332.61179166666665,-0.2891944444444444,6,5,1,55481.0,59524.08320434,4.825956751883595,11.069358533442848,BHM|boss|main,55481|59383|59385|59386|59386|59524,?|?|?|?|?|QSO,|||||,False,False,QSO,,0.449584275420164,,
190,J221055.80-001702.4,332.73249999999996,-0.284,5,5,0,55499.0,59386.0,5.204007961575589,10.642026009582478,BHM|boss,55499|59383|59385|59386|59386,?|?|?|?|?,||||,False,False,?,,,,
191,J221301.55-004714.9,333.2564583333333,-0.7874722222222222,6,5,1,58038.0,59486.20691031,4.929656393307279,3.9649744293223828,BHM|eboss|main,58038|59383|59385|59386|59386|59486,?|?|?|?|?|QSO,|||||,False,False,QSO,,1.689830876595684,,
192,J222210.54+203340.7,335.54391666666663,20.561305555555556,4,3,1,56101.0,59523.11213183,4.828615403519464,9.369232393785076,BHM|boss|main,56101|59376|59376|59523,?|?|?|QSO,|||,False,False,QSO,,0.5696111407501245,,
193,J222306.32+194431.6,335.7763333333333,19.74211111111111,3,3,0,56956.0,59376.0,5.231386469446909,6.625598904859685,BHM|eboss,56956|59376|59376,?|?|?,||,False,False,?,,,,
194,J222515.86+212758.3,336.3160833333333,21.466194444444444,4,3,1,56960.0,59523.11213184,4.828615403492094,7.017418567665972,BHM|eboss|main,56960|59376|59376|59523,?|?|?|QSO,|||,False,False,QSO,,0.881876228725469,,
195,J225350.57+193842.6,343.4607083333333,19.645166666666665,12,11,1,56959.0,59896.0,3.807704060138217,8.041067761806982,BHM|eboss|main,56959|59166|59166|59195|59197|59197|59507|59826|59839|59839|59896|59896,?|QSO|QSO|?|QSO|QSO|QSO|?|?|?|?|?,|BROADLINE|BROADLINE||BROADLINE|BROADLINE||||||,False,True,?,,0.4338578,16.25418,59197.0
196,J232710.20+245645.9,351.79249999999996,24.946083333333338,3,3,0,56570.0,59188.0,5.746102417427744,7.167693360711842,BHM|boss,56570|59188|59188,?|QSO|QSO,|BROADLINE|BROADLINE,False,False,QSO,BROADLINE,0.6946113,7.823269,59188.0
197,J233650.69+004042.5,354.21120833333333,0.6784722222222221,15,15,0,55449.0,59872.0,3.8734124790293873,12.109514031485284,BHM|boss,55449|59159|59163|59164|59164|59198|59199|59200|59200|59793|59793|59820|59820|59872|59872,?|?|?|GALAXY|GALAXY|?|?|QSO|QSO|?|?|?|?|?|?,|||AGN BROADLINE|AGN BROADLINE|||AGN BROADLINE|AGN BROADLINE||||||,True,False,?,,0.1614628,27.24388,59200.0
198,J233830.25+002501.8,354.62604166666665,0.4171666666666667,13,13,0,52525.0,59872.0,3.8734124790293873,20.11498973305955,BHM|sdss,52525|52964|52993|59159|59163|59164|59164|59198|59199|59200|59200|59872|59872,?|?|?|?|?|GALAXY|GALAXY|?|?|GALAXY|GALAXY|?|?,|||||STARFORMING|STARFORMING|||STARBURST|STARBURST||,False,False,?,,0.46382115,9.51345,59200.0
199,J235042.15-010425.0,357.67562499999997,-1.073611111111111,11,10,1,55451.0,59878.0,3.8569853743065945,12.120465434633813,BHM|boss|main,55451|59165|59165|59191|59192|59192|59571|59827|59827|59878|59878,?|QSO|QSO|?|QSO|QSO|QSO|?|?|?|?,|STARBURST BROADLINE|STARBURST BROADLINE||STARBURST BROADLINE|STARBURST BROADLINE|||||,False,True,?,,0.3971207,6.235753,59192.0
200,J235214.78+005103.3,358.06158333333326,0.8509166666666667,9,9,0,56959.0,59192.0,5.735151014279216,6.113620807665982,BHM|eboss,56959|57338|57713|58081|59165|59165|59191|59192|59192,?|?|?|?|QSO|QSO|?|QSO|QSO,||||BROADLINE|BROADLINE||BROADLINE|BROADLINE,False,False,QSO,BROADLINE,0.60265995,3.747639,59192.0
201,J235439.15+005751.9,358.6631249999999,0.9644166666666666,14,13,1,51788.0,59898.0,3.8022283585639527,22.203969883641342,BHM|eboss|main|sdss,51788|52523|56959|57682|57713|59189|59190|59190|59485|59844|59844|59897|59898|59898,?|?|?|?|?|?|QSO|QSO|QSO|?|?|?|?|?,||||||STARFORMING BROADLINE|STARFORMING BROADLINE||||||,False,True,?,,0.3896565,38.69327,59190.0
202,J235720.13-005830.0,359.333875,-0.975,5,5,0,52203.0,59190.0,5.74062671585348,19.129363449691994,BHM|sdss,52203|52523|59189|59190|59190,?|?|?|QSO|QSO,|||STARBURST BROADLINE|STARBURST BROADLINE,False,False,QSO,STARBURST BROADLINE,0.3387956,15.09243,59190.0
203,J235720.19+004012.8,359.334125,0.6702222222222222,4,4,0,55477.0,59190.0,5.74062671585348,10.165639972621491,BHM|boss,55477|59189|59190|59190,?|?|QSO|QSO,||STARBURST BROADLINE|STARBURST BROADLINE,False,False,QSO,STARBURST BROADLINE,0.2203377,12.51728,59190.0
