rank,night,tier,name,ra,dec,z,r_mag,t_exp_min,exp_plan,prio_per_hour,priority_night,priority,M,P,trend,years_since_last_spec,n_spec,last_class,clagn_score,zeltyn_density_ratio,in_region_zeltyn,M_combined,fracflux_w1,n_ps1_8as,blend_flag,blend_kind,lines_in_ngps,spec_dir,reversal_candidate,notes,why,why_night,hrs_sep23,minX_sep23,moonsep_sep23,rank04,origin,sched_start
1,sep23,T1,P472,238.69283,36.121794,0.1532383,18.1749058,8.0,2 x 4 min,16.154,3.5,3.5,1.7333333333333334,1.7663415163688216,mixed (IR vs optical),5.201291774127306,2,QSO,0.26,0.75,False,0.6666666666666667,0.9935460090637208,0.0,False,clean,MgII+Hb+[OIII]+Ha+CaII_trip,,False,"DR16 QSO, SDSS spectrum 1417-53141-532","M 1.73 (W1 light curve near literature CLAGNs, kNN score 0.26) + P 1.77 (W1 flux now 0.49x its level at the last spectrum (unWISE to 2020)), x S 1.0 (last spectrum 5.2 yr ago), x B 1.00 (r = 18.2) = 3.50; = priority 3.5","M 1.73 (W1 light curve near literature CLAGNs, kNN score 0.26) + P 1.77 (W1 flux now 0.49x its level at the last spectrum (unWISE to 2020)), x S 1.0 (last spectrum 5.2 yr ago), x B 1.00 (r = 18.2) = 3.50; = priority 3.5; sep23: x1.0 for moon 115 deg = 3.5; 8 min on source + 5 overhead -> 16.154 per hour (ranking key)",1.5,1.38,115.0,2.0,04,20:15
2,sep23,T1,P3178,250.88297,30.809879,0.1840353,17.946003,8.0,2 x 4 min,16.214,3.513,3.513,1.7333333333333334,1.780080647325157,fading,5.201163270335393,2,QSO,0.26,0.75,False,0.6666666666666667,0.9345020055770874,0.0,False,clean,MgII+Hb+[OIII]+Ha+CaII_trip,,False,"DR16 QSO, SDSS spectrum 1342-52793-321","M 1.73 (W1 light curve near literature CLAGNs, kNN score 0.26) + P 1.78 (W1 flux in 2024 0.49x its level at the last spectrum (NEOWISE)), x S 1.0 (last spectrum 5.2 yr ago), x B 1.00 (r = 17.9) = 3.51; = priority 3.513","M 1.73 (W1 light curve near literature CLAGNs, kNN score 0.26) + P 1.78 (W1 flux in 2024 0.49x its level at the last spectrum (NEOWISE)), x S 1.0 (last spectrum 5.2 yr ago), x B 1.00 (r = 17.9) = 3.51; = priority 3.513; sep23: x1.0 for moon 107 deg = 3.513; 8 min on source + 5 overhead -> 16.214 per hour (ranking key)",2.1666666666666665,1.22,107.0,1.0,04,20:30
3,sep23,T1,P3274,248.1382,16.797734,0.3365069,17.59239385,8.0,2 x 4 min,12.194,2.642,2.642,1.866666666666667,0.775278153025627,fading,5.23386627359343,2,QSO,0.28,2.99,False,0.6666666666666667,0.9945020079612732,2.0,False,clean,MgII+Hb+[OIII]+Ha,,False,"DR16 QSO, SDSS spectrum 2207-53558-196","M 1.87 (W1 light curve near literature CLAGNs, kNN score 0.28) + P 0.78 (W1 flux in 2024 0.73x its level at the last spectrum (NEOWISE)), x S 1.0 (last spectrum 5.2 yr ago), x B 1.00 (r = 17.6) = 2.64; = priority 2.642","M 1.87 (W1 light curve near literature CLAGNs, kNN score 0.28) + P 0.78 (W1 flux in 2024 0.73x its level at the last spectrum (NEOWISE)), x S 1.0 (last spectrum 5.2 yr ago), x B 1.00 (r = 17.6) = 2.64; = priority 2.642; sep23: x1.0 for moon 111 deg = 2.642; 8 min on source + 5 overhead -> 12.194 per hour (ranking key)",1.5,1.36,111.0,11.0,04,20:45
4,sep23,T1,P2911,246.19908,34.391512,0.150636,17.9037533,8.0,2 x 4 min,13.768,2.983,2.983,1.7333333333333334,1.249719118973893,brightening,5.2830985231211445,2,QSO,0.26,0.75,False,0.4,0.997160017490387,0.0,False,clean,MgII+Hb+[OIII]+Ha+CaII_trip,,False,"DR16 QSO, SDSS spectrum 1058-52520-327","M 1.73 (W1 light curve near literature CLAGNs, kNN score 0.26) + P 1.25 (W1 flux now 1.66x its level at the last spectrum (unWISE to 2020)), x S 1.0 (last spectrum 5.3 yr ago), x B 1.00 (r = 17.9) = 2.98; = priority 2.983","M 1.73 (W1 light curve near literature CLAGNs, kNN score 0.26) + P 1.25 (W1 flux now 1.66x its level at the last spectrum (unWISE to 2020)), x S 1.0 (last spectrum 5.3 yr ago), x B 1.00 (r = 17.9) = 2.98; = priority 2.983; sep23: x1.0 for moon 110 deg = 2.983; 8 min on source + 5 overhead -> 13.768 per hour (ranking key)",2.0,1.27,110.0,3.0,04,21:00
5,sep23,T1,P803,234.05038,52.698492,0.5607508,17.5903158,8.0,2 x 4 min,13.066,2.831,2.831,2.0,0.8314596129563899,flat/unknown,8.457221081451062,2,?,0.16,8.21,True,0.8,0.9980520009994508,0.0,False,clean,MgII+Hb+[OIII]+Ha,,False,"DR16 QSO, SDSS spectrum 795-52378-528","M 2.00 (W1 light curve in the Zeltyn CL-AGN region, 8.2x enriched) + P 0.83 (W1 flux in 2024 0.71x its level at the last spectrum (NEOWISE)), x S 1.0 (last spectrum 8.5 yr ago), x B 1.00 (r = 17.6) = 2.83; = priority 2.831","M 2.00 (W1 light curve in the Zeltyn CL-AGN region, 8.2x enriched) + P 0.83 (W1 flux in 2024 0.71x its level at the last spectrum (NEOWISE)), x S 1.0 (last spectrum 8.5 yr ago), x B 1.00 (r = 17.6) = 2.83; = priority 2.831; sep23: x1.0 for moon 111 deg = 2.831; 8 min on source + 5 overhead -> 13.066 per hour (ranking key)",1.6666666666666667,1.42,111.0,6.0,04,21:15
6,sep23,T1,P3109,245.70844,43.005702,0.07842635,16.96884635,8.0,2 x 4 min,13.708,2.97,2.97,1.866666666666667,1.1037880486989746,flat/unknown,5.39506284314853,2,QSO,0.28,0.75,False,0.7699999999999999,0.7383859753608704,0.0,False,extended host,Hb+[OIII]+Ha+CaII_trip+[SIII]9531,,False,"DR16 QSO, SDSS spectrum 815-52374-166; extended host in the WISE beam (unWISE own-flux fraction 74%)","M 1.87 (W1 light curve near literature CLAGNs, kNN score 0.28) + P 1.10 (W1 flux in 2024 1.56x its level at the last spectrum (NEOWISE)), x S 1.0 (last spectrum 5.4 yr ago), x B 1.00 (r = 17.0) = 2.97; = priority 2.97","M 1.87 (W1 light curve near literature CLAGNs, kNN score 0.28) + P 1.10 (W1 flux in 2024 1.56x its level at the last spectrum (NEOWISE)), x S 1.0 (last spectrum 5.4 yr ago), x B 1.00 (r = 17.0) = 2.97; = priority 2.97; sep23: x1.0 for moon 108 deg = 2.97; 8 min on source + 5 overhead -> 13.708 per hour (ranking key)",2.1666666666666665,1.26,108.0,4.0,04,21:30
7,sep23,T1,P4529,258.34412,32.941116,0.1015794,17.0643873,8.0,2 x 4 min,13.468,2.918,2.918,1.3333333333333337,1.5843663036397255,brightening,4.321889771608487,3,QSO,0.2,1.12,False,0.5133333333333333,0.8871449828147888,1.0,False,minor neighbour,MgII+Hb+[OIII]+Ha+CaII_trip,,False,"DR16 QSO, SDSS spectrum 976-52413-619; minor neighbour within 8"" (< 15% of the W1 flux)","M 1.33 (W1 light curve near literature CLAGNs, kNN score 0.2) + P 1.58 (W1 flux in 2024 1.90x its level at the last spectrum (NEOWISE)), x S 1.0 (last spectrum 4.3 yr ago), x B 1.00 (r = 17.1) = 2.92; = priority 2.918","M 1.33 (W1 light curve near literature CLAGNs, kNN score 0.2) + P 1.58 (W1 flux in 2024 1.90x its level at the last spectrum (NEOWISE)), x S 1.0 (last spectrum 4.3 yr ago), x B 1.00 (r = 17.1) = 2.92; = priority 2.918; sep23: x1.0 for moon 100 deg = 2.918; 8 min on source + 5 overhead -> 13.468 per hour (ranking key)",2.6666666666666665,1.13,100.0,5.0,04,21:45
8,sep23,T1,P4612,258.30272,31.016448,0.2829811,18.35802745,9.0,2 x 4 min,12.724,2.969,2.969,1.6,1.3693639705135063,brightening,4.313593373442844,3,QSO,0.24,0.0,False,0.2666666666666666,0.9343289732933044,2.0,False,minor neighbour,MgII+Hb+[OIII]+Ha,,False,"DR16 QSO, SDSS spectrum 978-52441-428; minor neighbour within 8"" (< 15% of the W1 flux)","M 1.60 (W1 light curve near literature CLAGNs, kNN score 0.24) + P 1.37 (W1 flux in 2024 1.74x its level at the last spectrum (NEOWISE)), x S 1.0 (last spectrum 4.3 yr ago), x B 1.00 (r = 18.4) = 2.97; = priority 2.969","M 1.60 (W1 light curve near literature CLAGNs, kNN score 0.24) + P 1.37 (W1 flux in 2024 1.74x its level at the last spectrum (NEOWISE)), x S 1.0 (last spectrum 4.3 yr ago), x B 1.00 (r = 18.4) = 2.97; = priority 2.969; sep23: x1.0 for moon 100 deg = 2.969; 9 min on source + 5 overhead -> 12.724 per hour (ranking key)",2.6666666666666665,1.14,100.0,7.0,04,22:00
9,sep23,T1,P4572,256.95749,45.122277,0.2943701,18.400341,9.0,2 x 4 min,12.651,2.952,2.952,1.6,1.3516918515798402,mixed (IR vs optical),8.944558521560575,1,?,0.24,0.75,False,0.5333333333333333,0.8337910175323486,2.0,False,clean,MgII+Hb+[OIII]+Ha,,False,"DR16 QSO, SDSS spectrum 8535-58019-95","M 1.60 (W1 light curve near literature CLAGNs, kNN score 0.24) + P 1.35 (ZTF r brightened 0.60 mag since the last spectrum), x S 1.0 (last spectrum 8.9 yr ago), x B 1.00 (r = 18.4) = 2.95; = priority 2.952","M 1.60 (W1 light curve near literature CLAGNs, kNN score 0.24) + P 1.35 (ZTF r brightened 0.60 mag since the last spectrum), x S 1.0 (last spectrum 8.9 yr ago), x B 1.00 (r = 18.4) = 2.95; = priority 2.952; sep23: x1.0 for moon 99 deg = 2.952; 9 min on source + 5 overhead -> 12.651 per hour (ranking key)",3.0,1.15,99.0,8.0,04,22:15
10,sep23,T1,P4675,258.70212,33.460635,0.1853971,17.9309044,8.0,2 x 4 min,11.686,2.532,2.532,1.6,0.9324647397609708,fading,4.316338450896637,3,QSO,0.24,0.75,False,0.8,0.9467300176620485,2.0,False,minor neighbour,MgII+Hb+[OIII]+Ha+CaII_trip,,False,"DR16 QSO, SDSS spectrum 2973-54591-190; minor neighbour within 8"" (< 15% of the W1 flux)","M 1.60 (W1 light curve near literature CLAGNs, kNN score 0.24) + P 0.93 (W1 flux now 0.69x its level at the last spectrum (unWISE to 2020)), x S 1.0 (last spectrum 4.3 yr ago), x B 1.00 (r = 17.9) = 2.53; = priority 2.532","M 1.60 (W1 light curve near literature CLAGNs, kNN score 0.24) + P 0.93 (W1 flux now 0.69x its level at the last spectrum (unWISE to 2020)), x S 1.0 (last spectrum 4.3 yr ago), x B 1.00 (r = 17.9) = 2.53; = priority 2.532; sep23: x1.0 for moon 100 deg = 2.532; 8 min on source + 5 overhead -> 11.686 per hour (ranking key)",2.8333333333333335,1.13,100.0,15.0,04,22:30
11,sep23,T1,P4872,266.13747,53.855465,0.2154252,18.2621431,8.0,2 x 4 min,10.454,2.265,2.265,1.3333333333333337,0.9313352683118822,fading,3.5564681724845997,8,?,0.2,0.37,False,0.8,0.9983530044555664,1.0,False,clean,MgII+Hb+[OIII]+Ha,,False,"DR16 QSO, SDSS spectrum 362-51999-9","M 1.33 (W1 light curve near literature CLAGNs, kNN score 0.2) + P 0.93 (W1 faded 0.41 mag from 2014 to 2024 (NEOWISE)), x S 1.0 (last spectrum 3.6 yr ago), x B 1.00 (r = 18.3) = 2.26; = priority 2.265","M 1.33 (W1 light curve near literature CLAGNs, kNN score 0.2) + P 0.93 (W1 faded 0.41 mag from 2014 to 2024 (NEOWISE)), x S 1.0 (last spectrum 3.6 yr ago), x B 1.00 (r = 18.3) = 2.26; = priority 2.265; sep23: x1.0 for moon 92 deg = 2.265; 8 min on source + 5 overhead -> 10.454 per hour (ranking key)",3.8333333333333335,1.13,92.0,0.0,04,22:45
12,sep23,T1,P6406,340.63265,24.158411,0.2180865,17.44669245,8.0,2 x 4 min,6.462,1.4,3.501,1.6,1.400734755088754,fading,4.826468453661866,3,QSO,0.24,2.61,False,1.2833333333333334,0.998652994632721,0.0,False,clean,MgII+Hb+[OIII]+Ha,,False,"DR16 QSO, SDSS spectrum 7653-57306-32; also in the CLAGN region of the ZTF+W1 manifold","M 1.60 (W1 light curve near literature CLAGNs, kNN score 0.24) + P 1.40 (W1 flux now 0.57x its level at the last spectrum (unWISE to 2020)), x S 1.0 (last spectrum 4.8 yr ago), x B 1.00 (r = 17.4) = 3.00; +0.5 the ZTF+W1 manifold agrees; = priority 3.501","M 1.60 (W1 light curve near literature CLAGNs, kNN score 0.24) + P 1.40 (W1 flux now 0.57x its level at the last spectrum (unWISE to 2020)), x S 1.0 (last spectrum 4.8 yr ago), x B 1.00 (r = 17.4) = 3.00; +0.5 the ZTF+W1 manifold agrees; = priority 3.501; sep23: x0.4 for moon 31 deg = 1.4; 8 min on source + 5 overhead -> 6.462 per hour (ranking key)",4.666666666666667,1.01,31.0,0.0,04,23:00
13,sep23,T4,P5383,326.05408,24.955902,0.7514735,17.02524185,8.0,2 x 4 min,2.912,0.631,0.902,0.0,0.0976766257010004,flat/unknown,10.921286789869953,1,QSO,0.0,0.0,False,0.5333333333333333,0.973757028579712,1.0,False,clean,MgII+Hb+[OIII],,False,"DR16 QSO, SDSS spectrum 7639-57297-526","control: bright and photometrically quiet, off the CLAGN regions; B x S x (1 - P) = 0.90; = priority 0.902",,4.666666666666667,1.01,41.0,,pick-other-night,23:15
14,sep23,T1,P4869,262.71968,60.421331,0.7295793,17.90366555,9.0,2 x 4 min,8.181,1.909,1.909,1.6,0.3089389390520553,flat/unknown,25.99315537303217,1,QSO,0.24,2.61,False,0.8,0.989800989627838,1.0,False,clean,MgII+Hb+[OIII],,False,"DR16 QSO, SDSS spectrum 354-51792-113","M 1.60 (W1 light curve near literature CLAGNs, kNN score 0.24) + P 0.31 (W1 flux now 0.88x its level at the last spectrum (unWISE to 2020)), x S 1.0 (last spectrum 26.0 yr ago), x B 1.00 (r = 17.9) = 1.91; = priority 1.909","M 1.60 (W1 light curve near literature CLAGNs, kNN score 0.24) + P 0.31 (W1 flux now 0.88x its level at the last spectrum (unWISE to 2020)), x S 1.0 (last spectrum 26.0 yr ago), x B 1.00 (r = 17.9) = 1.91; = priority 1.909; sep23: x1.0 for moon 94 deg = 1.909; 9 min on source + 5 overhead -> 8.181 per hour (ranking key)",3.8333333333333335,1.2,94.0,0.0,04,23:30
15,sep23,T1,P5716,330.60675,28.472565,0.6319695,17.79760265,12.0,2 x 6 min,6.494,1.84,2.628,2.0,0.6280834187517985,flat/unknown,10.173853524982889,1,QSO,0.12,7.46,True,0.9333333333333336,0.983667016029358,0.0,False,clean,MgII+Hb+[OIII],,False,"DR16 QSO, SDSS spectrum 7646-57570-530","M 2.00 (W1 light curve in the Zeltyn CL-AGN region, 7.5x enriched) + P 0.63 (W1 faded 0.28 mag from 2014 to 2024 (NEOWISE)), x S 1.0 (last spectrum 10.2 yr ago), x B 1.00 (r = 17.8) = 2.63; = priority 2.628","M 2.00 (W1 light curve in the Zeltyn CL-AGN region, 7.5x enriched) + P 0.63 (W1 faded 0.28 mag from 2014 to 2024 (NEOWISE)), x S 1.0 (last spectrum 10.2 yr ago), x B 1.00 (r = 17.8) = 2.63; = priority 2.628; sep23: x0.7 for moon 40 deg = 1.84; 12 min on source + 5 overhead -> 6.494 per hour (ranking key)",4.666666666666667,1.0,40.0,0.0,04,23:45
16,sep23,T1,P5450,329.0233,26.970989,0.3935011,17.8178368,8.0,2 x 4 min,6.263,1.357,1.939,1.3333333333333337,0.1059721987634255,flat/unknown,4.725204065023974,2,QSO,0.2,1.49,False,1.0666666666666669,0.950756013393402,1.0,False,clean,MgII+Hb+[OIII]+Ha,,False,"DR16 QSO, SDSS spectrum 7645-57573-421; also in the CLAGN region of the ZTF+W1 manifold","M 1.33 (W1 light curve near literature CLAGNs, kNN score 0.2) + P 0.11 (W1 flux now 1.04x its level at the last spectrum (unWISE to 2020)), x S 1.0 (last spectrum 4.7 yr ago), x B 1.00 (r = 17.8) = 1.44; +0.5 the ZTF+W1 manifold agrees; = priority 1.939","M 1.33 (W1 light curve near literature CLAGNs, kNN score 0.2) + P 0.11 (W1 flux now 1.04x its level at the last spectrum (unWISE to 2020)), x S 1.0 (last spectrum 4.7 yr ago), x B 1.00 (r = 17.8) = 1.44; +0.5 the ZTF+W1 manifold agrees; = priority 1.939; sep23: x0.7 for moon 40 deg = 1.357; 8 min on source + 5 overhead -> 6.263 per hour (ranking key)",4.666666666666667,1.01,40.0,0.0,04,00:05
0,sep23,T1,P458,236.85142,51.629733,0.1406166,18.46918965,10.0,2 x 5 min,12.404,3.101,3.101,1.7333333333333334,1.3675166999857766,brightening,25.28952772073922,1,QSO,0.26,0.75,False,0.5333333333333333,0.9442870020866394,1.0,False,minor neighbour,MgII+Hb+[OIII]+Ha+CaII_trip,,False,"DR16 QSO, SDSS spectrum 618-52049-221; minor neighbour within 8"" (< 15% of the W1 flux)","M 1.73 (W1 light curve near literature CLAGNs, kNN score 0.26) + P 1.37 (W1 flux in 2024 1.74x its level at the last spectrum (NEOWISE)), x S 1.0 (last spectrum 25.3 yr ago), x B 1.00 (r = 18.5) = 3.10; = priority 3.101","M 1.73 (W1 light curve near literature CLAGNs, kNN score 0.26) + P 1.37 (W1 flux in 2024 1.74x its level at the last spectrum (NEOWISE)), x S 1.0 (last spectrum 25.3 yr ago), x B 1.00 (r = 18.5) = 3.10; = priority 3.101; sep23: x1.0 for moon 110 deg = 3.101; 10 min on source + 5 overhead -> 12.404 per hour (ranking key)",1.8333333333333333,1.38,110.0,9.0,04,
0,sep23,T1,P410,238.3511,49.124153,0.2582522,17.83444785,8.0,2 x 4 min,12.235,2.651,2.651,2.0,0.6507989131008602,flat/unknown,9.286789869952088,2,?,0.3,4.48,False,0.9333333333333336,0.975721001625061,1.0,False,clean,MgII+Hb+[OIII]+Ha,,False,"DR16 QSO, SDSS spectrum 8437-57894-681","M 2.00 (W1 light curve near literature CLAGNs, kNN score 0.3) + P 0.65 (W1 faded 0.29 mag from 2014 to 2024 (NEOWISE)), x S 1.0 (last spectrum 9.3 yr ago), x B 1.00 (r = 17.8) = 2.65; = priority 2.651","M 2.00 (W1 light curve near literature CLAGNs, kNN score 0.3) + P 0.65 (W1 faded 0.29 mag from 2014 to 2024 (NEOWISE)), x S 1.0 (last spectrum 9.3 yr ago), x B 1.00 (r = 17.8) = 2.65; = priority 2.651; sep23: x1.0 for moon 110 deg = 2.651; 8 min on source + 5 overhead -> 12.235 per hour (ranking key)",1.8333333333333333,1.35,110.0,10.0,04,
0,sep23,T1,P2714,241.49977,39.195102,0.3911731,17.64846325,8.0,2 x 4 min,11.889,2.576,2.576,1.4666666666666668,0.6098126291408448,flat/unknown,5.283060031567382,2,QSO,0.22,2.24,False,1.4666666666666668,0.891202986240387,0.0,False,clean,MgII+Hb+[OIII]+Ha,,False,"DR16 QSO, SDSS spectrum 10732-58253-384; also in the CLAGN region of the ZTF+W1 manifold","M 1.47 (W1 light curve near literature CLAGNs, kNN score 0.22) + P 0.61 (W1 flux in 2024 1.28x its level at the last spectrum (NEOWISE)), x S 1.0 (last spectrum 5.3 yr ago), x B 1.00 (r = 17.6) = 2.08; +0.5 the ZTF+W1 manifold agrees; = priority 2.576","M 1.47 (W1 light curve near literature CLAGNs, kNN score 0.22) + P 0.61 (W1 flux in 2024 1.28x its level at the last spectrum (NEOWISE)), x S 1.0 (last spectrum 5.3 yr ago), x B 1.00 (r = 17.6) = 2.08; +0.5 the ZTF+W1 manifold agrees; = priority 2.576; sep23: x1.0 for moon 112 deg = 2.576; 8 min on source + 5 overhead -> 11.889 per hour (ranking key)",1.8333333333333333,1.32,112.0,12.0,04,
0,sep23,T1,P2879,247.07134,20.063539,0.5701357,17.6289845,8.0,2 x 4 min,11.862,2.57,2.57,2.0,0.5703641200097788,flat/unknown,5.2283949908829666,2,QSO,0.1,7.09,True,0.7699999999999999,0.9786490201950072,1.0,False,clean,MgII+Hb+[OIII]+Ha,,False,"DR16 QSO, SDSS spectrum 1854-53566-151","M 2.00 (W1 light curve in the Zeltyn CL-AGN region, 7.1x enriched) + P 0.57 (W1 flux in 2024 0.79x its level at the last spectrum (NEOWISE)), x S 1.0 (last spectrum 5.2 yr ago), x B 1.00 (r = 17.6) = 2.57; = priority 2.57","M 2.00 (W1 light curve in the Zeltyn CL-AGN region, 7.1x enriched) + P 0.57 (W1 flux in 2024 0.79x its level at the last spectrum (NEOWISE)), x S 1.0 (last spectrum 5.2 yr ago), x B 1.00 (r = 17.6) = 2.57; = priority 2.57; sep23: x1.0 for moon 112 deg = 2.57; 8 min on source + 5 overhead -> 11.862 per hour (ranking key)",1.5,1.35,112.0,13.0,04,
0,sep23,T1,P2716,243.25681,37.287468,0.06949385,16.42047,8.0,2 x 4 min,11.843,2.566,2.566,1.0666666666666669,1.4993955451780352,fading,23.33196440793977,1,QSO,0.16,0.37,False,,0.9016100168228148,1.0,False,clean,Hb+[OIII]+Ha+CaII_trip+[SIII]9531,,False,"DR16 QSO, SDSS spectrum 1056-52764-444","M 1.07 (W1 light curve near literature CLAGNs, kNN score 0.16) + P 1.50 (W1 flux now 0.54x its level at the last spectrum (unWISE to 2020)), x S 1.0 (last spectrum 23.3 yr ago), x B 1.00 (r = 16.4) = 2.57; = priority 2.566","M 1.07 (W1 light curve near literature CLAGNs, kNN score 0.16) + P 1.50 (W1 flux now 0.54x its level at the last spectrum (unWISE to 2020)), x S 1.0 (last spectrum 23.3 yr ago), x B 1.00 (r = 16.4) = 2.57; = priority 2.566; sep23: x1.0 for moon 111 deg = 2.566; 8 min on source + 5 overhead -> 11.843 per hour (ranking key)",1.8333333333333333,1.3,111.0,14.0,04,
0,sep23,T1,P3718,248.80749,32.896418,0.1603506,18.2781792,8.0,2 x 4 min,11.317,2.452,2.452,2.0,1.2319749637766415,flat/unknown,24.0,1,QSO,0.3,0.37,False,0.6666666666666667,0.7586449980735779,1.0,True,neighbour,MgII+Hb+[OIII]+Ha+CaII_trip,,False,"DR16 QSO, SDSS spectrum 1058-52520-10; W1 NEIGHBOUR BLEND: ~24% of the WISE flux from a neighbour within 8""","M 2.00 (W1 light curve near literature CLAGNs, kNN score 0.3) + P 1.23 (W1 flux in 2024 1.65x its level at the last spectrum (NEOWISE)), x S 1.0 (last spectrum 24.0 yr ago), x B 1.00 (r = 18.3) = 3.23; x0.76 W1 neighbour blend, change not confirmed by ZTF or spectra; = priority 2.452","M 2.00 (W1 light curve near literature CLAGNs, kNN score 0.3) + P 1.23 (W1 flux in 2024 1.65x its level at the last spectrum (NEOWISE)), x S 1.0 (last spectrum 24.0 yr ago), x B 1.00 (r = 18.3) = 3.23; x0.76 W1 neighbour blend, change not confirmed by ZTF or spectra; = priority 2.452; sep23: x1.0 for moon 108 deg = 2.452; 8 min on source + 5 overhead -> 11.317 per hour (ranking key)",2.0,1.24,108.0,0.0,04,
0,sep23,T1,P3800,247.81469,23.882636,0.05918172,17.254528,8.0,2 x 4 min,11.257,2.439,2.439,1.6,0.8389419166686318,fading,22.20123203285421,2,QSO,0.24,0.75,False,0.8,0.8638290166854858,1.0,False,clean,Hb+[OIII]+Ha+CaII_trip+[SIII]9531,,False,"DR16 QSO, SDSS spectrum 1572-53177-478","M 1.60 (W1 light curve near literature CLAGNs, kNN score 0.24) + P 0.84 (W1 flux now 0.71x its level at the last spectrum (unWISE to 2020)), x S 1.0 (last spectrum 22.2 yr ago), x B 1.00 (r = 17.3) = 2.44; = priority 2.439","M 1.60 (W1 light curve near literature CLAGNs, kNN score 0.24) + P 0.84 (W1 flux now 0.71x its level at the last spectrum (unWISE to 2020)), x S 1.0 (last spectrum 22.2 yr ago), x B 1.00 (r = 17.3) = 2.44; = priority 2.439; sep23: x1.0 for moon 110 deg = 2.439; 8 min on source + 5 overhead -> 11.257 per hour (ranking key)",1.6666666666666667,1.3,110.0,0.0,04,
0,sep23,T1,P1655,244.68191,55.518957,0.08299189,18.2522974,8.0,2 x 4 min,11.252,2.438,2.438,1.6,0.3384608658011453,flat/unknown,5.319644079397673,5,?,0.24,1.87,False,0.8,0.7582799792289734,1.0,True,neighbour,Hb+[OIII]+Ha+CaII_trip+[SIII]9531,,False,"DR16 QSO, SDSS spectrum 8065-58248-867; W1 NEIGHBOUR BLEND: ~24% of the WISE flux from a neighbour within 8""","M 1.60 (W1 light curve near literature CLAGNs, kNN score 0.24) + P 0.34 (W1 faded 0.15 mag from 2014 to 2024 (NEOWISE)), x S 1.0 (last spectrum 5.3 yr ago), x B 1.00 (r = 18.3) = 1.94; +0.5 class change between spectra; = priority 2.438","M 1.60 (W1 light curve near literature CLAGNs, kNN score 0.24) + P 0.34 (W1 faded 0.15 mag from 2014 to 2024 (NEOWISE)), x S 1.0 (last spectrum 5.3 yr ago), x B 1.00 (r = 18.3) = 1.94; +0.5 class change between spectra; = priority 2.438; sep23: x1.0 for moon 104 deg = 2.438; 8 min on source + 5 overhead -> 11.252 per hour (ranking key)",2.5,1.29,104.0,0.0,04,
0,sep23,T1,P2921,242.80262,46.081982,0.5146181,18.161232,8.0,2 x 4 min,11.183,2.423,2.423,2.0,0.4231509052971753,flat/unknown,24.210814510609172,3,QSO,0.1,6.72,True,0.6666666666666667,0.9964839816093444,0.0,False,clean,MgII+Hb+[OIII]+Ha,,False,"DR16 QSO, SDSS spectrum 814-52443-376","M 2.00 (W1 light curve in the Zeltyn CL-AGN region, 6.7x enriched) + P 0.42 (W1 flux now 0.84x its level at the last spectrum (unWISE to 2020)), x S 1.0 (last spectrum 24.2 yr ago), x B 1.00 (r = 18.2) = 2.42; = priority 2.423","M 2.00 (W1 light curve in the Zeltyn CL-AGN region, 6.7x enriched) + P 0.42 (W1 flux now 0.84x its level at the last spectrum (unWISE to 2020)), x S 1.0 (last spectrum 24.2 yr ago), x B 1.00 (r = 18.2) = 2.42; = priority 2.423; sep23: x1.0 for moon 109 deg = 2.423; 8 min on source + 5 overhead -> 11.183 per hour (ranking key)",2.1666666666666665,1.29,109.0,0.0,04,
0,sep23,T1,P2258,243.64108,54.680615,0.2330399,18.41047665,9.0,2 x 4 min,11.177,2.608,2.608,1.3333333333333337,1.2743392329828434,fading,5.3786126701163655,2,QSO,0.2,1.12,False,0.7699999999999999,0.9539330005645752,1.0,False,clean,MgII+Hb+[OIII]+Ha,,False,"DR16 QSO, SDSS spectrum 7565-56809-107","M 1.33 (W1 light curve near literature CLAGNs, kNN score 0.2) + P 1.27 (W1 faded 0.56 mag from 2014 to 2024 (NEOWISE)), x S 1.0 (last spectrum 5.4 yr ago), x B 1.00 (r = 18.4) = 2.61; = priority 2.608","M 1.33 (W1 light curve near literature CLAGNs, kNN score 0.2) + P 1.27 (W1 faded 0.56 mag from 2014 to 2024 (NEOWISE)), x S 1.0 (last spectrum 5.4 yr ago), x B 1.00 (r = 18.4) = 2.61; = priority 2.608; sep23: x1.0 for moon 105 deg = 2.608; 9 min on source + 5 overhead -> 11.177 per hour (ranking key)",2.5,1.3,105.0,0.0,04,
0,sep23,T1,P4311,260.28955,35.704475,0.2833574,18.45043465,10.0,2 x 5 min,11.112,2.778,2.778,1.4666666666666668,1.3114890972457676,mixed (IR vs optical),15.186858316221766,1,QSO,0.22,0.75,False,0.5133333333333333,0.9886369705200196,1.0,False,clean,MgII+Hb+[OIII]+Ha,,False,"DR16 QSO, SDSS spectrum 4994-55739-945","M 1.47 (W1 light curve near literature CLAGNs, kNN score 0.22) + P 1.31 (W1 flux now 1.70x its level at the last spectrum (unWISE to 2020)), x S 1.0 (last spectrum 15.2 yr ago), x B 1.00 (r = 18.5) = 2.78; = priority 2.778","M 1.47 (W1 light curve near literature CLAGNs, kNN score 0.22) + P 1.31 (W1 flux now 1.70x its level at the last spectrum (unWISE to 2020)), x S 1.0 (last spectrum 15.2 yr ago), x B 1.00 (r = 18.5) = 2.78; = priority 2.778; sep23: x1.0 for moon 98 deg = 2.778; 10 min on source + 5 overhead -> 11.112 per hour (ranking key)",3.0,1.12,98.0,0.0,04,
0,sep23,T1,P3456,249.02548,17.448148,0.3548788,18.4380226,10.0,2 x 5 min,10.948,2.737,2.737,2.0,0.7367388814889578,mixed (IR vs optical),5.233866273401774,2,QSO,0.32,2.99,False,0.9333333333333336,0.9800750017166138,0.0,False,clean,MgII+Hb+[OIII]+Ha,,False,"DR16 QSO, SDSS spectrum 2207-53558-583","M 2.00 (W1 light curve near literature CLAGNs, kNN score 0.32) + P 0.74 (W1 flux now 0.74x its level at the last spectrum (unWISE to 2020)), x S 1.0 (last spectrum 5.2 yr ago), x B 1.00 (r = 18.4) = 2.74; = priority 2.737","M 2.00 (W1 light curve near literature CLAGNs, kNN score 0.32) + P 0.74 (W1 flux now 0.74x its level at the last spectrum (unWISE to 2020)), x S 1.0 (last spectrum 5.2 yr ago), x B 1.00 (r = 18.4) = 2.74; = priority 2.737; sep23: x1.0 for moon 110 deg = 2.737; 10 min on source + 5 overhead -> 10.948 per hour (ranking key)",1.5,1.34,110.0,0.0,04,
0,sep23,T1,P1060,236.39404,57.606991,0.2682295,18.2792778,8.0,2 x 4 min,10.929,2.368,2.368,1.6,0.7678733774415979,fading,8.37782340862423,3,?,0.24,0.75,False,0.6666666666666667,0.9244790077209472,0.0,False,clean,MgII+Hb+[OIII]+Ha,,False,"DR16 QSO, SDSS spectrum 6791-56429-960","M 1.60 (W1 light curve near literature CLAGNs, kNN score 0.24) + P 0.77 (W1 flux now 0.73x its level at the last spectrum (unWISE to 2020)), x S 1.0 (last spectrum 8.4 yr ago), x B 1.00 (r = 18.3) = 2.37; = priority 2.368","M 1.60 (W1 light curve near literature CLAGNs, kNN score 0.24) + P 0.77 (W1 flux now 0.73x its level at the last spectrum (unWISE to 2020)), x S 1.0 (last spectrum 8.4 yr ago), x B 1.00 (r = 18.3) = 2.37; = priority 2.368; sep23: x1.0 for moon 107 deg = 2.368; 8 min on source + 5 overhead -> 10.929 per hour (ranking key)",2.0,1.4,107.0,0.0,04,
0,sep23,T1,P4107,252.28994,36.223857,0.03097322,15.8555269,8.0,2 x 4 min,10.915,2.365,2.365,2.0,1.301177345306206,flat/unknown,14.39835728952772,10,?,0.3,0.75,False,0.6416666666666667,0.7164199948310852,2.0,True,neighbour,Hb+[OIII]+Ha+CaII_trip+[SIII]9531,,False,"DR16 QSO, SDSS spectrum 819-52409-472; W1 NEIGHBOUR BLEND: ~28% of the WISE flux from a neighbour within 8""","M 2.00 (W1 light curve near literature CLAGNs, kNN score 0.3) + P 1.30 (W1 flux in 2024 1.69x its level at the last spectrum (NEOWISE)), x S 1.0 (last spectrum 14.4 yr ago), x B 1.00 (r = 15.9) = 3.30; x0.72 W1 neighbour blend, change not confirmed by ZTF or spectra; = priority 2.365","M 2.00 (W1 light curve near literature CLAGNs, kNN score 0.3) + P 1.30 (W1 flux in 2024 1.69x its level at the last spectrum (NEOWISE)), x S 1.0 (last spectrum 14.4 yr ago), x B 1.00 (r = 15.9) = 3.30; x0.72 W1 neighbour blend, change not confirmed by ZTF or spectra; = priority 2.365; sep23: x1.0 for moon 104 deg = 2.365; 8 min on source + 5 overhead -> 10.915 per hour (ranking key)",2.3333333333333335,1.19,104.0,0.0,04,
0,sep23,T1,P4581,257.01756,38.05701,0.3115318,17.998597150000002,8.0,2 x 4 min,10.731,2.325,2.325,2.0,0.3245580585540089,flat/unknown,5.225530205530468,3,QSO,0.14,7.09,True,0.8,0.9940059781074524,0.0,False,clean,MgII+Hb+[OIII]+Ha,,False,"DR16 QSO, SDSS spectrum 10761-58283-44","M 2.00 (W1 light curve in the Zeltyn CL-AGN region, 7.1x enriched) + P 0.32 (W1 flux in 2024 1.14x its level at the last spectrum (NEOWISE)), x S 1.0 (last spectrum 5.2 yr ago), x B 1.00 (r = 18.0) = 2.32; = priority 2.325","M 2.00 (W1 light curve in the Zeltyn CL-AGN region, 7.1x enriched) + P 0.32 (W1 flux in 2024 1.14x its level at the last spectrum (NEOWISE)), x S 1.0 (last spectrum 5.2 yr ago), x B 1.00 (r = 18.0) = 2.32; = priority 2.325; sep23: x1.0 for moon 100 deg = 2.325; 8 min on source + 5 overhead -> 10.731 per hour (ranking key)",2.8333333333333335,1.14,100.0,0.0,04,
0,sep23,T1,P190,236.16862,46.898054,0.2042301,18.1481457,8.0,2 x 4 min,10.518,2.279,2.279,2.0,0.2791341432479354,brightening,23.42231348391513,1,QSO,0.3,1.12,False,0.5333333333333333,0.9169459939002992,1.0,False,clean,MgII+Hb+[OIII]+Ha+CaII_trip,,False,"DR16 QSO, SDSS spectrum 1168-52731-431","M 2.00 (W1 light curve near literature CLAGNs, kNN score 0.3) + P 0.28 (W1 flux now 0.89x its level at the last spectrum (unWISE to 2020)), x S 1.0 (last spectrum 23.4 yr ago), x B 1.00 (r = 18.1) = 2.28; = priority 2.279","M 2.00 (W1 light curve near literature CLAGNs, kNN score 0.3) + P 0.28 (W1 flux now 0.89x its level at the last spectrum (unWISE to 2020)), x S 1.0 (last spectrum 23.4 yr ago), x B 1.00 (r = 18.1) = 2.28; = priority 2.279; sep23: x1.0 for moon 112 deg = 2.279; 8 min on source + 5 overhead -> 10.518 per hour (ranking key)",1.6666666666666667,1.39,112.0,0.0,04,
0,sep23,T1,P1455,233.60502,58.276343,0.1370164,17.954430549999998,8.0,2 x 4 min,10.435,2.261,2.261,1.6,0.6612055140668442,brightening,8.37782340862423,1,?,0.24,0.75,False,0.6416666666666667,0.9977989792823792,0.0,False,clean,MgII+Hb+[OIII]+Ha+CaII_trip,,False,"DR16 QSO, SDSS spectrum 8425-58226-582","M 1.60 (W1 light curve near literature CLAGNs, kNN score 0.24) + P 0.66 (W1 flux in 2024 1.31x its level at the last spectrum (NEOWISE)), x S 1.0 (last spectrum 8.4 yr ago), x B 1.00 (r = 18.0) = 2.26; = priority 2.261","M 1.60 (W1 light curve near literature CLAGNs, kNN score 0.24) + P 0.66 (W1 flux in 2024 1.31x its level at the last spectrum (NEOWISE)), x S 1.0 (last spectrum 8.4 yr ago), x B 1.00 (r = 18.0) = 2.26; = priority 2.261; sep23: x1.0 for moon 108 deg = 2.261; 8 min on source + 5 overhead -> 10.435 per hour (ranking key)",1.8333333333333333,1.44,108.0,0.0,04,
0,sep23,T1,P4035,254.32671,34.276947,0.1000162,18.2223053,8.0,2 x 4 min,10.426,2.259,2.259,1.4666666666666668,0.7923524983560843,brightening,5.302213607556472,4,QSO,0.22,1.49,False,0.6666666666666667,0.982366979122162,0.0,False,clean,MgII+Hb+[OIII]+Ha+CaII_trip,,False,"DR16 QSO, SDSS spectrum 972-52435-433","M 1.47 (W1 light curve near literature CLAGNs, kNN score 0.22) + P 0.79 (W1 flux now 1.38x its level at the last spectrum (unWISE to 2020)), x S 1.0 (last spectrum 5.3 yr ago), x B 1.00 (r = 18.2) = 2.26; = priority 2.259","M 1.47 (W1 light curve near literature CLAGNs, kNN score 0.22) + P 0.79 (W1 flux now 1.38x its level at the last spectrum (unWISE to 2020)), x S 1.0 (last spectrum 5.3 yr ago), x B 1.00 (r = 18.2) = 2.26; = priority 2.259; sep23: x1.0 for moon 103 deg = 2.259; 8 min on source + 5 overhead -> 10.426 per hour (ranking key)",2.5,1.17,103.0,0.0,04,
0,sep23,T1,P3,239.54684,40.186957,0.2979431,18.2336464,8.0,2 x 4 min,10.098,2.188,2.188,1.6166666666666665,0.5712104083950825,flat/unknown,8.229979466119097,2,?,0.1,4.85,True,0.8,0.9104819893836976,0.0,False,clean,MgII+Hb+[OIII]+Ha,,False,"DR16 QSO, SDSS spectrum 10734-58280-806","M 1.62 (W1 light curve in the Zeltyn CL-AGN region, 4.8x enriched) + P 0.57 (ZTF r faded 0.25 mag since the last spectrum), x S 1.0 (last spectrum 8.2 yr ago), x B 1.00 (r = 18.2) = 2.19; = priority 2.188","M 1.62 (W1 light curve in the Zeltyn CL-AGN region, 4.8x enriched) + P 0.57 (ZTF r faded 0.25 mag since the last spectrum), x S 1.0 (last spectrum 8.2 yr ago), x B 1.00 (r = 18.2) = 2.19; = priority 2.188; sep23: x1.0 for moon 113 deg = 2.188; 8 min on source + 5 overhead -> 10.098 per hour (ranking key)",1.6666666666666667,1.35,113.0,0.0,04,
0,sep23,T1,P3368,250.2999,26.32565,0.2427284,17.9683094,8.0,2 x 4 min,9.794,2.122,2.122,1.74,0.3823665949161118,flat/unknown,3.1950718685831623,3,?,0.1,5.22,True,0.6666666666666667,0.9903209805488586,2.0,False,clean,MgII+Hb+[OIII]+Ha,,False,"DR16 QSO, SDSS spectrum 1423-53167-373","M 1.74 (W1 light curve in the Zeltyn CL-AGN region, 5.2x enriched) + P 0.38 (W1 flux in 2024 0.86x its level at the last spectrum (NEOWISE)), x S 1.0 (last spectrum 3.2 yr ago), x B 1.00 (r = 18.0) = 2.12; = priority 2.122","M 1.74 (W1 light curve in the Zeltyn CL-AGN region, 5.2x enriched) + P 0.38 (W1 flux in 2024 0.86x its level at the last spectrum (NEOWISE)), x S 1.0 (last spectrum 3.2 yr ago), x B 1.00 (r = 18.0) = 2.12; = priority 2.122; sep23: x1.0 for moon 108 deg = 2.122; 8 min on source + 5 overhead -> 9.794 per hour (ranking key)",2.0,1.25,108.0,0.0,04,
0,sep23,T1,P3502,253.64935,33.04761,0.1218863,16.71992,8.0,2 x 4 min,9.766,2.116,2.116,1.0666666666666669,1.0496123498850742,fading,23.2580424366872,1,QSO,0.16,0.75,False,,,,False,,MgII+Hb+[OIII]+Ha+CaII_trip,,False,"DR16 QSO, SDSS spectrum 1175-52791-31","M 1.07 (W1 light curve near literature CLAGNs, kNN score 0.16) + P 1.05 (W1 flux now 0.65x its level at the last spectrum (unWISE to 2020)), x S 1.0 (last spectrum 23.3 yr ago), x B 1.00 (r = 16.7) = 2.12; = priority 2.116","M 1.07 (W1 light curve near literature CLAGNs, kNN score 0.16) + P 1.05 (W1 flux now 0.65x its level at the last spectrum (unWISE to 2020)), x S 1.0 (last spectrum 23.3 yr ago), x B 1.00 (r = 16.7) = 2.12; = priority 2.116; sep23: x1.0 for moon 104 deg = 2.116; 8 min on source + 5 overhead -> 9.766 per hour (ranking key)",2.3333333333333335,1.18,104.0,0.0,04,
0,sep23,T1,P3813,252.19563,25.268246,0.692234,18.08666805,13.0,2 x 6 min,9.6,2.88,2.88,2.0,0.8802949999941085,flat/unknown,22.22861054072553,1,QSO,0.12,6.72,True,0.8,0.9970840215682985,0.0,False,clean,MgII+Hb+[OIII],,False,"DR16 QSO, SDSS spectrum 1423-53167-28","M 2.00 (W1 light curve in the Zeltyn CL-AGN region, 6.7x enriched) + P 0.88 (W1 flux in 2024 0.70x its level at the last spectrum (NEOWISE)), x S 1.0 (last spectrum 22.2 yr ago), x B 1.00 (r = 18.1) = 2.88; = priority 2.88","M 2.00 (W1 light curve in the Zeltyn CL-AGN region, 6.7x enriched) + P 0.88 (W1 flux in 2024 0.70x its level at the last spectrum (NEOWISE)), x S 1.0 (last spectrum 22.2 yr ago), x B 1.00 (r = 18.1) = 2.88; = priority 2.88; sep23: x1.0 for moon 106 deg = 2.88; 13 min on source + 5 overhead -> 9.6 per hour (ranking key)",2.0,1.23,106.0,0.0,04,
0,sep23,T1,P2624,243.32832,30.910267,0.1530913,18.0930138,8.0,2 x 4 min,9.462,2.05,2.05,2.0,0.0499740875679591,flat/unknown,22.286105407255302,1,QSO,0.44,2.99,False,0.8,0.762798011302948,0.0,False,extended host,MgII+Hb+[OIII]+Ha+CaII_trip,,False,"DR16 QSO, SDSS spectrum 1420-53146-262; extended host in the WISE beam (unWISE own-flux fraction 76%)","M 2.00 (W1 light curve near literature CLAGNs, kNN score 0.44) + P 0.05 (W1 faded 0.02 mag from 2014 to 2024 (NEOWISE)), x S 1.0 (last spectrum 22.3 yr ago), x B 1.00 (r = 18.1) = 2.05; = priority 2.05","M 2.00 (W1 light curve near literature CLAGNs, kNN score 0.44) + P 0.05 (W1 faded 0.02 mag from 2014 to 2024 (NEOWISE)), x S 1.0 (last spectrum 22.3 yr ago), x B 1.00 (r = 18.1) = 2.05; = priority 2.05; sep23: x1.0 for moon 113 deg = 2.05; 8 min on source + 5 overhead -> 9.462 per hour (ranking key)",1.6666666666666667,1.33,113.0,0.0,04,
0,sep23,T1,P790,238.5794,45.44392,0.5169277,18.18315505,8.0,2 x 4 min,9.342,2.024,2.024,1.3333333333333337,0.6909764552039559,flat/unknown,5.288548311841215,2,QSO,0.2,1.49,False,0.6666666666666667,0.9914259910583496,1.0,False,clean,MgII+Hb+[OIII]+Ha,,False,"DR16 QSO, SDSS spectrum 1169-52753-398","M 1.33 (W1 light curve near literature CLAGNs, kNN score 0.2) + P 0.69 (W1 flux in 2024 1.32x its level at the last spectrum (NEOWISE)), x S 1.0 (last spectrum 5.3 yr ago), x B 1.00 (r = 18.2) = 2.02; = priority 2.024","M 1.33 (W1 light curve near literature CLAGNs, kNN score 0.2) + P 0.69 (W1 flux in 2024 1.32x its level at the last spectrum (NEOWISE)), x S 1.0 (last spectrum 5.3 yr ago), x B 1.00 (r = 18.2) = 2.02; = priority 2.024; sep23: x1.0 for moon 112 deg = 2.024; 8 min on source + 5 overhead -> 9.342 per hour (ranking key)",1.8333333333333333,1.35,112.0,0.0,04,
0,sep23,T1,P3888,253.27729,26.443891,0.1194473,18.0954094,8.0,2 x 4 min,9.272,2.009,2.009,1.4666666666666668,0.5419571476725802,flat/unknown,21.39082819986311,1,QSO,0.22,0.37,False,0.6666666666666667,0.8745009899139404,1.0,False,clean,MgII+Hb+[OIII]+Ha+CaII_trip,,False,"DR16 QSO, SDSS spectrum 1692-53473-476","M 1.47 (W1 light curve near literature CLAGNs, kNN score 0.22) + P 0.54 (W1 flux in 2024 1.25x its level at the last spectrum (NEOWISE)), x S 1.0 (last spectrum 21.4 yr ago), x B 1.00 (r = 18.1) = 2.01; = priority 2.009","M 1.47 (W1 light curve near literature CLAGNs, kNN score 0.22) + P 0.54 (W1 flux in 2024 1.25x its level at the last spectrum (NEOWISE)), x S 1.0 (last spectrum 21.4 yr ago), x B 1.00 (r = 18.1) = 2.01; = priority 2.009; sep23: x1.0 for moon 105 deg = 2.009; 8 min on source + 5 overhead -> 9.272 per hour (ranking key)",2.1666666666666665,1.21,105.0,0.0,04,
0,sep23,T1,P4569,257.21739,36.038942,0.702352,17.955754300000002,10.0,2 x 5 min,9.192,2.298,2.298,2.0,0.2980340246229386,flat/unknown,4.3136185353319565,2,QSO,0.1,7.46,True,0.6666666666666667,0.9843029975891112,1.0,False,minor neighbour,MgII+Hb+[OIII],,False,"DR16 QSO, SDSS spectrum 2971-54590-56; minor neighbour within 8"" (< 15% of the W1 flux)","M 2.00 (W1 light curve in the Zeltyn CL-AGN region, 7.5x enriched) + P 0.30 (W1 flux now 0.89x its level at the last spectrum (unWISE to 2020)), x S 1.0 (last spectrum 4.3 yr ago), x B 1.00 (r = 18.0) = 2.30; = priority 2.298","M 2.00 (W1 light curve in the Zeltyn CL-AGN region, 7.5x enriched) + P 0.30 (W1 flux now 0.89x its level at the last spectrum (unWISE to 2020)), x S 1.0 (last spectrum 4.3 yr ago), x B 1.00 (r = 18.0) = 2.30; = priority 2.298; sep23: x1.0 for moon 101 deg = 2.298; 10 min on source + 5 overhead -> 9.192 per hour (ranking key)",2.6666666666666665,1.14,101.0,0.0,04,
0,sep23,T1,P659,238.1355,57.087841,0.3664189,18.1115532,8.0,2 x 4 min,9.046,1.96,1.96,1.4666666666666668,0.4936780850365816,flat/unknown,13.28952772073922,1,QSO,0.22,0.37,False,0.8,0.9895880222320556,1.0,False,clean,MgII+Hb+[OIII]+Ha,,False,"DR16 QSO, SDSS spectrum 6792-56432-754","M 1.47 (W1 light curve near literature CLAGNs, kNN score 0.22) + P 0.49 (W1 flux now 0.82x its level at the last spectrum (unWISE to 2020)), x S 1.0 (last spectrum 13.3 yr ago), x B 1.00 (r = 18.1) = 1.96; = priority 1.96","M 1.47 (W1 light curve near literature CLAGNs, kNN score 0.22) + P 0.49 (W1 flux now 0.82x its level at the last spectrum (unWISE to 2020)), x S 1.0 (last spectrum 13.3 yr ago), x B 1.00 (r = 18.1) = 1.96; = priority 1.96; sep23: x1.0 for moon 107 deg = 1.96; 8 min on source + 5 overhead -> 9.046 per hour (ranking key)",2.1666666666666665,1.37,107.0,0.0,04,
0,sep23,T1,P1642,237.0615,45.007702,0.03709324,17.8920822,8.0,2 x 4 min,9.023,1.955,1.955,1.2,0.7546884162084152,fading,23.28268309377139,1,QSO,0.18,1.49,False,0.5333333333333333,0.7503650188446045,0.0,False,extended host,Hb+[OIII]+Ha+CaII_trip+[SIII]9531,,False,"DR16 QSO, SDSS spectrum 1333-52782-552; extended host in the WISE beam (unWISE own-flux fraction 75%)","M 1.20 (W1 light curve near literature CLAGNs, kNN score 0.18) + P 0.75 (W1 flux now 0.74x its level at the last spectrum (unWISE to 2020)), x S 1.0 (last spectrum 23.3 yr ago), x B 1.00 (r = 17.9) = 1.95; = priority 1.955","M 1.20 (W1 light curve near literature CLAGNs, kNN score 0.18) + P 0.75 (W1 flux now 0.74x its level at the last spectrum (unWISE to 2020)), x S 1.0 (last spectrum 23.3 yr ago), x B 1.00 (r = 17.9) = 1.95; = priority 1.955; sep23: x1.0 for moon 113 deg = 1.955; 8 min on source + 5 overhead -> 9.023 per hour (ranking key)",1.6666666666666667,1.38,113.0,0.0,04,
0,sep23,T1,P3603,248.41555,53.503224,0.2069859,18.0101128,8.0,2 x 4 min,9.005,1.951,1.951,1.4666666666666668,0.7848203297603774,fading,3.2005475701574264,3,?,0.22,1.12,False,0.2666666666666666,0.9979910254478456,0.0,False,clean,MgII+Hb+[OIII]+Ha+CaII_trip,,False,"DR16 QSO, SDSS spectrum 8061-58253-150","M 1.47 (W1 light curve near literature CLAGNs, kNN score 0.22) + P 0.78 (W1 faded 0.35 mag from 2014 to 2024 (NEOWISE)), x S 1.0 (last spectrum 3.2 yr ago), x B 1.00 (r = 18.0) = 2.25; -0.3 the ZTF+W1 manifold disagrees and there is no large photometric change; = priority 1.951","M 1.47 (W1 light curve near literature CLAGNs, kNN score 0.22) + P 0.78 (W1 faded 0.35 mag from 2014 to 2024 (NEOWISE)), x S 1.0 (last spectrum 3.2 yr ago), x B 1.00 (r = 18.0) = 2.25; -0.3 the ZTF+W1 manifold disagrees and there is no large photometric change; = priority 1.951; sep23: x1.0 for moon 103 deg = 1.951; 8 min on source + 5 overhead -> 9.005 per hour (ranking key)",2.6666666666666665,1.25,103.0,0.0,04,
0,sep23,T1,P1854,245.37348,21.158616,0.6765349,17.69514085,8.0,2 x 4 min,8.94,1.937,1.937,1.4933333333333334,0.4441507864733176,flat/unknown,21.136208076659823,1,QSO,0.06,4.48,False,0.8,0.9825379848480223,0.0,False,clean,MgII+Hb+[OIII],,False,"DR16 QSO, SDSS spectrum 1853-53566-22","M 1.49 (W1 light curve in the Zeltyn CL-AGN region, 4.5x enriched) + P 0.44 (W1 flux now 0.84x its level at the last spectrum (unWISE to 2020)), x S 1.0 (last spectrum 21.1 yr ago), x B 1.00 (r = 17.7) = 1.94; = priority 1.937","M 1.49 (W1 light curve in the Zeltyn CL-AGN region, 4.5x enriched) + P 0.44 (W1 flux now 0.84x its level at the last spectrum (unWISE to 2020)), x S 1.0 (last spectrum 21.1 yr ago), x B 1.00 (r = 17.7) = 1.94; = priority 1.937; sep23: x1.0 for moon 113 deg = 1.937; 8 min on source + 5 overhead -> 8.94 per hour (ranking key)",1.5,1.37,113.0,0.0,04,
0,sep23,T1,P3417,248.16523,36.405521,0.20318,18.11090185,8.0,2 x 4 min,8.797,1.906,1.906,1.4666666666666668,0.4395448156545106,flat/unknown,4.316426539603011,2,QSO,0.22,2.61,False,0.8983333333333334,0.9965230226516724,0.0,False,clean,MgII+Hb+[OIII]+Ha+CaII_trip,,False,"DR16 QSO, SDSS spectrum 1338-52765-585","M 1.47 (W1 light curve near literature CLAGNs, kNN score 0.22) + P 0.44 (W1 faded 0.19 mag from 2014 to 2024 (NEOWISE)), x S 1.0 (last spectrum 4.3 yr ago), x B 1.00 (r = 18.1) = 1.91; = priority 1.906","M 1.47 (W1 light curve near literature CLAGNs, kNN score 0.22) + P 0.44 (W1 faded 0.19 mag from 2014 to 2024 (NEOWISE)), x S 1.0 (last spectrum 4.3 yr ago), x B 1.00 (r = 18.1) = 1.91; = priority 1.906; sep23: x1.0 for moon 108 deg = 1.906; 8 min on source + 5 overhead -> 8.797 per hour (ranking key)",2.1666666666666665,1.23,108.0,0.0,04,
0,sep23,T1,P4091,252.55428,38.320319,0.1447115,18.24163055,8.0,2 x 4 min,8.594,1.862,1.862,1.7333333333333334,0.128669799455795,flat/unknown,25.229295003422312,1,QSO,0.26,0.37,False,0.6666666666666667,0.9386569857597352,0.0,False,clean,MgII+Hb+[OIII]+Ha+CaII_trip,,False,"DR16 QSO, SDSS spectrum 632-52071-343","M 1.73 (W1 light curve near literature CLAGNs, kNN score 0.26) + P 0.13 (W1 flux now 1.05x its level at the last spectrum (unWISE to 2020)), x S 1.0 (last spectrum 25.2 yr ago), x B 1.00 (r = 18.2) = 1.86; = priority 1.862","M 1.73 (W1 light curve near literature CLAGNs, kNN score 0.26) + P 0.13 (W1 flux now 1.05x its level at the last spectrum (unWISE to 2020)), x S 1.0 (last spectrum 25.2 yr ago), x B 1.00 (r = 18.2) = 1.86; = priority 1.862; sep23: x1.0 for moon 104 deg = 1.862; 8 min on source + 5 overhead -> 8.594 per hour (ranking key)",2.5,1.18,104.0,0.0,04,
0,sep23,T1,P4103,247.79701,40.801463,0.2578364,17.5787258,8.0,2 x 4 min,8.557,1.854,1.854,1.4666666666666668,0.387582554443657,fading,5.222933621629016,15,QSO,0.22,3.36,False,0.8,0.9996169805526732,0.0,False,clean,MgII+Hb+[OIII]+Ha,,False,"DR16 QSO, SDSS spectrum 10729-58248-784","M 1.47 (W1 light curve near literature CLAGNs, kNN score 0.22) + P 0.39 (ZTF r faded 0.17 mag since the last spectrum), x S 1.0 (last spectrum 5.2 yr ago), x B 1.00 (r = 17.6) = 1.85; = priority 1.854","M 1.47 (W1 light curve near literature CLAGNs, kNN score 0.22) + P 0.39 (ZTF r faded 0.17 mag since the last spectrum), x S 1.0 (last spectrum 5.2 yr ago), x B 1.00 (r = 17.6) = 1.85; = priority 1.854; sep23: x1.0 for moon 107 deg = 1.854; 8 min on source + 5 overhead -> 8.557 per hour (ranking key)",2.3333333333333335,1.23,107.0,0.0,04,
0,sep23,T1,P2855,246.46855,56.458341,0.3081444,16.7577477,8.0,2 x 4 min,8.423,1.825,1.825,1.12,0.7045179550316947,fading,3.586584531143053,5,?,0.08,3.36,False,0.9333333333333336,0.9988570213317872,0.0,False,clean,MgII+Hb+[OIII]+Ha,,False,"DR16 QSO, SDSS spectrum 6788-56428-544","M 1.12 (W1 light curve in the Zeltyn CL-AGN region, 3.4x enriched) + P 0.70 (W1 flux now 0.75x its level at the last spectrum (unWISE to 2020)), x S 1.0 (last spectrum 3.6 yr ago), x B 1.00 (r = 16.8) = 1.82; = priority 1.825","M 1.12 (W1 light curve in the Zeltyn CL-AGN region, 3.4x enriched) + P 0.70 (W1 flux now 0.75x its level at the last spectrum (unWISE to 2020)), x S 1.0 (last spectrum 3.6 yr ago), x B 1.00 (r = 16.8) = 1.82; = priority 1.825; sep23: x1.0 for moon 103 deg = 1.825; 8 min on source + 5 overhead -> 8.423 per hour (ranking key)",2.6666666666666665,1.28,103.0,0.0,04,
0,sep23,T1,P3284,248.04424,21.842401,0.1830744,17.56593,8.0,2 x 4 min,8.335,1.806,1.806,1.0666666666666669,0.7391222183839193,brightening,15.312799452429845,1,QSO,0.16,1.12,False,,,,False,,MgII+Hb+[OIII]+Ha+CaII_trip,,False,"DR16 QSO, SDSS spectrum 4187-55693-432","M 1.07 (W1 light curve near literature CLAGNs, kNN score 0.16) + P 0.74 (W1 flux now 1.35x its level at the last spectrum (unWISE to 2020)), x S 1.0 (last spectrum 15.3 yr ago), x B 1.00 (r = 17.6) = 1.81; = priority 1.806","M 1.07 (W1 light curve near literature CLAGNs, kNN score 0.16) + P 0.74 (W1 flux now 1.35x its level at the last spectrum (unWISE to 2020)), x S 1.0 (last spectrum 15.3 yr ago), x B 1.00 (r = 17.6) = 1.81; = priority 1.806; sep23: x1.0 for moon 111 deg = 1.806; 8 min on source + 5 overhead -> 8.335 per hour (ranking key)",1.6666666666666667,1.31,111.0,0.0,04,
0,sep23,T1,P4598,257.69487,32.329627,0.3272658,17.6864319,8.0,2 x 4 min,8.317,1.802,1.802,1.4666666666666668,0.6348980670565159,flat/unknown,4.31633845100616,3,QSO,0.22,0.75,False,0.1333333333333333,0.9711359739303588,0.0,False,clean,MgII+Hb+[OIII]+Ha,,False,"DR16 QSO, SDSS spectrum 10904-58402-338","M 1.47 (W1 light curve near literature CLAGNs, kNN score 0.22) + P 0.63 (W1 faded 0.28 mag from 2014 to 2024 (NEOWISE)), x S 1.0 (last spectrum 4.3 yr ago), x B 1.00 (r = 17.7) = 2.10; -0.3 the ZTF+W1 manifold disagrees and there is no large photometric change; = priority 1.802","M 1.47 (W1 light curve near literature CLAGNs, kNN score 0.22) + P 0.63 (W1 faded 0.28 mag from 2014 to 2024 (NEOWISE)), x S 1.0 (last spectrum 4.3 yr ago), x B 1.00 (r = 17.7) = 2.10; -0.3 the ZTF+W1 manifold disagrees and there is no large photometric change; = priority 1.802; sep23: x1.0 for moon 101 deg = 1.802; 8 min on source + 5 overhead -> 8.317 per hour (ranking key)",2.6666666666666665,1.14,101.0,0.0,04,
0,sep23,T1,P1988,241.0481,34.534316,0.2155253,18.16157245,8.0,2 x 4 min,8.188,1.774,1.774,1.2,0.5744561853127674,flat/unknown,22.29705681040383,1,QSO,0.18,0.75,False,0.5333333333333333,0.9157540202140808,0.0,False,clean,MgII+Hb+[OIII]+Ha,,False,"DR16 QSO, SDSS spectrum 1418-53142-577","M 1.20 (W1 light curve near literature CLAGNs, kNN score 0.18) + P 0.57 (W1 flux now 1.26x its level at the last spectrum (unWISE to 2020)), x S 1.0 (last spectrum 22.3 yr ago), x B 1.00 (r = 18.2) = 1.77; = priority 1.774","M 1.20 (W1 light curve near literature CLAGNs, kNN score 0.18) + P 0.57 (W1 flux now 1.26x its level at the last spectrum (unWISE to 2020)), x S 1.0 (last spectrum 22.3 yr ago), x B 1.00 (r = 18.2) = 1.77; = priority 1.774; sep23: x1.0 for moon 114 deg = 1.774; 8 min on source + 5 overhead -> 8.188 per hour (ranking key)",1.6666666666666667,1.35,114.0,0.0,04,
0,sep23,T1,P229,237.76434,38.486615,0.4002603,18.1622772,8.0,2 x 4 min,7.998,1.733,1.733,1.2,0.5334165688640363,flat/unknown,22.21492128678987,1,QSO,0.18,1.49,False,0.6666666666666667,0.9944120049476624,0.0,False,clean,MgII+Hb+[OIII]+Ha,,False,"DR16 QSO, SDSS spectrum 1681-53172-420","M 1.20 (W1 light curve near literature CLAGNs, kNN score 0.18) + P 0.53 (W1 flux now 0.81x its level at the last spectrum (unWISE to 2020)), x S 1.0 (last spectrum 22.2 yr ago), x B 1.00 (r = 18.2) = 1.73; = priority 1.733","M 1.20 (W1 light curve near literature CLAGNs, kNN score 0.18) + P 0.53 (W1 flux now 0.81x its level at the last spectrum (unWISE to 2020)), x S 1.0 (last spectrum 22.2 yr ago), x B 1.00 (r = 18.2) = 1.73; = priority 1.733; sep23: x1.0 for moon 115 deg = 1.733; 8 min on source + 5 overhead -> 7.998 per hour (ranking key)",1.5,1.38,115.0,0.0,04,
0,sep23,T1,P4665,258.69244,40.132137,0.178081,18.231052400000003,8.0,2 x 4 min,7.888,1.709,1.709,1.3333333333333337,0.3759414314771127,flat/unknown,7.915126625598905,1,?,0.2,1.12,False,0.6666666666666667,0.990809977054596,1.0,False,clean,MgII+Hb+[OIII]+Ha+CaII_trip,,False,"DR16 QSO, SDSS spectrum 10763-58395-795","M 1.33 (W1 light curve near literature CLAGNs, kNN score 0.2) + P 0.38 (W1 faded 0.17 mag from 2014 to 2024 (NEOWISE)), x S 1.0 (last spectrum 7.9 yr ago), x B 1.00 (r = 18.2) = 1.71; = priority 1.709","M 1.33 (W1 light curve near literature CLAGNs, kNN score 0.2) + P 0.38 (W1 faded 0.17 mag from 2014 to 2024 (NEOWISE)), x S 1.0 (last spectrum 7.9 yr ago), x B 1.00 (r = 18.2) = 1.71; = priority 1.709; sep23: x1.0 for moon 99 deg = 1.709; 8 min on source + 5 overhead -> 7.888 per hour (ranking key)",3.0,1.13,99.0,0.0,04,
0,sep23,T1,P2157,241.94171,34.846939,0.05361078,16.5353851,8.0,2 x 4 min,7.8,1.69,1.69,1.4666666666666668,0.2237476193383453,flat/unknown,4.226521771690631,4,QSO,0.22,0.37,False,0.9333333333333336,0.9995219707489014,0.0,False,clean,Hb+[OIII]+Ha+CaII_trip+[SIII]9531,,False,"DR16 QSO, SDSS spectrum 1683-53436-341","M 1.47 (W1 light curve near literature CLAGNs, kNN score 0.22) + P 0.22 (W1 faded 0.10 mag from 2014 to 2024 (NEOWISE)), x S 1.0 (last spectrum 4.2 yr ago), x B 1.00 (r = 16.5) = 1.69; = priority 1.69","M 1.47 (W1 light curve near literature CLAGNs, kNN score 0.22) + P 0.22 (W1 faded 0.10 mag from 2014 to 2024 (NEOWISE)), x S 1.0 (last spectrum 4.2 yr ago), x B 1.00 (r = 16.5) = 1.69; = priority 1.69; sep23: x1.0 for moon 113 deg = 1.69; 8 min on source + 5 overhead -> 7.8 per hour (ranking key)",1.6666666666666667,1.33,113.0,0.0,04,
0,sep23,T1,P2717,246.5302,33.987572,0.204809,16.31078335,8.0,2 x 4 min,7.722,1.673,1.673,1.6,0.3725341073247521,flat/unknown,24.0,1,QSO,0.24,0.75,False,0.3849999999999999,0.999912977218628,1.0,False,clean,MgII+Hb+[OIII]+Ha+CaII_trip,,False,"DR16 QSO, SDSS spectrum 1058-52520-379","M 1.60 (W1 light curve near literature CLAGNs, kNN score 0.24) + P 0.37 (W1 faded 0.16 mag from 2014 to 2024 (NEOWISE)), x S 1.0 (last spectrum 24.0 yr ago), x B 1.00 (r = 16.3) = 1.97; -0.3 the ZTF+W1 manifold disagrees and there is no large photometric change; = priority 1.673","M 1.60 (W1 light curve near literature CLAGNs, kNN score 0.24) + P 0.37 (W1 faded 0.16 mag from 2014 to 2024 (NEOWISE)), x S 1.0 (last spectrum 24.0 yr ago), x B 1.00 (r = 16.3) = 1.97; -0.3 the ZTF+W1 manifold disagrees and there is no large photometric change; = priority 1.673; sep23: x1.0 for moon 110 deg = 1.673; 8 min on source + 5 overhead -> 7.722 per hour (ranking key)",2.0,1.26,110.0,0.0,04,
0,sep23,T1,P4125,254.40543,60.827595,0.3132732,18.4816551,11.0,2 x 6 min,7.699,2.053,2.053,1.4666666666666668,0.5860597542060115,flat/unknown,3.353867214236824,5,?,0.22,0.75,False,0.9333333333333336,0.9865480065345764,0.0,False,clean,MgII+Hb+[OIII]+Ha,,False,"DR16 QSO, SDSS spectrum 351-51695-291","M 1.47 (W1 light curve near literature CLAGNs, kNN score 0.22) + P 0.59 (W1 brightened 0.26 mag from 2014 to 2024 (NEOWISE)), x S 1.0 (last spectrum 3.4 yr ago), x B 1.00 (r = 18.5) = 2.05; = priority 2.053","M 1.47 (W1 light curve near literature CLAGNs, kNN score 0.22) + P 0.59 (W1 brightened 0.26 mag from 2014 to 2024 (NEOWISE)), x S 1.0 (last spectrum 3.4 yr ago), x B 1.00 (r = 18.5) = 2.05; = priority 2.053; sep23: x1.0 for moon 98 deg = 2.053; 11 min on source + 5 overhead -> 7.699 per hour (ranking key)",3.3333333333333335,1.25,98.0,0.0,04,
0,sep23,T1,P450,233.00159,45.963744,0.1682677,18.66548,15.0,2 x 8 min,7.68,2.56,2.56,1.2,2.0,brightening,23.28542094455852,1,QSO,0.18,1.12,False,,,,False,,MgII+Hb+[OIII]+Ha+CaII_trip,,False,"DR16 QSO, SDSS spectrum 1332-52781-196","M 1.20 (W1 light curve near literature CLAGNs, kNN score 0.18) + P 2.00 (W1 flux now 2.27x its level at the last spectrum (unWISE to 2020)), x S 1.0 (last spectrum 23.3 yr ago), x B 0.80 (r = 18.7) = 2.56; = priority 2.56","M 1.20 (W1 light curve near literature CLAGNs, kNN score 0.18) + P 2.00 (W1 flux now 2.27x its level at the last spectrum (unWISE to 2020)), x S 1.0 (last spectrum 23.3 yr ago), x B 0.80 (r = 18.7) = 2.56; = priority 2.56; sep23: x1.0 for moon 115 deg = 2.56; 15 min on source + 5 overhead -> 7.68 per hour (ranking key)",1.5,1.44,115.0,0.0,04,
0,sep23,T1,P2927,246.2847,46.655158,0.1513592,17.80097485,8.0,2 x 4 min,7.551,1.636,1.636,1.6,0.8604240631365984,brightening,24.39151266255989,1,QSO,0.24,1.12,False,0.1333333333333333,0.7571840286254883,1.0,True,neighbour,MgII+Hb+[OIII]+Ha+CaII_trip,,False,"DR16 QSO, SDSS spectrum 624-52377-139; W1 NEIGHBOUR BLEND: ~24% of the WISE flux from a neighbour within 8""","M 1.60 (W1 light curve near literature CLAGNs, kNN score 0.24) + P 0.86 (W1 flux in 2024 1.42x its level at the last spectrum (NEOWISE)), x S 1.0 (last spectrum 24.4 yr ago), x B 1.00 (r = 17.8) = 2.46; -0.3 the ZTF+W1 manifold disagrees and there is no large photometric change; x0.76 W1 neighbour blend, change not confirmed by ZTF or spectra; = priority 1.636","M 1.60 (W1 light curve near literature CLAGNs, kNN score 0.24) + P 0.86 (W1 flux in 2024 1.42x its level at the last spectrum (NEOWISE)), x S 1.0 (last spectrum 24.4 yr ago), x B 1.00 (r = 17.8) = 2.46; -0.3 the ZTF+W1 manifold disagrees and there is no large photometric change; x0.76 W1 neighbour blend, change not confirmed by ZTF or spectra; = priority 1.636; sep23: x1.0 for moon 106 deg = 1.636; 8 min on source + 5 overhead -> 7.551 per hour (ranking key)",2.3333333333333335,1.25,106.0,0.0,04,
0,sep23,T1,P3998,252.82493,18.779978,0.2353088,18.72388265,17.0,2 x 8 min,7.508,2.753,2.753,1.866666666666667,0.9494262143563572,brightening,22.223134839151268,1,QSO,0.28,1.12,False,1.2,0.9258909821510316,2.0,False,clean,MgII+Hb+[OIII]+Ha,,False,"DR16 QSO, SDSS spectrum 1568-53169-135; also in the CLAGN region of the ZTF+W1 manifold","M 1.87 (W1 light curve near literature CLAGNs, kNN score 0.28) + P 0.95 (W1 flux in 2024 1.47x its level at the last spectrum (NEOWISE)), x S 1.0 (last spectrum 22.2 yr ago), x B 0.80 (r = 18.7) = 2.25; +0.5 the ZTF+W1 manifold agrees; = priority 2.753","M 1.87 (W1 light curve near literature CLAGNs, kNN score 0.28) + P 0.95 (W1 flux in 2024 1.47x its level at the last spectrum (NEOWISE)), x S 1.0 (last spectrum 22.2 yr ago), x B 0.80 (r = 18.7) = 2.25; +0.5 the ZTF+W1 manifold agrees; = priority 2.753; sep23: x1.0 for moon 107 deg = 2.753; 17 min on source + 5 overhead -> 7.508 per hour (ranking key)",1.8333333333333333,1.27,107.0,0.0,04,
0,sep23,T1,P1871,242.14655,45.701439,0.4339057,18.7267475,17.0,2 x 8 min,7.462,2.736,2.736,2.0,1.419629633999952,fading,3.2306639288158796,3,?,0.42,2.24,False,0.5333333333333333,0.9867950081825256,2.0,False,clean,MgII+Hb+[OIII]+Ha,,False,"DR16 QSO, SDSS spectrum 813-52354-53","M 2.00 (W1 light curve near literature CLAGNs, kNN score 0.42) + P 1.42 (W1 flux in 2024 0.56x its level at the last spectrum (NEOWISE)), x S 1.0 (last spectrum 3.2 yr ago), x B 0.80 (r = 18.7) = 2.74; = priority 2.736","M 2.00 (W1 light curve near literature CLAGNs, kNN score 0.42) + P 1.42 (W1 flux in 2024 0.56x its level at the last spectrum (NEOWISE)), x S 1.0 (last spectrum 3.2 yr ago), x B 0.80 (r = 18.7) = 2.74; = priority 2.736; sep23: x1.0 for moon 109 deg = 2.736; 17 min on source + 5 overhead -> 7.462 per hour (ranking key)",2.0,1.3,109.0,0.0,04,
0,sep23,T1,P2404,246.54837,51.343949,0.1785348,17.39812,8.0,2 x 4 min,7.458,1.616,1.616,1.0666666666666669,0.5493703816391572,flat/unknown,13.21286789869952,1,QSO,0.16,1.12,False,,,,False,,MgII+Hb+[OIII]+Ha+CaII_trip,,False,"DR16 QSO, SDSS spectrum 6313-56460-186","M 1.07 (W1 light curve near literature CLAGNs, kNN score 0.16) + P 0.55 (W1 flux now 0.80x its level at the last spectrum (unWISE to 2020)), x S 1.0 (last spectrum 13.2 yr ago), x B 1.00 (r = 17.4) = 1.62; = priority 1.616","M 1.07 (W1 light curve near literature CLAGNs, kNN score 0.16) + P 0.55 (W1 flux now 0.80x its level at the last spectrum (unWISE to 2020)), x S 1.0 (last spectrum 13.2 yr ago), x B 1.00 (r = 17.4) = 1.62; = priority 1.616; sep23: x1.0 for moon 104 deg = 1.616; 8 min on source + 5 overhead -> 7.458 per hour (ranking key)",2.5,1.26,104.0,0.0,04,
0,sep23,T1,P937,238.4602,56.375237,0.1781087,18.38561,9.0,2 x 4 min,7.449,1.738,1.738,1.0666666666666669,0.6713205219241682,brightening,25.22655715263518,1,QSO,0.16,0.75,False,,,,False,,MgII+Hb+[OIII]+Ha+CaII_trip,,False,"DR16 QSO, SDSS spectrum 617-52072-634","M 1.07 (W1 light curve near literature CLAGNs, kNN score 0.16) + P 0.67 (W1 flux now 1.31x its level at the last spectrum (unWISE to 2020)), x S 1.0 (last spectrum 25.2 yr ago), x B 1.00 (r = 18.4) = 1.74; = priority 1.738","M 1.07 (W1 light curve near literature CLAGNs, kNN score 0.16) + P 0.67 (W1 flux now 1.31x its level at the last spectrum (unWISE to 2020)), x S 1.0 (last spectrum 25.2 yr ago), x B 1.00 (r = 18.4) = 1.74; = priority 1.738; sep23: x1.0 for moon 107 deg = 1.738; 9 min on source + 5 overhead -> 7.449 per hour (ranking key)",2.1666666666666665,1.37,107.0,0.0,04,
0,sep23,T1,P3922,248.84423,46.180884,0.1657785,18.16697025,8.0,2 x 4 min,7.366,1.596,1.596,1.4666666666666668,0.4293228431974285,flat/unknown,25.02943189596167,1,QSO,0.22,0.75,False,0.2666666666666666,0.995721995830536,0.0,False,clean,MgII+Hb+[OIII]+Ha+CaII_trip,,False,"DR16 QSO, SDSS spectrum 627-52144-151","M 1.47 (W1 light curve near literature CLAGNs, kNN score 0.22) + P 0.43 (W1 brightened 0.19 mag from 2014 to 2024 (NEOWISE)), x S 1.0 (last spectrum 25.0 yr ago), x B 1.00 (r = 18.2) = 1.90; -0.3 the ZTF+W1 manifold disagrees and there is no large photometric change; = priority 1.596","M 1.47 (W1 light curve near literature CLAGNs, kNN score 0.22) + P 0.43 (W1 brightened 0.19 mag from 2014 to 2024 (NEOWISE)), x S 1.0 (last spectrum 25.0 yr ago), x B 1.00 (r = 18.2) = 1.90; -0.3 the ZTF+W1 manifold disagrees and there is no large photometric change; = priority 1.596; sep23: x1.0 for moon 105 deg = 1.596; 8 min on source + 5 overhead -> 7.366 per hour (ranking key)",2.5,1.22,105.0,0.0,04,
0,sep23,T1,P4234,251.89598,40.235403,0.6862249,18.200456600000003,16.0,2 x 8 min,7.326,2.564,2.564,1.2,0.8644692268567012,brightening,4.261762514223132,2,QSO,0.18,0.37,False,1.2,0.912322998046875,0.0,False,clean,MgII+Hb+[OIII],,False,"DR16 QSO, SDSS spectrum 630-52050-472; also in the CLAGN region of the ZTF+W1 manifold","M 1.20 (W1 light curve near literature CLAGNs, kNN score 0.18) + P 0.86 (W1 flux now 1.42x its level at the last spectrum (unWISE to 2020)), x S 1.0 (last spectrum 4.3 yr ago), x B 1.00 (r = 18.2) = 2.06; +0.5 the ZTF+W1 manifold agrees; = priority 2.564","M 1.20 (W1 light curve near literature CLAGNs, kNN score 0.18) + P 0.86 (W1 flux now 1.42x its level at the last spectrum (unWISE to 2020)), x S 1.0 (last spectrum 4.3 yr ago), x B 1.00 (r = 18.2) = 2.06; +0.5 the ZTF+W1 manifold agrees; = priority 2.564; sep23: x1.0 for moon 104 deg = 2.564; 16 min on source + 5 overhead -> 7.326 per hour (ranking key)",2.5,1.19,104.0,0.0,04,
0,sep23,T1,P3468,253.96405,21.767169,0.1534853,15.8214812,8.0,2 x 4 min,7.214,1.563,1.563,1.3333333333333337,0.2299407159950719,flat/unknown,4.305584168569467,2,QSO,0.2,1.12,False,0.5333333333333333,0.994396984577179,2.0,False,clean,MgII+Hb+[OIII]+Ha+CaII_trip,,False,"DR16 QSO, SDSS spectrum 1415-52885-144","M 1.33 (W1 light curve near literature CLAGNs, kNN score 0.2) + P 0.23 (W1 flux in 2024 0.91x its level at the last spectrum (NEOWISE)), x S 1.0 (last spectrum 4.3 yr ago), x B 1.00 (r = 15.8) = 1.56; = priority 1.563","M 1.33 (W1 light curve near literature CLAGNs, kNN score 0.2) + P 0.23 (W1 flux in 2024 0.91x its level at the last spectrum (NEOWISE)), x S 1.0 (last spectrum 4.3 yr ago), x B 1.00 (r = 15.8) = 1.56; = priority 1.563; sep23: x1.0 for moon 105 deg = 1.563; 8 min on source + 5 overhead -> 7.214 per hour (ranking key)",2.0,1.23,105.0,0.0,04,
0,sep23,T1,P2070,241.00934,44.624649,0.2327988,18.6863365,16.0,2 x 8 min,7.126,2.494,2.494,1.7333333333333334,1.384433180786295,brightening,5.395032140698153,2,QSO,0.26,0.75,False,0.5333333333333333,0.9962400197982788,0.0,False,clean,MgII+Hb+[OIII]+Ha,,False,"DR16 QSO, SDSS spectrum 1169-52753-67","M 1.73 (W1 light curve near literature CLAGNs, kNN score 0.26) + P 1.38 (W1 flux now 1.75x its level at the last spectrum (unWISE to 2020)), x S 1.0 (last spectrum 5.4 yr ago), x B 0.80 (r = 18.7) = 2.49; = priority 2.494","M 1.73 (W1 light curve near literature CLAGNs, kNN score 0.26) + P 1.38 (W1 flux now 1.75x its level at the last spectrum (unWISE to 2020)), x S 1.0 (last spectrum 5.4 yr ago), x B 0.80 (r = 18.7) = 2.49; = priority 2.494; sep23: x1.0 for moon 110 deg = 2.494; 16 min on source + 5 overhead -> 7.126 per hour (ranking key)",2.0,1.32,110.0,0.0,04,
0,sep23,T1,P3446,249.14282,16.958255,0.236201,17.77841,8.0,2 x 4 min,7.062,1.53,1.53,1.0666666666666669,0.4635014450981489,flat/unknown,21.15811088295688,1,QSO,0.16,1.12,False,,,,False,,MgII+Hb+[OIII]+Ha,,False,"DR16 QSO, SDSS spectrum 2207-53558-588","M 1.07 (W1 light curve near literature CLAGNs, kNN score 0.16) + P 0.46 (W1 flux now 1.21x its level at the last spectrum (unWISE to 2020)), x S 1.0 (last spectrum 21.2 yr ago), x B 1.00 (r = 17.8) = 1.53; = priority 1.53","M 1.07 (W1 light curve near literature CLAGNs, kNN score 0.16) + P 0.46 (W1 flux now 1.21x its level at the last spectrum (unWISE to 2020)), x S 1.0 (last spectrum 21.2 yr ago), x B 1.00 (r = 17.8) = 1.53; = priority 1.53; sep23: x1.0 for moon 110 deg = 1.53; 8 min on source + 5 overhead -> 7.062 per hour (ranking key)",1.5,1.34,110.0,0.0,04,
0,sep23,T1,P2611,246.86113,35.13768,0.1942927,18.805069,19.0,2 x 10 min,7.008,2.803,2.803,1.7333333333333334,1.7704079107199977,fading,23.329226557152634,1,QSO,0.26,0.75,False,,0.9648820161819458,0.0,False,clean,MgII+Hb+[OIII]+Ha+CaII_trip,,False,"DR16 QSO, SDSS spectrum 1338-52765-257","M 1.73 (W1 light curve near literature CLAGNs, kNN score 0.26) + P 1.77 (W1 flux in 2024 0.49x its level at the last spectrum (NEOWISE)), x S 1.0 (last spectrum 23.3 yr ago), x B 0.80 (r = 18.8) = 2.80; = priority 2.803","M 1.73 (W1 light curve near literature CLAGNs, kNN score 0.26) + P 1.77 (W1 flux in 2024 0.49x its level at the last spectrum (NEOWISE)), x S 1.0 (last spectrum 23.3 yr ago), x B 0.80 (r = 18.8) = 2.80; = priority 2.803; sep23: x1.0 for moon 109 deg = 2.803; 19 min on source + 5 overhead -> 7.008 per hour (ranking key)",2.0,1.26,109.0,0.0,04,
0,sep23,T1,P3691,249.70958,22.710111,0.6469467,18.19420815,16.0,2 x 8 min,6.969,2.439,2.439,2.0,0.7393941408010276,fading,4.245428250102678,2,QSO,0.12,6.72,True,0.2666666666666666,0.9962009787559508,1.0,False,clean,MgII+Hb+[OIII],,False,"DR16 QSO, SDSS spectrum 1570-53149-325","M 2.00 (W1 light curve in the Zeltyn CL-AGN region, 6.7x enriched) + P 0.74 (W1 flux now 0.74x its level at the last spectrum (unWISE to 2020)), x S 1.0 (last spectrum 4.2 yr ago), x B 1.00 (r = 18.2) = 2.74; -0.3 the ZTF+W1 manifold disagrees and there is no large photometric change; = priority 2.439","M 2.00 (W1 light curve in the Zeltyn CL-AGN region, 6.7x enriched) + P 0.74 (W1 flux now 0.74x its level at the last spectrum (unWISE to 2020)), x S 1.0 (last spectrum 4.2 yr ago), x B 1.00 (r = 18.2) = 2.74; -0.3 the ZTF+W1 manifold disagrees and there is no large photometric change; = priority 2.439; sep23: x1.0 for moon 109 deg = 2.439; 16 min on source + 5 overhead -> 6.969 per hour (ranking key)",1.8333333333333333,1.28,109.0,0.0,04,
0,sep23,T1,P879,234.59495,55.271901,0.1653785,17.97579,8.0,2 x 4 min,6.845,1.483,1.483,1.0666666666666669,0.4168214123853985,flat/unknown,24.213552361396303,1,QSO,0.16,1.49,False,,,,False,,MgII+Hb+[OIII]+Ha+CaII_trip,,False,"DR16 QSO, SDSS spectrum 616-52442-368","M 1.07 (W1 light curve near literature CLAGNs, kNN score 0.16) + P 0.42 (W1 flux now 1.18x its level at the last spectrum (unWISE to 2020)), x S 1.0 (last spectrum 24.2 yr ago), x B 1.00 (r = 18.0) = 1.48; = priority 1.483","M 1.07 (W1 light curve near literature CLAGNs, kNN score 0.16) + P 0.42 (W1 flux now 1.18x its level at the last spectrum (unWISE to 2020)), x S 1.0 (last spectrum 24.2 yr ago), x B 1.00 (r = 18.0) = 1.48; = priority 1.483; sep23: x1.0 for moon 109 deg = 1.483; 8 min on source + 5 overhead -> 6.845 per hour (ranking key)",1.8333333333333333,1.42,109.0,0.0,04,
0,sep23,T1,P4711,258.86051,29.323222,0.2084374,18.2050457,8.0,2 x 4 min,6.785,1.47,1.47,1.4666666666666668,0.302850154202381,flat/unknown,24.301163586584533,1,QSO,0.22,1.12,False,0.4,0.9928770065307616,0.0,False,clean,MgII+Hb+[OIII]+Ha+CaII_trip,,False,"DR16 QSO, SDSS spectrum 977-52410-549","M 1.47 (W1 light curve near literature CLAGNs, kNN score 0.22) + P 0.30 (W1 flux in 2024 1.13x its level at the last spectrum (NEOWISE)), x S 1.0 (last spectrum 24.3 yr ago), x B 1.00 (r = 18.2) = 1.77; -0.3 the ZTF+W1 manifold disagrees and there is no large photometric change; = priority 1.47","M 1.47 (W1 light curve near literature CLAGNs, kNN score 0.22) + P 0.30 (W1 flux in 2024 1.13x its level at the last spectrum (NEOWISE)), x S 1.0 (last spectrum 24.3 yr ago), x B 1.00 (r = 18.2) = 1.77; -0.3 the ZTF+W1 manifold disagrees and there is no large photometric change; = priority 1.47; sep23: x1.0 for moon 100 deg = 1.47; 8 min on source + 5 overhead -> 6.785 per hour (ranking key)",2.6666666666666665,1.14,100.0,0.0,04,
0,sep23,T1,P3397,251.14497,24.330946,0.2374644,18.41385,9.0,2 x 4 min,6.78,1.582,1.582,1.0666666666666669,0.5156798694870491,flat/unknown,22.316221765913756,1,QSO,0.16,0.75,False,,,,False,,MgII+Hb+[OIII]+Ha,,False,"DR16 QSO, SDSS spectrum 1414-53135-471","M 1.07 (W1 light curve near literature CLAGNs, kNN score 0.16) + P 0.52 (W1 flux now 1.23x its level at the last spectrum (unWISE to 2020)), x S 1.0 (last spectrum 22.3 yr ago), x B 1.00 (r = 18.4) = 1.58; = priority 1.582","M 1.07 (W1 light curve near literature CLAGNs, kNN score 0.16) + P 0.52 (W1 flux now 1.23x its level at the last spectrum (unWISE to 2020)), x S 1.0 (last spectrum 22.3 yr ago), x B 1.00 (r = 18.4) = 1.58; = priority 1.582; sep23: x1.0 for moon 107 deg = 1.582; 9 min on source + 5 overhead -> 6.78 per hour (ranking key)",2.0,1.25,107.0,0.0,04,
0,sep23,T1,P3882,253.21949,26.833878,0.3494408,17.08301,8.0,2 x 4 min,6.725,1.457,1.457,1.0666666666666669,0.3904274494034318,flat/unknown,21.38535249828884,1,QSO,0.16,0.75,False,,,,False,,MgII+Hb+[OIII]+Ha,,False,"DR16 QSO, SDSS spectrum 1690-53475-4","M 1.07 (W1 light curve near literature CLAGNs, kNN score 0.16) + P 0.39 (W1 flux now 0.85x its level at the last spectrum (unWISE to 2020)), x S 1.0 (last spectrum 21.4 yr ago), x B 1.00 (r = 17.1) = 1.46; = priority 1.457","M 1.07 (W1 light curve near literature CLAGNs, kNN score 0.16) + P 0.39 (W1 flux now 0.85x its level at the last spectrum (unWISE to 2020)), x S 1.0 (last spectrum 21.4 yr ago), x B 1.00 (r = 17.1) = 1.46; = priority 1.457; sep23: x1.0 for moon 105 deg = 1.457; 8 min on source + 5 overhead -> 6.725 per hour (ranking key)",2.1666666666666665,1.21,105.0,0.0,04,
0,sep23,T1,P4695,257.70791,65.35059,0.3850946,17.9113922,8.0,2 x 4 min,6.72,1.456,1.456,1.2,0.2555211966659736,flat/unknown,5.176094503436006,2,QSO,0.18,1.49,False,0.5333333333333333,0.9737169742584229,1.0,False,clean,MgII+Hb+[OIII]+Ha,,False,"DR16 QSO, SDSS spectrum 350-51691-467","M 1.20 (W1 light curve near literature CLAGNs, kNN score 0.18) + P 0.26 (W1 flux now 1.11x its level at the last spectrum (unWISE to 2020)), x S 1.0 (last spectrum 5.2 yr ago), x B 1.00 (r = 17.9) = 1.46; = priority 1.456","M 1.20 (W1 light curve near literature CLAGNs, kNN score 0.18) + P 0.26 (W1 flux now 1.11x its level at the last spectrum (unWISE to 2020)), x S 1.0 (last spectrum 5.2 yr ago), x B 1.00 (r = 17.9) = 1.46; = priority 1.456; sep23: x1.0 for moon 95 deg = 1.456; 8 min on source + 5 overhead -> 6.72 per hour (ranking key)",3.8333333333333335,1.27,95.0,0.0,04,
0,sep23,T1,P517,234.62826,44.677379,0.07263915,17.016573,8.0,2 x 4 min,6.702,1.452,1.452,1.2,0.0515933582064326,flat/unknown,4.2620209828062965,7,QSO,0.18,1.12,False,0.4,0.9988589882850648,0.0,False,clean,Hb+[OIII]+Ha+CaII_trip+[SIII]9531,,False,"DR16 QSO, SDSS spectrum 1333-52782-359","M 1.20 (W1 light curve near literature CLAGNs, kNN score 0.18) + P 0.05 (W1 flux now 1.02x its level at the last spectrum (unWISE to 2020)), x S 1.0 (last spectrum 4.3 yr ago), x B 1.00 (r = 17.0) = 1.25; +0.5 class change between spectra; -0.3 the ZTF+W1 manifold disagrees and there is no large photometric change; = priority 1.452","M 1.20 (W1 light curve near literature CLAGNs, kNN score 0.18) + P 0.05 (W1 flux now 1.02x its level at the last spectrum (unWISE to 2020)), x S 1.0 (last spectrum 4.3 yr ago), x B 1.00 (r = 17.0) = 1.25; +0.5 class change between spectra; -0.3 the ZTF+W1 manifold disagrees and there is no large photometric change; = priority 1.452; sep23: x1.0 for moon 114 deg = 1.452; 8 min on source + 5 overhead -> 6.702 per hour (ranking key)",1.5,1.42,114.0,0.0,04,
0,sep23,T1,P2145,242.01814,27.813292,0.172144,18.43837,10.0,2 x 5 min,6.664,1.666,1.666,1.0666666666666669,0.5989180752273098,flat/unknown,21.3305954825462,1,QSO,0.16,0.75,False,,,,False,,MgII+Hb+[OIII]+Ha+CaII_trip,,False,"DR16 QSO, SDSS spectrum 1577-53495-264","M 1.07 (W1 light curve near literature CLAGNs, kNN score 0.16) + P 0.60 (W1 flux now 0.78x its level at the last spectrum (unWISE to 2020)), x S 1.0 (last spectrum 21.3 yr ago), x B 1.00 (r = 18.4) = 1.67; = priority 1.666","M 1.07 (W1 light curve near literature CLAGNs, kNN score 0.16) + P 0.60 (W1 flux now 0.78x its level at the last spectrum (unWISE to 2020)), x S 1.0 (last spectrum 21.3 yr ago), x B 1.00 (r = 18.4) = 1.67; = priority 1.666; sep23: x1.0 for moon 115 deg = 1.666; 10 min on source + 5 overhead -> 6.664 per hour (ranking key)",1.5,1.37,115.0,0.0,04,
0,sep23,T1,P4086,247.89499,32.838835,0.6901965,18.3959818,23.0,3 x 8 min,6.609,3.084,3.084,2.0,1.0841027464967692,fading,4.368324650650248,2,QSO,0.16,6.72,True,0.9333333333333336,0.9948319792747498,1.0,False,clean,MgII+Hb+[OIII],,False,"DR16 QSO, SDSS spectrum 1058-52520-134","M 2.00 (W1 light curve in the Zeltyn CL-AGN region, 6.7x enriched) + P 1.08 (W1 flux in 2024 0.64x its level at the last spectrum (NEOWISE)), x S 1.0 (last spectrum 4.4 yr ago), x B 1.00 (r = 18.4) = 3.08; = priority 3.084","M 2.00 (W1 light curve in the Zeltyn CL-AGN region, 6.7x enriched) + P 1.08 (W1 flux in 2024 0.64x its level at the last spectrum (NEOWISE)), x S 1.0 (last spectrum 4.4 yr ago), x B 1.00 (r = 18.4) = 3.08; = priority 3.084; sep23: x1.0 for moon 109 deg = 3.084; 23 min on source + 5 overhead -> 6.609 per hour (ranking key)",2.0,1.25,109.0,0.0,04,
0,sep23,T1,P3478,253.81895,32.265321,0.1780782,18.08651065,8.0,2 x 4 min,6.471,1.402,1.402,2.0,0.803919231402723,flat/unknown,23.2580424366872,1,QSO,0.3,0.75,False,0.7699999999999999,0.387948989868164,1.0,True,neighbour,MgII+Hb+[OIII]+Ha+CaII_trip,,False,"DR16 QSO, SDSS spectrum 1176-52791-482; W1 NEIGHBOUR BLEND: ~50% of the WISE flux from a neighbour within 8""","M 2.00 (W1 light curve near literature CLAGNs, kNN score 0.3) + P 0.80 (W1 flux in 2024 1.39x its level at the last spectrum (NEOWISE)), x S 1.0 (last spectrum 23.3 yr ago), x B 1.00 (r = 18.1) = 2.80; x0.5 W1 neighbour blend, change not confirmed by ZTF or spectra; = priority 1.402","M 2.00 (W1 light curve near literature CLAGNs, kNN score 0.3) + P 0.80 (W1 flux in 2024 1.39x its level at the last spectrum (NEOWISE)), x S 1.0 (last spectrum 23.3 yr ago), x B 1.00 (r = 18.1) = 2.80; x0.5 W1 neighbour blend, change not confirmed by ZTF or spectra; = priority 1.402; sep23: x1.0 for moon 104 deg = 1.402; 8 min on source + 5 overhead -> 6.471 per hour (ranking key)",2.3333333333333335,1.18,104.0,0.0,04,
0,sep23,T1,P3065,243.09159,31.809147,0.4523142,18.51674,11.0,2 x 6 min,6.45,1.72,1.72,1.0666666666666669,1.0834786498762718,brightening,22.29158110882957,1,QSO,0.16,1.12,False,,,,False,,MgII+Hb+[OIII]+Ha,,False,"DR16 QSO, SDSS spectrum 1419-53144-50","M 1.07 (W1 light curve near literature CLAGNs, kNN score 0.16) + P 1.08 (W1 flux now 1.55x its level at the last spectrum (unWISE to 2020)), x S 1.0 (last spectrum 22.3 yr ago), x B 0.80 (r = 18.5) = 1.72; = priority 1.72","M 1.07 (W1 light curve near literature CLAGNs, kNN score 0.16) + P 1.08 (W1 flux now 1.55x its level at the last spectrum (unWISE to 2020)), x S 1.0 (last spectrum 22.3 yr ago), x B 0.80 (r = 18.5) = 1.72; = priority 1.72; sep23: x1.0 for moon 113 deg = 1.72; 11 min on source + 5 overhead -> 6.45 per hour (ranking key)",1.6666666666666667,1.32,113.0,0.0,04,
0,sep23,T1,P3438,248.82828,52.135389,0.6537105,16.9943962,8.0,2 x 4 min,6.429,1.393,1.393,1.2433333333333334,0.1499222627038655,flat/unknown,3.2005475701574264,3,?,0.06,3.73,True,0.8,0.9772239923477172,0.0,False,clean,MgII+Hb+[OIII],,False,"DR16 QSO, SDSS spectrum 8058-57196-876","M 1.24 (W1 light curve in the Zeltyn CL-AGN region, 3.7x enriched) + P 0.15 (W1 faded 0.07 mag from 2014 to 2024 (NEOWISE)), x S 1.0 (last spectrum 3.2 yr ago), x B 1.00 (r = 17.0) = 1.39; = priority 1.393","M 1.24 (W1 light curve in the Zeltyn CL-AGN region, 3.7x enriched) + P 0.15 (W1 faded 0.07 mag from 2014 to 2024 (NEOWISE)), x S 1.0 (last spectrum 3.2 yr ago), x B 1.00 (r = 17.0) = 1.39; = priority 1.393; sep23: x1.0 for moon 103 deg = 1.393; 8 min on source + 5 overhead -> 6.429 per hour (ranking key)",2.6666666666666665,1.24,103.0,0.0,04,
0,sep23,T1,P103,238.19226,35.737967,0.4345853,18.046051,8.0,2 x 4 min,6.42,1.391,1.391,1.2,0.1905454790644177,flat/unknown,4.3684493262696815,2,QSO,0.18,0.37,False,0.8,0.9592260122299194,0.0,False,clean,MgII+Hb+[OIII]+Ha,,False,"DR16 QSO, SDSS spectrum 1417-53141-411","M 1.20 (W1 light curve near literature CLAGNs, kNN score 0.18) + P 0.19 (W1 flux now 1.08x its level at the last spectrum (unWISE to 2020)), x S 1.0 (last spectrum 4.4 yr ago), x B 1.00 (r = 18.0) = 1.39; = priority 1.391","M 1.20 (W1 light curve near literature CLAGNs, kNN score 0.18) + P 0.19 (W1 flux now 1.08x its level at the last spectrum (unWISE to 2020)), x S 1.0 (last spectrum 4.4 yr ago), x B 1.00 (r = 18.0) = 1.39; = priority 1.391; sep23: x1.0 for moon 116 deg = 1.391; 8 min on source + 5 overhead -> 6.42 per hour (ranking key)",1.5,1.39,116.0,0.0,04,
0,sep23,T1,P1170,237.37608,41.748187,0.7464998,18.36080075,22.0,3 x 7 min,6.416,2.887,2.887,1.99,0.3973165798693494,flat/unknown,5.288581427022582,3,QSO,0.16,5.97,True,1.0666666666666669,0.9899960160255432,0.0,False,clean,MgII+Hb+[OIII],,False,"DR16 QSO, SDSS spectrum 1053-52468-599; also in the CLAGN region of the ZTF+W1 manifold","M 1.99 (W1 light curve in the Zeltyn CL-AGN region, 6.0x enriched) + P 0.40 (W1 flux now 0.85x its level at the last spectrum (unWISE to 2020)), x S 1.0 (last spectrum 5.3 yr ago), x B 1.00 (r = 18.4) = 2.39; +0.5 the ZTF+W1 manifold agrees; = priority 2.887","M 1.99 (W1 light curve in the Zeltyn CL-AGN region, 6.0x enriched) + P 0.40 (W1 flux now 0.85x its level at the last spectrum (unWISE to 2020)), x S 1.0 (last spectrum 5.3 yr ago), x B 1.00 (r = 18.4) = 2.39; +0.5 the ZTF+W1 manifold agrees; = priority 2.887; sep23: x1.0 for moon 114 deg = 2.887; 22 min on source + 5 overhead -> 6.416 per hour (ranking key)",1.6666666666666667,1.38,114.0,0.0,04,
0,sep23,T1,P672,239.87068,56.751188,0.5312802,18.31212,8.0,2 x 4 min,6.388,1.384,1.384,1.0666666666666669,0.3172354961755846,flat/unknown,8.451745379876797,1,QSO,0.16,1.12,False,,,,False,,MgII+Hb+[OIII]+Ha,,False,"DR16 QSO, SDSS spectrum 8418-58199-150","M 1.07 (W1 light curve near literature CLAGNs, kNN score 0.16) + P 0.32 (W1 flux now 0.88x its level at the last spectrum (unWISE to 2020)), x S 1.0 (last spectrum 8.5 yr ago), x B 1.00 (r = 18.3) = 1.38; = priority 1.384","M 1.07 (W1 light curve near literature CLAGNs, kNN score 0.16) + P 0.32 (W1 flux now 0.88x its level at the last spectrum (unWISE to 2020)), x S 1.0 (last spectrum 8.5 yr ago), x B 1.00 (r = 18.3) = 1.38; = priority 1.384; sep23: x1.0 for moon 106 deg = 1.384; 8 min on source + 5 overhead -> 6.388 per hour (ranking key)",2.1666666666666665,1.35,106.0,0.0,04,
0,sep23,T1,P5061,319.68018,-6.6050102,0.3280726,18.0008354,8.0,2 x 4 min,6.378,1.382,1.974,1.2,0.7739171085537487,fading,25.02395619438741,1,QSO,0.18,0.75,False,0.8983333333333334,0.991487979888916,0.0,False,clean,MgII+Hb+[OIII]+Ha,,False,"DR16 QSO, SDSS spectrum 639-52146-467","M 1.20 (W1 light curve near literature CLAGNs, kNN score 0.18) + P 0.77 (W1 flux now 0.73x its level at the last spectrum (unWISE to 2020)), x S 1.0 (last spectrum 25.0 yr ago), x B 1.00 (r = 18.0) = 1.97; = priority 1.974","M 1.20 (W1 light curve near literature CLAGNs, kNN score 0.18) + P 0.77 (W1 flux now 0.73x its level at the last spectrum (unWISE to 2020)), x S 1.0 (last spectrum 25.0 yr ago), x B 1.00 (r = 18.0) = 1.97; = priority 1.974; sep23: x0.7 for moon 41 deg = 1.382; 8 min on source + 5 overhead -> 6.378 per hour (ranking key)",4.666666666666667,1.3,41.0,0.0,04,
0,sep23,T1,P1926,245.09773,25.405837,0.1376014,18.23214,8.0,2 x 4 min,6.365,1.379,1.379,1.0666666666666669,0.3119795355551823,flat/unknown,21.32785763175907,1,QSO,0.16,0.75,False,,,,False,,MgII+Hb+[OIII]+Ha+CaII_trip,,False,"DR16 QSO, SDSS spectrum 1576-53496-100","M 1.07 (W1 light curve near literature CLAGNs, kNN score 0.16) + P 0.31 (W1 flux now 1.13x its level at the last spectrum (unWISE to 2020)), x S 1.0 (last spectrum 21.3 yr ago), x B 1.00 (r = 18.2) = 1.38; = priority 1.379","M 1.07 (W1 light curve near literature CLAGNs, kNN score 0.16) + P 0.31 (W1 flux now 1.13x its level at the last spectrum (unWISE to 2020)), x S 1.0 (last spectrum 21.3 yr ago), x B 1.00 (r = 18.2) = 1.38; = priority 1.379; sep23: x1.0 for moon 113 deg = 1.379; 8 min on source + 5 overhead -> 6.365 per hour (ranking key)",1.5,1.33,113.0,0.0,04,
0,sep23,T1,P3340,253.49046,50.31629,0.2004885,18.0953407,8.0,2 x 4 min,6.337,1.373,1.373,1.2,0.4732362698906012,flat/unknown,5.160095480520188,2,QSO,0.18,1.49,False,0.2666666666666666,0.5079079866409302,0.0,False,extended host,MgII+Hb+[OIII]+Ha+CaII_trip,,False,"DR16 QSO, SDSS spectrum 6315-56181-792; extended host in the WISE beam (unWISE own-flux fraction 51%)","M 1.20 (W1 light curve near literature CLAGNs, kNN score 0.18) + P 0.47 (W1 flux now 0.83x its level at the last spectrum (unWISE to 2020)), x S 1.0 (last spectrum 5.2 yr ago), x B 1.00 (r = 18.1) = 1.67; -0.3 the ZTF+W1 manifold disagrees and there is no large photometric change; = priority 1.373","M 1.20 (W1 light curve near literature CLAGNs, kNN score 0.18) + P 0.47 (W1 flux now 0.83x its level at the last spectrum (unWISE to 2020)), x S 1.0 (last spectrum 5.2 yr ago), x B 1.00 (r = 18.1) = 1.67; -0.3 the ZTF+W1 manifold disagrees and there is no large photometric change; = priority 1.373; sep23: x1.0 for moon 101 deg = 1.373; 8 min on source + 5 overhead -> 6.337 per hour (ranking key)",3.0,1.19,101.0,0.0,04,
0,sep23,T1,P4288,256.39562,33.669925,0.125119,17.28868,8.0,2 x 4 min,6.272,1.359,1.359,1.0666666666666669,0.2925219914998979,flat/unknown,24.23271731690623,1,QSO,0.16,0.75,False,,,,False,,MgII+Hb+[OIII]+Ha+CaII_trip,,False,"DR16 QSO, SDSS spectrum 972-52435-40","M 1.07 (W1 light curve near literature CLAGNs, kNN score 0.16) + P 0.29 (W1 flux now 0.89x its level at the last spectrum (unWISE to 2020)), x S 1.0 (last spectrum 24.2 yr ago), x B 1.00 (r = 17.3) = 1.36; = priority 1.359","M 1.07 (W1 light curve near literature CLAGNs, kNN score 0.16) + P 0.29 (W1 flux now 0.89x its level at the last spectrum (unWISE to 2020)), x S 1.0 (last spectrum 24.2 yr ago), x B 1.00 (r = 17.3) = 1.36; = priority 1.359; sep23: x1.0 for moon 102 deg = 1.359; 8 min on source + 5 overhead -> 6.272 per hour (ranking key)",2.6666666666666665,1.15,102.0,0.0,04,
0,sep23,T1,P3475,249.41178,33.89012,0.7962279,17.6731911,8.0,2 x 4 min,6.198,1.343,1.343,1.12,0.2228885143969723,flat/unknown,4.349166073949355,3,QSO,0.06,3.36,True,0.9333333333333336,0.996399998664856,0.0,False,clean,MgII+Hb+[OIII],,False,"DR16 QSO, SDSS spectrum 5188-55803-154","M 1.12 (W1 light curve in the Zeltyn CL-AGN region, 3.4x enriched) + P 0.22 (W1 flux now 0.91x its level at the last spectrum (unWISE to 2020)), x S 1.0 (last spectrum 4.3 yr ago), x B 1.00 (r = 17.7) = 1.34; = priority 1.343","M 1.12 (W1 light curve in the Zeltyn CL-AGN region, 3.4x enriched) + P 0.22 (W1 flux now 0.91x its level at the last spectrum (unWISE to 2020)), x S 1.0 (last spectrum 4.3 yr ago), x B 1.00 (r = 17.7) = 1.34; = priority 1.343; sep23: x1.0 for moon 107 deg = 1.343; 8 min on source + 5 overhead -> 6.198 per hour (ranking key)",2.1666666666666665,1.23,107.0,0.0,04,
0,sep23,T1,P3973,249.75341,36.115865,0.4671628,18.75753595,18.0,2 x 9 min,6.196,2.375,2.375,2.0,0.968435375371104,flat/unknown,5.299351755017108,2,QSO,0.14,7.09,True,0.5133333333333333,0.9902169704437256,0.0,False,clean,MgII+Hb+[OIII]+Ha,,False,"DR16 QSO, SDSS spectrum 1174-52782-493","M 2.00 (W1 light curve in the Zeltyn CL-AGN region, 7.1x enriched) + P 0.97 (W1 flux in 2024 0.68x its level at the last spectrum (NEOWISE)), x S 1.0 (last spectrum 5.3 yr ago), x B 0.80 (r = 18.8) = 2.37; = priority 2.375","M 2.00 (W1 light curve in the Zeltyn CL-AGN region, 7.1x enriched) + P 0.97 (W1 flux in 2024 0.68x its level at the last spectrum (NEOWISE)), x S 1.0 (last spectrum 5.3 yr ago), x B 0.80 (r = 18.8) = 2.37; = priority 2.375; sep23: x1.0 for moon 106 deg = 2.375; 18 min on source + 5 overhead -> 6.196 per hour (ranking key)",2.1666666666666665,1.22,106.0,0.0,04,
0,sep23,T1,P5125,318.14533,-0.990799,0.2351038,17.4777565,8.0,2 x 4 min,6.102,1.322,1.888,1.2,0.68767628306555,brightening,5.240246406570842,6,?,0.18,0.75,False,0.6666666666666667,0.9780349731445312,1.0,False,clean,MgII+Hb+[OIII]+Ha,,False,"DR16 QSO, SDSS spectrum 9139-58038-319","M 1.20 (W1 light curve near literature CLAGNs, kNN score 0.18) + P 0.69 (W1 flux now 1.32x its level at the last spectrum (unWISE to 2020)), x S 1.0 (last spectrum 5.2 yr ago), x B 1.00 (r = 17.5) = 1.89; = priority 1.888","M 1.20 (W1 light curve near literature CLAGNs, kNN score 0.18) + P 0.69 (W1 flux now 1.32x its level at the last spectrum (unWISE to 2020)), x S 1.0 (last spectrum 5.2 yr ago), x B 1.00 (r = 17.5) = 1.89; = priority 1.888; sep23: x0.7 for moon 42 deg = 1.322; 8 min on source + 5 overhead -> 6.102 per hour (ranking key)",4.666666666666667,1.21,42.0,0.0,04,
0,sep23,T1,P1972,244.16449,55.408408,0.5556621,17.8575497,9.0,2 x 4 min,6.0,1.4,1.4,1.2,0.1997214409653305,flat/unknown,4.257357973990418,8,?,0.18,0.37,False,0.9333333333333336,0.9969130158424376,0.0,False,clean,MgII+Hb+[OIII]+Ha,,False,"DR16 QSO, SDSS spectrum 8065-58248-796","M 1.20 (W1 light curve near literature CLAGNs, kNN score 0.18) + P 0.20 (ZTF r brightened 0.09 mag since the last spectrum), x S 1.0 (last spectrum 4.3 yr ago), x B 1.00 (r = 17.9) = 1.40; = priority 1.4","M 1.20 (W1 light curve near literature CLAGNs, kNN score 0.18) + P 0.20 (ZTF r brightened 0.09 mag since the last spectrum), x S 1.0 (last spectrum 4.3 yr ago), x B 1.00 (r = 17.9) = 1.40; = priority 1.4; sep23: x1.0 for moon 104 deg = 1.4; 9 min on source + 5 overhead -> 6.0 per hour (ranking key)",2.5,1.3,104.0,0.0,04,
0,sep23,T1,P3735,254.85911,31.819552,0.1899799,18.27077,8.0,2 x 4 min,5.922,1.283,1.283,1.0666666666666669,0.2162635958304098,flat/unknown,23.2580424366872,1,QSO,0.16,0.75,False,,,,False,,MgII+Hb+[OIII]+Ha+CaII_trip,,False,"DR16 QSO, SDSS spectrum 1176-52791-35","M 1.07 (W1 light curve near literature CLAGNs, kNN score 0.16) + P 0.22 (W1 flux now 1.09x its level at the last spectrum (unWISE to 2020)), x S 1.0 (last spectrum 23.3 yr ago), x B 1.00 (r = 18.3) = 1.28; = priority 1.283","M 1.07 (W1 light curve near literature CLAGNs, kNN score 0.16) + P 0.22 (W1 flux now 1.09x its level at the last spectrum (unWISE to 2020)), x S 1.0 (last spectrum 23.3 yr ago), x B 1.00 (r = 18.3) = 1.28; = priority 1.283; sep23: x1.0 for moon 103 deg = 1.283; 8 min on source + 5 overhead -> 5.922 per hour (ranking key)",2.5,1.17,103.0,0.0,04,
0,sep23,T1,P4378,260.11123,55.673354,0.3592547,17.02938,8.0,2 x 4 min,5.825,1.262,1.262,1.0666666666666669,0.1948346454728951,flat/unknown,25.43189596167009,1,QSO,0.16,0.75,False,,,,False,,MgII+Hb+[OIII]+Ha,,False,"DR16 QSO, SDSS spectrum 367-51997-472","M 1.07 (W1 light curve near literature CLAGNs, kNN score 0.16) + P 0.19 (W1 flux now 0.92x its level at the last spectrum (unWISE to 2020)), x S 1.0 (last spectrum 25.4 yr ago), x B 1.00 (r = 17.0) = 1.26; = priority 1.262","M 1.07 (W1 light curve near literature CLAGNs, kNN score 0.16) + P 0.19 (W1 flux now 0.92x its level at the last spectrum (unWISE to 2020)), x S 1.0 (last spectrum 25.4 yr ago), x B 1.00 (r = 17.0) = 1.26; = priority 1.262; sep23: x1.0 for moon 96 deg = 1.262; 8 min on source + 5 overhead -> 5.825 per hour (ranking key)",3.5,1.17,96.0,0.0,04,
0,sep23,T1,P3167,245.72245,48.066168,0.1924804,18.6057129,13.0,2 x 6 min,5.78,1.734,1.734,1.3333333333333337,0.8346039488534861,fading,25.026694045174537,1,QSO,0.2,1.12,False,0.5333333333333333,0.986515998840332,0.0,False,clean,MgII+Hb+[OIII]+Ha+CaII_trip,,False,"DR16 QSO, SDSS spectrum 625-52145-297","M 1.33 (W1 light curve near literature CLAGNs, kNN score 0.2) + P 0.83 (W1 flux now 0.71x its level at the last spectrum (unWISE to 2020)), x S 1.0 (last spectrum 25.0 yr ago), x B 0.80 (r = 18.6) = 1.73; = priority 1.734","M 1.33 (W1 light curve near literature CLAGNs, kNN score 0.2) + P 0.83 (W1 flux now 0.71x its level at the last spectrum (unWISE to 2020)), x S 1.0 (last spectrum 25.0 yr ago), x B 0.80 (r = 18.6) = 1.73; = priority 1.734; sep23: x1.0 for moon 106 deg = 1.734; 13 min on source + 5 overhead -> 5.78 per hour (ranking key)",2.3333333333333335,1.26,106.0,0.0,04,
0,sep23,T1,P2745,246.48905,44.894343,0.3544186,18.8550682,21.0,3 x 7 min,5.778,2.504,2.504,2.0,1.13038502938845,fading,4.313719090732374,12,QSO,0.3,5.22,False,0.9333333333333336,0.9822930097579956,1.0,False,minor neighbour,MgII+Hb+[OIII]+Ha,,False,"DR16 QSO, SDSS spectrum 626-52057-403; minor neighbour within 8"" (< 15% of the W1 flux)","M 2.00 (W1 light curve near literature CLAGNs, kNN score 0.3) + P 1.13 (W1 flux now 0.63x its level at the last spectrum (unWISE to 2020)), x S 1.0 (last spectrum 4.3 yr ago), x B 0.80 (r = 18.9) = 2.50; = priority 2.504","M 2.00 (W1 light curve near literature CLAGNs, kNN score 0.3) + P 1.13 (W1 flux now 0.63x its level at the last spectrum (unWISE to 2020)), x S 1.0 (last spectrum 4.3 yr ago), x B 0.80 (r = 18.9) = 2.50; = priority 2.504; sep23: x1.0 for moon 107 deg = 2.504; 21 min on source + 5 overhead -> 5.778 per hour (ranking key)",2.3333333333333335,1.25,107.0,0.0,04,
0,sep23,T1,P3209,250.81894,31.891545,0.1369817,17.7622757,8.0,2 x 4 min,5.746,1.245,1.245,1.2,0.0447563904143744,flat/unknown,23.27173169062286,1,QSO,0.18,2.61,False,0.6416666666666667,0.9291030168533324,0.0,False,clean,MgII+Hb+[OIII]+Ha+CaII_trip,,False,"DR16 QSO, SDSS spectrum 1341-52786-163","M 1.20 (W1 light curve near literature CLAGNs, kNN score 0.18) + P 0.04 (W1 flux now 0.98x its level at the last spectrum (unWISE to 2020)), x S 1.0 (last spectrum 23.3 yr ago), x B 1.00 (r = 17.8) = 1.24; = priority 1.245","M 1.20 (W1 light curve near literature CLAGNs, kNN score 0.18) + P 0.04 (W1 flux now 0.98x its level at the last spectrum (unWISE to 2020)), x S 1.0 (last spectrum 23.3 yr ago), x B 1.00 (r = 17.8) = 1.24; = priority 1.245; sep23: x1.0 for moon 106 deg = 1.245; 8 min on source + 5 overhead -> 5.746 per hour (ranking key)",2.1666666666666665,1.22,106.0,0.0,04,
0,sep23,T4,P3765,248.03376,45.871628,0.05815266,17.15574,8.0,2 x 4 min,4.449,0.964,0.964,0.0,0.035791711288207,flat/unknown,25.02943189596167,1,QSO,0.0,0.0,False,,0.9987059831619264,2.0,False,minor neighbour,Hb+[OIII]+Ha+CaII_trip+[SIII]9531,,False,"DR16 QSO, SDSS spectrum 627-52144-261; minor neighbour within 8"" (< 15% of the W1 flux)","control: bright and photometrically quiet, off the CLAGN regions; B x S x (1 - P) = 0.96; = priority 0.964","control: bright and photometrically quiet, off the CLAGN regions; B x S x (1 - P) = 0.96; = priority 0.964; sep23: x1.0 for moon 105 deg = 0.964; 8 min on source + 5 overhead -> 4.449 per hour (ranking key)",2.5,1.23,105.0,16.0,04,
0,sep23,T4,P2650,246.49816,37.943861,0.3640382,18.0866928,8.0,2 x 4 min,4.431,0.96,0.96,0.0,0.0395351104384187,flat/unknown,23.32375085557837,1,QSO,0.0,0.0,False,0.5333333333333333,0.9888479709625244,0.0,False,clean,MgII+Hb+[OIII]+Ha,,False,"DR16 QSO, SDSS spectrum 1337-52767-624","control: bright and photometrically quiet, off the CLAGN regions; B x S x (1 - P) = 0.96; = priority 0.96","control: bright and photometrically quiet, off the CLAGN regions; B x S x (1 - P) = 0.96; = priority 0.96; sep23: x1.0 for moon 109 deg = 0.96; 8 min on source + 5 overhead -> 4.431 per hour (ranking key)",2.0,1.25,109.0,17.0,04,
0,sep23,T3,J162829.18+432948.6,247.1215833333333,43.496833333333335,0.260285,18.8005867,19.0,2 x 10 min,1.09,0.436,0.436,1.6,0.2180687457510748,flat/unknown,1.2867898699520877,30,QSO,0.24,,False,0.8,0.9751530289649964,0.0,False,clean,MgII+Hb+[OIII]+Ha,,False,"Zeltyn+2024 CL-AGN, last SDSS epoch MJD 60107","M 1.60 (W1 light curve near literature CLAGNs, kNN score 0.24) + P 0.22 (W1 brightened 0.10 mag from 2014 to 2024 (NEOWISE)), x S 0.3 (last spectrum only 1.3 yr ago, so x0.3), x B 0.80 (r = 18.8) = 0.44; = priority 0.436","M 1.60 (W1 light curve near literature CLAGNs, kNN score 0.24) + P 0.22 (W1 brightened 0.10 mag from 2014 to 2024 (NEOWISE)), x S 0.3 (last spectrum only 1.3 yr ago, so x0.3), x B 0.80 (r = 18.8) = 0.44; = priority 0.436; sep23: x1.0 for moon 107 deg = 0.436; 19 min on source + 5 overhead -> 1.09 per hour (ranking key)",2.3333333333333335,1.24,107.0,18.0,04,
