name,class_zeltyn,z,ra,dec
J000719.90+253128.6,EVQ,0.559321,1.8329166666666663,25.52461111111111
J000750.51+005815.2,CL-AGN,0.345113,1.960458333333333,0.9708888888888889
J001103.49+010032.6,CL-AGN,0.485892,2.7645416666666662,1.0090555555555556
J001133.95-000001.1,EVQ,0.44707,2.8914583333333326,-0.0003055555555555556
J001333.96+014506.8,CL-AGN,0.881555,3.3914999999999997,1.7518888888888888
J002956.65+010537.2,EVQ,0.373015,7.486041666666666,1.0936666666666666
J003242.74+003110.9,EVQ,0.360592,8.178083333333332,0.5196944444444445
J003841.53+000226.7,CL-AGN,0.649649,9.673041666666665,0.04075
J003849.27-011722.4,EVQ,0.500226,9.705291666666664,-1.2895555555555553
J004459.09-010629.3,CL-AGN,0.228215,11.24620833333333,-1.108138888888889
J004616.68+000249.1,CL-AGN,0.4531,11.5695,0.04697222222222222
J011536.11+003352.4,CL-AGN,0.364029,18.90045833333333,0.5645555555555556
J011851.07-010417.3,CL-AGN,0.573171,19.712791666666664,-1.0714722222222222
J011943.50-010858.5,EVQ,0.497391,19.931249999999995,-1.1495833333333334
J012025.45+142727.9,CL-AGN,0.263752,20.106041666666663,14.457749999999999
J012150.93+145344.0,EVQ,0.593289,20.462208333333333,14.895555555555555
J012256.19-000252.6,CL-AGN,0.340502,20.734124999999995,-0.04794444444444444
J012416.34+004052.2,CL-AGN,0.594002,21.06808333333333,0.6811666666666666
J012452.64+000958.9,EVQ,0.267199,21.21933333333333,0.1663611111111111
J012524.66+001935.9,CL-AGN,1.662356,21.35275,0.32663888888888887
J012716.17-003557.7,EVQ,0.371335,21.817374999999995,-0.5993611111111111
J012839.76+003342.5,CL-AGN,0.434354,22.165666666666667,0.5618055555555556
J012946.72+150457.3,CL-AGN,0.364851,22.444666666666663,15.082583333333334
J012953.16-003104.3,EVQ,0.487809,22.4715,-0.5178611111111112
J013309.79-000107.7,CL-AGN,0.393807,23.290791666666664,-0.018805555555555555
J013944.05-004251.5,CL-AGN,0.471326,24.933541666666663,-0.7143055555555555
J014022.54+002629.7,EVQ,1.857251,25.09391666666666,0.4415833333333333
J014128.85+003712.2,CL-AGN,0.814749,25.37020833333333,0.6200555555555556
J014209.02-005050.0,CL-AGN,0.132549,25.53758333333333,-0.8472222222222222
J015105.80-003426.4,EVQ,0.335108,27.774166666666662,-0.574
J015108.82+003517.2,CL-AGN,0.875433,27.786749999999998,0.5881111111111111
J015717.74+004108.4,EVQ,0.389593,29.323916666666666,0.6856666666666666
J015854.50+001307.3,CL-AGN,0.145004,29.72708333333333,0.21869444444444444
J015957.64+003310.5,CL-AGN,0.31205,29.990166666666667,0.5529166666666667
J020428.59-031013.7,EVQ,0.359745,31.119124999999997,-3.170472222222222
J020649.48-041452.7,CL-AGN,0.138743,31.70616666666666,-4.247972222222223
J020719.49-033600.7,EVQ,0.560031,31.831208333333333,-3.6001944444444445
J021122.60-021129.8,EVQ,0.210883,32.84416666666666,-2.191611111111111
J022105.64-044101.5,CL-AGN RM,0.198636,35.2735,-4.68375
J022907.77+003755.0,EVQ,0.458884,37.282375,0.6319444444444444
J023029.63+004305.0,EVQ,2.586888,37.623458333333325,0.7180555555555556
J023112.11-002056.3,EVQ,0.643731,37.80045833333333,-0.3489722222222222
J023128.98+011250.2,EVQ,0.600864,37.870749999999994,1.2139444444444445
J023427.80+010921.9,CL-AGN,0.739439,38.61583333333333,1.1560833333333334
J023904.10-004410.8,CL-AGN,0.567837,39.767083333333325,-0.7363333333333333
J023958.89-000901.2,CL-AGN,0.394828,39.995374999999996,-0.15033333333333332
J024508.68+003710.7,CL-AGN,0.29935,41.28616666666666,0.619638888888889
J024510.20-000628.1,EVQ,2.132256,41.2925,-0.10780555555555556
J024637.95-004105.4,EVQ,0.85716,41.65812499999999,-0.6848333333333333
J024712.91-011106.2,EVQ,0.486331,41.80379166666666,-1.1850555555555555
J025515.09+003740.5,CL-AGN,1.012572,43.812875,0.6279166666666667
J073716.39+380202.4,EVQ,0.550421,114.31829166666665,38.034
J073916.52+315814.3,CL-AGN,0.727763,114.81883333333332,31.97063888888889
J074147.21+303243.1,EVQ,0.697918,115.44670833333333,30.545305555555558
J074314.98+383829.8,EVQ,0.352608,115.81241666666666,38.64161111111111
J074511.98+380911.3,EVQ,0.23648,116.29991666666665,38.15313888888889
J075225.29+284728.5,CL-AGN,0.772837,118.10537499999998,28.79125
J075827.30+342457.5,EVQ,0.562246,119.61375,34.41597222222222
J075934.95+322143.3,CL-AGN,0.26888,119.89562499999998,32.362027777777776
J080020.23+315414.2,EVQ,1.659855,120.08429166666666,31.90394444444444
J080133.29+341737.6,CL-AGN,0.337982,120.38870833333334,34.29377777777778
J080709.93+205901.8,EVQ,0.314605,121.79137499999997,20.983833333333333
J080711.72+194439.7,CL-AGN,0.347745,121.7988333333333,19.74436111111111
J080717.58+251758.7,CL-AGN,0.383252,121.82325,25.29963888888889
J080803.27+325145.6,CL-AGN,0.631568,122.01362499999998,32.86266666666667
J080832.67+260130.3,EVQ,0.459197,122.13612499999996,26.02508333333333
J080838.73+273252.4,CL-AGN,0.47762,122.16137499999998,27.54788888888889
J081009.62+211625.8,CL-AGN,0.769466,122.5400833333333,21.273833333333332
J081051.52+325251.9,EVQ,0.705579,122.71466666666663,32.881083333333336
J081116.71+320935.4,EVQ,0.15368,122.81962499999999,32.15983333333333
J081127.88+222045.3,EVQ,0.312202,122.86616666666666,22.345916666666664
J081314.19+215550.8,CL-AGN,0.454432,123.30912499999998,21.930777777777777
J081338.47+215349.9,CL-AGN,0.548448,123.41029166666665,21.897194444444445
J081352.60+243903.6,CL-AGN,0.651118,123.46916666666667,24.651
J081429.24+265241.5,EVQ,0.284569,123.62183333333331,26.878194444444446
J081537.56+384303.2,CL-AGN,0.506738,123.90649999999998,38.717555555555556
J082018.50+344141.0,CL-AGN,0.497461,125.07708333333332,34.69472222222222
J082039.62+391759.1,EVQ,0.87603,125.16508333333334,39.299749999999996
J082459.79+315932.5,EVQ,1.475583,126.249125,31.992361111111112
J082526.43+274205.8,EVQ,0.340195,126.36012499999998,27.70161111111111
J082537.64+320443.7,CL-AGN,0.719988,126.40683333333331,32.07880555555556
J083000.36+343238.8,EVQ,0.739263,127.50149999999998,34.54411111111111
J083414.18+270101.6,CL-AGN,1.071886,128.55908333333332,27.01711111111111
J083537.26+314209.9,EVQ,1.813543,128.90525,31.702749999999998
J083542.72+035353.8,EVQ,0.882281,128.928,3.898277777777778
J083716.47+035606.1,CL-AGN,0.063482,129.318625,3.935027777777778
J083754.66+040007.2,EVQ,0.563324,129.47775,4.002
J084047.47+370701.1,EVQ,0.525236,130.19779166666663,37.11697222222222
J084158.34+035851.7,CL-AGN,0.696807,130.49308333333332,3.981027777777778
J084528.72-002723.3,CL-AGN,0.154388,131.36966666666666,-0.4564722222222222
J084637.65+000024.5,CL-AGN,0.257489,131.656875,0.006805555555555555
J084924.70+002049.7,CL-AGN,0.508254,132.35291666666663,0.3471388888888889
J085321.89+010216.7,CL-AGN,0.213946,133.34120833333333,1.0379722222222223
J085337.26+014303.6,CL-AGN,0.058189,133.40525,1.7176666666666667
J085502.14+520137.7,EVQ,1.884805,133.75891666666666,52.027138888888885
J085512.13+032950.6,CL-AGN,0.124046,133.80054166666665,3.497388888888889
J090254.12+015429.1,CL-AGN,0.166121,135.72549999999998,1.9080833333333334
J090315.11+010623.1,CL-AGN,0.121657,135.81295833333334,1.1064166666666668
J090315.87-000710.1,CL-AGN,0.845034,135.816125,-0.11947222222222223
J090457.90+010423.1,EVQ,0.278855,136.24124999999998,1.0730833333333334
J090459.92-004206.9,CL-AGN,0.282439,136.24966666666666,-0.7019166666666666
J090535.77-004039.9,CL-AGN,0.793011,136.39904166666665,-0.67775
J090550.30+003948.1,CL-AGN,0.354041,136.4595833333333,0.6633611111111112
J090612.02+014412.0,CL-AGN,0.588482,136.5500833333333,1.7366666666666668
J090624.60+505549.5,CL-AGN,0.478108,136.60249999999996,50.930416666666666
J090826.74+002137.4,CL-AGN,0.162574,137.11141666666666,0.36038888888888887
J090903.50-005928.9,EVQ,2.440956,137.26458333333332,-0.991361111111111
J091156.22-005140.4,EVQ,0.570337,137.98424999999997,-0.8612222222222222
J091445.19+000648.8,EVQ,0.560135,138.68829166666663,0.11355555555555556
J091459.16+050243.4,CL-AGN,0.142516,138.74649999999997,5.045388888888889
J091649.41+000031.6,CL-AGN,0.222549,139.20587500000002,0.008777777777777778
J092158.92+034235.7,EVQ,0.323627,140.49549999999996,3.709916666666667
J092313.53+043445.0,CL-AGN,0.65682,140.80637499999997,4.579166666666667
J092629.23-000605.7,CL-AGN,0.201324,141.62179166666667,-0.10158333333333334
J092702.31+043308.2,EVQ,0.321793,141.75962499999997,4.552277777777777
J092739.77+050312.6,CL-AGN,0.126061,141.9157083333333,5.0535
J092814.62+005631.0,EVQ,0.405275,142.06091666666666,0.9419444444444445
J092957.88+001508.7,CL-AGN,0.800271,142.49116666666663,0.2524166666666667
J093041.65+011842.1,CL-AGN,2.396249,142.67354166666664,1.3116944444444445
J093149.46+014333.5,EVQ,0.356612,142.95608333333334,1.7259722222222222
J093209.96+040319.9,CL-AGN,0.275805,143.04149999999998,4.055527777777778
J093322.83+010120.9,CL-AGN,0.159933,143.34512499999997,1.0224722222222222
J093614.70+012105.9,CL-AGN,0.302738,144.06124999999997,1.351638888888889
J103723.72+363341.6,CL-AGN,0.519399,159.34883333333332,36.56155555555555
J112256.45+435227.7,EVQ,1.582557,170.7352083333333,43.874361111111114
J112518.07+272452.8,EVQ,0.564341,171.32529166666663,27.414666666666665
J112536.33+303915.9,CL-AGN,0.575978,171.40137499999997,30.654416666666666
J112825.59+565646.1,CL-AGN,0.615026,172.10662499999998,56.94613888888889
J112951.94+233237.3,EVQ,0.514746,172.46641666666665,23.543694444444448
J113025.21+304033.7,CL-AGN,0.842421,172.60504166666666,30.67602777777778
J113118.43+581841.8,CL-AGN,0.311977,172.82679166666665,58.311611111111105
J113200.64+292603.9,EVQ,0.578446,173.00266666666664,29.434416666666667
J113311.19+591357.9,EVQ,2.79157,173.296625,59.23275
J113333.82+592152.5,CL-AGN,0.486347,173.39091666666664,59.364583333333336
J113457.21+292502.4,CL-AGN,0.392179,173.73837499999996,29.417333333333335
J115705.84+560749.5,EVQ,0.653877,179.2743333333333,56.13041666666667
J121345.97+484419.4,EVQ,0.494173,183.44154166666664,48.73872222222222
J121618.00+515946.1,CL-AGN,0.623324,184.075,51.99613888888889
J122013.56+520206.3,EVQ,0.27803,185.0565,52.03508333333333
J122334.95+281544.0,EVQ,2.274074,185.895625,28.26222222222222
J132457.29+480241.3,CL-AGN,0.271847,201.2387083333333,48.044805555555556
J133244.09+141943.5,EVQ,0.59958,203.1837083333333,14.32875
J135157.54+533839.6,EVQ,1.519408,207.98974999999996,53.644333333333336
J135415.55+515925.9,CL-AGN,0.319749,208.56479166666665,51.99052777777778
J135544.26+531805.2,EVQ,1.572692,208.93441666666664,53.30144444444444
J135704.22+553414.8,EVQ,0.491954,209.26758333333328,55.57077777777778
J135726.62+553736.0,CL-AGN,2.363621,209.3609166666666,55.626666666666665
J135750.26+614309.0,CL-AGN,0.737404,209.45941666666664,61.719166666666666
J135925.58+612603.8,EVQ,0.502968,209.8565833333333,61.43438888888888
J140037.13+622132.9,CL-AGN,0.075293,210.15470833333333,62.35913888888889
J140104.00+633733.2,EVQ,1.698609,210.26666666666665,63.62588888888889
J140219.42+554556.4,CL-AGN,0.76352,210.58091666666664,55.76566666666667
J140515.59+542458.0,CL-AGN,0.083262,211.3149583333333,54.41611111111111
J140836.66+620103.9,EVQ,2.618734,212.15274999999997,62.01775
J141144.12+531508.6,CL-AGN RM,0.923187,212.9338333333333,53.25238888888889
J141634.37+515849.3,CL-AGN RM,0.989376,214.14320833333332,51.980361111111115
J142310.50+045455.1,EVQ,0.607454,215.79374999999996,4.915305555555556
J142613.05+321212.3,CL-AGN,0.523328,216.55437499999996,32.20341666666667
J142651.49+351924.5,EVQ,1.754633,216.71454166666663,35.32347222222223
J142813.06+045247.6,CL-AGN,0.445953,217.05441666666664,4.879888888888889
J142835.15+305639.6,CL-AGN,0.673064,217.1464583333333,30.944333333333333
J143421.57+044137.2,EVQ,0.906706,218.58987499999998,4.693666666666667
J143438.23+034121.9,CL-AGN,0.331644,218.65929166666663,3.689416666666667
J143732.94+355947.1,CL-AGN,0.370782,219.38725,35.99641666666667
J144024.60+345624.2,CL-AGN,0.752449,220.10249999999996,34.94005555555555
J144133.10+051633.5,EVQ,0.782236,220.38791666666665,5.275972222222222
J144731.89+342921.1,CL-AGN,0.387996,221.88287499999996,34.48919444444444
J153144.80+395542.2,EVQ,0.752683,232.93666666666664,39.92838888888889
J155829.36+271714.2,EVQ,0.090296,239.6223333333333,27.287277777777778
J160451.30+553223.5,EVQ,0.312626,241.21374999999998,55.53986111111111
J160541.37+335021.4,EVQ,0.831624,241.42237499999996,33.83927777777778
J160730.23+560305.6,CL-AGN,0.717069,241.8759583333333,56.05155555555555
J160738.15+472349.1,CL-AGN,0.516701,241.90895833333332,47.396972222222225
J161003.12+543627.9,CL-AGN,0.267623,242.513,54.60775
J161734.42+490211.9,CL-AGN,0.880448,244.39341666666667,49.03663888888889
J161832.10+431129.6,EVQ,0.504385,244.63375,43.19155555555555
J162829.18+432948.6,CL-AGN,0.260285,247.1215833333333,43.496833333333335
J163110.02+384457.4,CL-AGN,0.583915,247.79174999999995,38.74927777777778
J163345.19+441150.1,EVQ,0.768656,248.43829166666666,44.19725
J164348.61+390939.1,EVQ,0.675179,250.9525416666666,39.16086111111111
J164407.45+491912.0,EVQ,0.481326,251.03104166666665,49.32
J165234.96+393733.4,CL-AGN,0.641484,253.14566666666667,39.62594444444444
J165252.60+360057.4,EVQ,0.280965,253.21916666666667,36.01594444444444
J170643.86+412109.1,EVQ,1.769442,256.68275,41.35252777777778
J211834.39+005322.2,CL-AGN,0.451338,319.64329166666664,0.8895
J212928.91+000415.9,CL-AGN,0.180379,322.3704583333333,0.07108333333333333
J213517.46+002020.4,CL-AGN,0.181268,323.82275,0.33899999999999997
J220946.60-003822.8,CL-AGN,0.088949,332.4441666666666,-0.6396666666666666
J221003.68-005054.7,EVQ,0.388194,332.51533333333333,-0.8485277777777778
J221026.83-001721.1,CL-AGN,0.44867,332.61179166666665,-0.2891944444444444
J221055.80-001702.4,CL-AGN,0.657455,332.73249999999996,-0.284
J221301.55-004714.9,EVQ,1.68995,333.2564583333333,-0.7874722222222222
J222210.54+203340.7,CL-AGN,0.568833,335.54391666666663,20.561305555555556
J222306.32+194431.6,CL-AGN,0.259936,335.7763333333333,19.74211111111111
J222515.86+212758.3,CL-AGN,0.882035,336.3160833333333,21.466194444444444
J225350.57+193842.6,EVQ,0.432824,343.4607083333333,19.645166666666665
J232710.20+245645.9,EVQ,0.694549,351.79249999999996,24.946083333333334
J233650.69+004042.5,CL-AGN,0.161514,354.21120833333333,0.6784722222222221
J233830.25+002501.8,EVQ,0.463811,354.62604166666665,0.4171666666666667
J235042.15-010425.0,CL-AGN,0.396912,357.67562499999997,-1.073611111111111
J235214.78+005103.3,CL-AGN,0.602111,358.06158333333326,0.8509166666666667
J235439.15+005751.9,EVQ,0.389755,358.6631249999999,0.9644166666666666
J235720.13-005830.0,CL-AGN,0.339078,359.333875,-0.975
J235720.19+004012.8,CL-AGN,0.220698,359.334125,0.6702222222222222
