name,class_zeltyn,z,ra,dec,is_clagn,umap_x,umap_y,fvar_w1,mean_w1_mjy,projected,clagn_score,in_region_zeltyn,in_region_clagn,n_spec,n_sdss,n_desi,mjd_first,mjd_last,years_since_last_spec,class_change_flag,broadline_change_flag,last_class,last_subclass,r_nmgy_last_sdssv,mjd_last_sdssv,r_mag_last_sdssv
J144133.10+051633.5,EVQ,0.782236,220.38791666666663,5.275972222222222,False,9.741199,4.003328,0.1394605696103689,0.0944238003815443,True,0.32,True,False,14,13,1,55684.0,60061.0,3.35595868026142,True,True,?,,0.0,59315.0,
J012150.93+145344.0,EVQ,0.593289,20.462208333333333,14.895555555555555,False,9.716601,3.9061491,0.1350355999502041,0.1414894542527588,True,0.3,True,False,7,6,1,55830.0,59549.19746966,4.757197640808988,False,True,QSO,,7.451324,59219.0,20.319416380275037
J080832.67+260130.3,EVQ,0.459197,122.13612499999996,26.02508333333333,False,9.802511,3.750347,0.1348298198222626,0.1239324875220167,True,0.28,True,False,8,7,1,55536.0,59501.49063307,4.887811840918495,False,True,QSO,,5.27235,59254.0,20.694989418065056
J141144.12+531508.6,CL-AGN RM,0.923187,212.9338333333333,53.25238888888889,True,9.585032,3.7931774,0.1087123303221898,0.1928720113609174,True,0.24,True,False,272,272,0,56388.0,60118.0,3.19990118539489,False,False,?,,-0.02997152,59315.0,
J003841.53+000226.7,CL-AGN,0.649649,9.673041666666665,0.04075,True,9.722786,3.5211596,0.1419104028954207,0.2501303855365117,True,0.22,True,False,14,13,1,52261.0,59901.0,3.794014806202556,False,False,?,,6.605347,59187.0,20.450260906430685
J012452.64+000958.9,EVQ,0.267199,21.21933333333333,0.1663611111111111,False,9.555597,3.5570333,0.1255641748497383,0.2383553655023123,True,0.2,True,False,6,6,0,52209.0,59222.0,5.653015490665253,False,False,QSO,BROADLINE,15.8561,59222.0,19.499509059690006
J002956.65+010537.2,EVQ,0.373015,7.486041666666666,1.0936666666666666,False,9.426523,3.2347085,0.108327332005969,0.0928483939066942,True,0.18,True,False,9,9,0,55447.0,59958.0,3.6379573113360264,False,False,?,,3.555449,59193.0,21.12276386644301
J013309.79-000107.7,CL-AGN,0.393807,23.290791666666664,-0.0188055555555555,True,9.497199,3.4695048,0.1205091968465861,0.1021523024577249,True,0.18,True,False,5,5,0,57373.0,59222.0,5.653015490665253,False,False,QSO,BROADLINE,5.44439,59222.0,20.660126930943363
J090624.60+505549.5,CL-AGN,0.478108,136.60249999999996,50.930416666666666,True,9.585949,3.1991131,0.1147201987421628,0.083863734671804,True,0.18,True,False,10,10,0,57067.0,59312.0,5.406608919823364,False,False,QSO,,1.439295,59312.0,22.104625458275663
J093614.70+012105.9,CL-AGN,0.302738,144.06124999999997,1.351638888888889,True,13.537006,7.312562,0.4485913588850689,0.2016898721275782,True,0.18,True,False,9,8,1,52026.0,59592.33991614,4.639080059754915,False,False,QSO,,8.19358,59280.0,20.21631575398297
J112256.45+435227.7,EVQ,1.582557,170.7352083333333,43.874361111111114,False,9.557622,3.3973274,0.1252102941376485,0.1192504654533866,True,0.18,True,False,20,19,1,53062.0,60046.0,3.3970264420684018,False,True,?,,4.927543,59309.0,20.768423942947912
J153144.80+395542.2,EVQ,0.752683,232.93666666666664,39.92838888888889,False,9.673375,3.3923523,0.1265187935577595,0.5144231074305845,True,0.18,True,False,7,5,2,53149.0,59742.23381486,4.228692931158058,False,False,QSO,,,,
J235042.15-010425.0,CL-AGN,0.396912,357.67562499999997,-1.073611111111111,True,9.58902,3.3850002,0.0990128328722772,0.2103440249849509,True,0.18,True,False,11,10,1,55451.0,59878.0,3.8569853743065945,False,True,?,,6.235753,59192.0,20.512777739184862
J081352.60+243903.6,CL-AGN,0.651118,123.46916666666668,24.651,True,8.924078,2.3815696,0.0783110842923403,0.1466582408899069,True,0.16,True,False,3,3,0,58433.0,59230.0,5.631112684368196,False,False,QSO,BROADLINE,1.961001,59230.0,21.76880546216612
J092957.88+001508.7,CL-AGN,0.800271,142.49116666666663,0.2524166666666667,True,9.462269,2.9270158,0.1064205073651101,0.1696487976829039,True,0.16,True,False,5,4,1,55534.0,59640.20183716,4.508041261616659,True,False,GALAXY,,1.589109,59310.0,21.997115781721977
J135544.26+531805.2,EVQ,1.572692,208.93441666666664,53.30144444444444,False,9.006827,2.389627,0.0916866638222853,0.2660856833349156,True,0.16,True,False,8,6,2,52465.0,59387.01156968334,5.201238434721822,False,True,QSO,,29.68096,59315.0,18.818805140898288
J001133.95-000001.1,EVQ,0.44707,2.891458333333333,-0.0003055555555555,False,9.187544,2.631984,0.0879734389515336,0.0852542185463273,True,0.14,True,False,14,13,1,52518.0,59879.0,3.8542475235194624,False,True,?,,2.550363,59202.0,21.483495002172855
J015108.82+003517.2,CL-AGN,0.875433,27.78675,0.5881111111111111,True,8.600437,2.4044976,0.0708563299662311,0.1666856428670368,True,0.14,True,False,13,12,1,55182.0,59872.0,3.8734124790293873,False,True,?,,1.700962,59221.0,21.923263471369303
J015854.50+001307.3,CL-AGN,0.145004,29.72708333333333,0.2186944444444444,True,9.473265,2.7987754,0.0716563774977721,0.1767580836988357,True,0.14,True,False,15,15,0,55449.0,59935.0,3.700927879440065,True,False,?,,15.81927,59221.0,19.502033903595013
J081009.62+211625.8,CL-AGN,0.769466,122.5400833333333,21.273833333333332,True,9.298857,2.6915183,0.0940411163359949,0.1459926763945353,True,0.14,True,False,3,3,0,55630.0,59229.0,5.633850535155329,False,False,QSO,BROADLINE,1.757411,59229.0,21.887816648967497
J142835.15+305639.6,CL-AGN,0.673064,217.1464583333333,30.944333333333333,True,9.875438,2.7360878,0.1623114199879939,0.0851599886519633,True,0.14,True,False,3,3,0,55652.0,59343.0,5.321735545422269,False,False,?,,,,
J012839.76+003342.5,CL-AGN,0.434354,22.165666666666667,0.5618055555555556,True,8.501214,2.2916136,0.0693855013467331,0.136293138869002,True,0.12,True,False,6,5,1,55501.0,59485.36234644,4.93196868316354,False,False,GALAXY,,3.575388,59222.0,21.116692054506537
J140219.42+554556.4,CL-AGN,0.76352,210.58091666666664,55.76566666666667,True,8.427039,2.3740876,0.068947793454308,0.1005826737939605,True,0.12,True,False,7,7,0,56487.0,59342.0,5.324473396209401,False,False,?,,1.33804,59312.0,22.183827258424202
J163110.02+384457.4,CL-AGN,0.583915,247.79174999999995,38.74927777777778,True,8.838112,2.1104722,0.0804213307319705,0.2581365741111312,True,0.12,True,False,14,13,1,52790.0,59689.45586456,4.3731910839301475,False,True,QSO,,4.497294,59312.0,20.86762180131357
J023128.98+011250.2,EVQ,0.600864,37.870749999999994,1.2139444444444445,False,8.229506,2.2003582,0.0644712749775313,0.1970718634790796,True,0.1,True,False,21,18,3,52641.0,59937.0,3.6954521778658007,True,True,?,,5.492918,59232.0,20.650492210535685
J075225.29+284728.5,CL-AGN,0.772837,118.10537499999998,28.79125,True,8.353112,2.331932,0.0658863997148555,0.1179350635082366,True,0.1,True,False,11,11,0,55535.0,59281.0,5.491482294224459,True,False,QSO,,0.6688424,59281.0,22.936690508545965
J080803.27+325145.6,CL-AGN,0.631568,122.01362499999998,32.86266666666667,True,7.908549,2.0490565,0.0597448159649855,0.1762379272121633,True,0.1,True,False,8,8,0,55505.0,59253.0,5.568142116264158,False,True,QSO,BROADLINE,3.020657,59253.0,21.299746466744352
J135726.62+553736.0,CL-AGN,2.363621,209.3609166666666,55.626666666666665,True,8.124115,2.0881727,0.0483037568299258,0.1409265463462164,True,0.1,True,False,7,7,0,57428.0,59342.0,5.324473396209401,False,False,?,,24.99109,59312.0,19.005537003675297
J135750.26+614309.0,CL-AGN,0.737404,209.45941666666664,61.719166666666666,True,9.590495,2.2471395,0.0981667298416037,0.2242385410621187,True,0.1,True,False,16,16,0,56419.0,60060.0,3.358696531048552,False,True,?,,4.143093,59309.0,20.956688294962387
J143438.23+034121.9,CL-AGN,0.331644,218.65929166666663,3.689416666666667,True,8.20766,2.1372218,0.0611799892466991,0.1021638734359368,True,0.1,True,False,12,11,1,55682.0,59375.0,5.2341243202340415,False,False,?,,6.506904,59315.0,20.466564001521675
J160541.37+335021.4,EVQ,0.831624,241.42237499999996,33.83927777777778,False,8.820967,1.7827672,0.0688250169257018,0.1609915957054615,True,0.1,True,False,3,3,0,58251.0,59376.0,5.231386469446909,False,False,?,,,,
J161003.12+543627.9,CL-AGN,0.267623,242.513,54.60775,True,9.452834,1.9497361,0.0643903811008014,0.2593800544528039,True,0.1,True,False,13,12,1,56430.0,59731.0,4.259449440015014,False,False,?,,,,
J222515.86+212758.3,CL-AGN,0.882035,336.3160833333333,21.466194444444444,True,8.476186,2.2073553,0.0642278801476405,0.0798780402470048,True,0.1,True,False,4,3,1,56960.0,59523.11213184,4.828615403492094,False,False,QSO,,,,
J025515.09+003740.5,CL-AGN,1.012572,43.812875,0.6279166666666667,True,9.81169,1.9835229,0.1264604705685368,0.0989146520114565,True,0.08,True,False,8,8,0,52614.0,59886.0,3.835082568009538,False,False,?,,1.250252,59193.0,22.257506105121564
J012025.45+142727.9,CL-AGN,0.263752,20.106041666666663,14.45775,True,7.7496986,1.7996728,0.0630125110063822,0.3873539762802495,True,0.06,True,False,7,6,1,56211.0,59503.31481761,4.88281749583979,False,True,GALAXY,,11.53658,59219.0,19.84480729494851
J015957.64+003310.5,CL-AGN,0.31205,29.990166666666667,0.5529166666666667,True,7.6825237,1.2376419,0.059508852104364,0.2654017403341808,True,0.06,True,False,12,11,1,51871.0,59497.38171448,4.899061446914404,False,False,GALAXY,,18.25709,59221.0,19.346421108851967
J080838.73+273252.4,CL-AGN,0.47762,122.16137499999998,27.54788888888889,True,7.0812283,1.4245311,0.0426144072532136,0.2463129505833285,True,0.06,True,False,6,6,0,55858.0,59254.0,5.565404265477026,False,False,QSO,BROADLINE,4.733711,59254.0,20.811995649781867
J084528.72-002723.3,CL-AGN,0.154388,131.36966666666666,-0.4564722222222222,True,16.270332,8.878396,0.3936804491040435,0.8451893065292044,True,0.04,True,False,5,4,1,51901.0,59605.26852516,4.603683457372994,False,True,GALAXY,,59.47639,59222.0,18.06413849860397
J084924.70+002049.7,CL-AGN,0.508254,132.35291666666663,0.3471388888888889,True,14.895369,8.734211,,0.096872705593559,True,0.04,True,False,4,3,1,55513.0,59583.32124424,4.663771837715209,False,True,QSO,,6.087436,59227.0,20.538913979224773
J085321.89+010216.7,CL-AGN,0.213946,133.34120833333333,1.0379722222222223,True,6.6146507,0.37673825,0.0171833290020796,0.1611475966277371,True,0.04,True,False,4,3,1,51912.0,59644.16478021,4.49719131486786,True,True,GALAXY,,9.486809,59252.0,20.057199607692667
J161832.10+431129.6,EVQ,0.504385,244.63375,43.19155555555555,False,6.8872333,0.22394775,0.0387920608191546,0.2328527454099393,True,0.04,True,False,12,10,2,56076.0,59370.0,5.247813574169702,False,False,?,,5.28345,59312.0,20.692705995432014
J081537.56+384303.2,CL-AGN,0.506738,123.90649999999998,38.71755555555555,True,11.658634,-3.6728497,0.0707841923685878,0.0914230564402834,True,0.02,True,False,6,6,0,55269.0,59257.0,5.557190713115629,False,False,QSO,BROADLINE,3.649342,59257.0,21.094463586482274
J222210.54+203340.7,CL-AGN,0.568833,335.54391666666663,20.561305555555556,True,11.185902,-3.402708,0.0646671335939023,0.1837730083034379,True,0.02,True,False,4,3,1,56101.0,59523.11213183,4.828615403519464,False,False,QSO,,,,
J001103.49+010032.6,CL-AGN,0.485892,2.7645416666666662,1.0090555555555556,True,5.286042,-1.0331457,,0.0766627268907559,True,0.0,True,False,4,4,0,55478.0,59202.0,5.7077725064078955,False,False,QSO,STARFORMING,2.487632,59202.0,21.510534663037873
J012524.66+001935.9,CL-AGN,1.662356,21.35275,0.3266388888888888,True,3.5990667,-0.32816303,,0.0510179764939012,True,0.0,True,False,6,5,1,56989.0,59489.858768545,4.919658150364099,False,False,QSO,,0.159474,59222.0,24.493275281155757
J022907.77+003755.0,EVQ,0.458884,37.282375,0.6319444444444444,False,3.8141005,-0.14096518,,0.14338116507968,True,0.0,True,False,12,11,1,52643.0,59937.0,3.6954521778658007,True,False,?,,3.671753,59232.0,21.087816354042605
J081314.19+215550.8,CL-AGN,0.454432,123.30912499999998,21.930777777777777,True,4.178748,-0.5254542,,0.1479005845227193,True,0.0,True,False,3,3,0,58523.0,59229.0,5.633850535155329,False,False,QSO,,3.341196,59229.0,21.19024511798211
J082537.64+320443.7,CL-AGN,0.719988,126.40683333333332,32.07880555555556,True,10.67307,-3.328441,0.0539582518936348,0.0957591559223221,True,0.0,True,False,4,3,1,58130.0,59554.3679664,4.743041592239514,False,True,QSO,,8.698431,59199.0,20.15139769302061
J090550.30+003948.1,CL-AGN,0.354041,136.4595833333333,0.6633611111111112,True,5.2140107,-0.96167856,0.0117481929424518,0.3956265674568845,True,0.0,True,False,6,5,1,51924.0,59616.23928618,4.573647150678933,False,True,GALAXY,,14.5233,59254.0,19.594836728897917
J113311.19+591357.9,EVQ,2.79157,173.296625,59.23275,False,3.5468614,-0.21456589,,0.0355806157186049,True,0.0,True,False,15,15,0,56666.0,59725.0,4.275876544737806,False,False,?,,3.67714,59315.0,21.086224587232923
J233830.25+002501.8,EVQ,0.463811,354.62604166666665,0.4171666666666667,False,5.2402635,-0.7707893,0.0094991601489335,0.3040421186240126,True,0.0,True,False,13,13,0,52525.0,59872.0,3.8734124790293873,False,False,?,,9.51345,59200.0,20.054154900019313
J122013.56+520206.3,EVQ,0.27803,185.0565,52.03508333333333,False,11.888208,5.5870986,0.4902889863175277,0.5099371900203555,True,0.52,False,True,22,22,0,52374.0,60052.0,3.380599337345609,False,False,?,,8.221821,59291.0,20.21257995655595
J083000.36+343238.8,EVQ,0.739263,127.50149999999998,34.54411111111111,False,11.338992,5.0245695,0.3396547219874121,0.3597075188247621,True,0.5,False,True,4,3,1,52668.0,59601.2691464,4.614633159659088,False,True,QSO,,4.3629,59197.0,20.900561852901905
J082039.62+391759.1,EVQ,0.87603,125.16508333333334,39.29975,False,12.043876,4.859305,0.337714448613675,0.2981367591547401,True,0.46,False,True,7,6,1,55272.0,59557.35601163,4.734860770254577,False,True,QSO,,3.961328,59257.0,21.005397990749877
J221003.68-005054.7,EVQ,0.388194,332.51533333333333,-0.8485277777777778,False,12.043741,4.708063,0.3290434031854473,0.2246654769249297,True,0.46,False,True,10,9,1,52525.0,59845.0,3.947334450281954,False,False,?,,,,
J093209.96+040319.9,CL-AGN,0.275805,143.04149999999998,4.055527777777778,True,13.0190525,4.4219074,0.2060333964306033,0.3515105350650724,True,0.42,False,True,9,8,1,52264.0,59937.0,3.6954521778658007,False,True,?,,14.56999,59284.0,19.591351865761418
J141634.37+515849.3,CL-AGN RM,0.989376,214.14320833333332,51.980361111111115,True,10.7749195,4.4769316,0.2143884964045141,0.2460125529792756,True,0.42,False,True,276,275,1,56415.0,60118.0,3.19990118539489,False,True,?,,6.961609,59315.0,20.39322593148275
J081127.88+222045.3,EVQ,0.312202,122.86616666666666,22.345916666666664,False,11.738051,3.3722184,0.2075637436301066,0.8095995611800806,True,0.38,False,True,6,6,0,52943.0,59232.0,5.625636982793932,False,False,QSO,BROADLINE,27.16061,59232.0,18.915151201161184
J113025.21+304033.7,CL-AGN,0.842421,172.60504166666666,30.67602777777778,True,10.531667,4.376667,0.1509209083884873,0.352868457674352,True,0.38,False,True,6,5,1,53430.0,59697.15757135,4.352104959932881,False,True,QSO,,7.359373,59311.0,20.332897962199585
J133244.09+141943.5,EVQ,0.59958,203.1837083333333,14.32875,False,11.423174,3.3416493,0.1796711567114866,0.3952150167328935,True,0.38,False,True,7,7,0,53847.0,59351.0,5.299832739125212,False,False,?,,9.426849,59310.0,20.064083623564073
J073916.52+315814.3,CL-AGN,0.727763,114.81883333333332,31.97063888888889,True,13.709218,5.3183136,0.2836470624730688,0.2762900061225582,True,0.36,False,True,14,13,1,55539.0,59527.39901225,4.816878564587214,False,True,QSO,,14.99162,59280.0,19.56037858648404
J074314.98+383829.8,EVQ,0.352608,115.81241666666666,38.64161111111111,False,10.80114,3.9557393,0.2429303632693804,0.3004411873760745,True,0.36,False,True,19,18,1,51873.0,59616.0,4.574302280535205,False,True,?,,7.254791,59278.0,20.348437736099434
J020428.59-031013.7,EVQ,0.359745,31.119124999999997,-3.170472222222222,False,11.221195,3.4560533,0.1537094009622754,0.428373982622815,True,0.34,False,True,26,26,0,56958.0,59957.0,3.6406951621231585,False,False,?,,17.49345,59226.0,19.39281132990445
J213517.46+002020.4,CL-AGN,0.181268,323.82275,0.3389999999999999,True,11.372337,3.2377186,0.1626046558149591,0.151649017385069,True,0.34,False,True,7,7,0,55452.0,59820.0,4.015780719960256,False,False,?,,,,
J142651.49+351924.5,EVQ,1.754633,216.71454166666663,35.32347222222223,False,9.941766,3.8913858,0.1656497356913907,0.1497642018207418,True,0.32,False,True,18,16,2,53144.0,60114.0,3.2108525885434185,False,True,?,,12.0152,59313.0,19.800672489288473
J092158.92+034235.7,EVQ,0.323627,140.49549999999996,3.709916666666667,False,11.557628,3.0249126,0.1082257434307647,0.5081640786388547,True,0.3,False,True,11,9,2,52252.0,59913.0,3.7611605967569712,False,True,?,,13.24456,59315.0,19.694906162262875
J142813.06+045247.6,CL-AGN,0.445953,217.05441666666664,4.879888888888889,True,12.538856,3.5225458,0.1945594785957057,0.3980119033990004,True,0.3,False,True,6,4,2,52027.0,59673.39638015,4.4171595559629955,False,False,QSO,,,,
J135415.55+515925.9,CL-AGN,0.319749,208.56479166666665,51.99052777777778,True,12.500672,3.0783098,0.19933068068422,0.1270766082846195,True,0.28,False,True,7,6,1,52465.0,59600.53811023,4.616634627612545,False,True,QSO,,8.408953,59315.0,20.18814518726775
J015717.74+004108.4,EVQ,0.389593,29.323916666666666,0.6856666666666666,False,10.860744,3.1012511,0.1223402390891821,0.4286867213629323,True,0.26,False,True,15,14,1,51871.0,59935.0,3.700927879440065,False,True,?,,16.073,59221.0,19.48475763823358
J080711.72+194439.7,CL-AGN,0.347745,121.7988333333333,19.74436111111111,True,14.90371,2.9733,0.1799523766690841,0.6233876989850662,True,0.26,False,True,6,5,1,53315.0,59884.0,3.840558269583802,False,True,?,,15.37976,59229.0,19.532626104036225
J084637.65+000024.5,CL-AGN,0.257489,131.656875,0.0068055555555555,True,21.224564,9.353527,0.2768103799724817,0.3514289135171682,True,0.26,False,True,3,3,0,51901.0,59227.0,5.639326236729593,False,False,QSO,STARBURST BROADLINE,16.82367,59227.0,19.435198147550746
J081338.47+215349.9,CL-AGN,0.548448,123.41029166666664,21.897194444444445,True,12.159108,2.7800126,0.1763614073782851,0.2094701046081349,True,0.24,False,False,3,3,0,53330.0,59229.0,5.633850535155329,False,False,QSO,BROADLINE,4.831103,59229.0,20.789884257942372
J121345.97+484419.4,EVQ,0.494173,183.44154166666664,48.73872222222222,False,15.920707,3.983371,0.5179521958765053,0.3183641004135362,True,0.24,False,True,11,11,0,53117.0,59375.0,5.2341243202340415,False,False,?,,34.93641,59292.0,18.641804310867926
J162829.18+432948.6,CL-AGN,0.260285,247.1215833333333,43.496833333333335,True,12.9691305,3.4648182,0.2210523850561635,0.5373885096596214,True,0.24,False,True,23,22,1,52057.0,60107.0,3.2300175440533434,False,True,?,,18.03365,59312.0,19.359790908592096
J164348.61+390939.1,EVQ,0.675179,250.9525416666666,39.16086111111111,False,15.242917,3.3162737,0.3134405270565961,0.2065289836848156,True,0.24,False,True,4,3,1,56090.0,59379.33467821,5.222256618084835,False,False,QSO,,,,
J235439.15+005751.9,EVQ,0.389755,358.6631249999999,0.9644166666666666,False,15.081708,4.5441775,0.5019059180269643,0.5810350351024626,True,0.24,False,False,14,13,1,51788.0,59898.0,3.8022283585639527,False,True,?,,38.69327,59190.0,18.530911415361828
J015105.80-003426.4,EVQ,0.335108,27.774166666666662,-0.574,False,15.062674,3.875675,0.2515670852986593,0.3213796431887025,True,0.22,False,True,20,19,1,51793.0,59935.0,3.700927879440065,False,True,?,,15.27092,59221.0,19.540336994967397
J022105.64-044101.5,CL-AGN RM,0.198636,35.2735,-4.68375,True,16.595428,2.07775,0.1786960451084777,0.8945591266558782,True,0.22,False,False,102,100,2,56217.0,59940.0,3.687238625504405,True,True,?,,61.29589,59257.0,18.031421611834524
J092629.23-000605.7,CL-AGN,0.201324,141.62179166666667,-0.1015833333333333,True,17.55703,2.1306562,0.347901390018339,0.1532414081496969,True,0.22,False,False,5,4,1,52000.0,59613.28000763,4.58174921378641,False,True,QSO,,16.40486,59227.0,19.462568678889273
J143732.94+355947.1,CL-AGN,0.370782,219.38725,35.99641666666667,True,11.973552,2.7339027,0.141147471481024,0.7047670592858852,True,0.22,False,False,6,4,2,53115.0,59354.27372673,5.290869763820616,False,False,QSO,,,,
J155829.36+271714.2,EVQ,0.090296,239.6223333333333,27.287277777777778,False,17.558481,2.0894282,0.4684899197432638,1.5436444421889006,True,0.22,False,False,15,15,0,52817.0,59387.0,5.201270110788457,False,False,?,,83.54285,59304.0,17.69522678299084
J222306.32+194431.6,CL-AGN,0.259936,335.7763333333333,19.74211111111111,True,22.047976,8.335078,0.2726012877151322,0.1788606720216077,True,0.22,False,False,3,3,0,56956.0,59376.0,5.231386469446909,False,False,?,,,,
J003242.74+003110.9,EVQ,0.360592,8.178083333333332,0.5196944444444445,False,13.590107,2.8710618,0.2195386109812149,0.4072738780156728,True,0.2,False,False,11,10,1,51782.0,59958.0,3.6379573113360264,False,True,?,,15.81683,59193.0,19.50220138292052
J020719.49-033600.7,EVQ,0.560031,31.831208333333333,-3.6001944444444445,False,13.333651,2.3739119,0.1543466345669727,0.1366730201558489,True,0.2,False,False,12,11,1,57336.0,59957.0,3.6406951621231585,False,True,?,,4.647245,59226.0,20.832011077925227
J080709.93+205901.8,EVQ,0.314605,121.79137499999996,20.983833333333333,False,13.86388,3.4908416,0.1131062979840832,0.4407842057356007,True,0.2,False,True,6,6,0,53330.0,59888.0,3.829606866435274,False,False,?,,12.43978,59229.0,19.76296825040538
J083542.72+035353.8,EVQ,0.882281,128.928,3.898277777777778,False,21.052832,9.079323,0.4087484427178676,0.2505857731400583,True,0.2,False,True,5,4,1,55647.0,59531.43640361,4.805824789474284,True,True,GALAXY,,5.068832,59288.0,20.737730256692952
J143421.57+044137.2,EVQ,0.906706,218.589875,4.693666666666667,False,14.497211,-1.3488616,0.1565456176499199,0.2382355022010202,True,0.2,False,True,14,13,1,55682.0,60061.0,3.35595868026142,False,True,?,,5.515012,59315.0,20.64613384562606
J080133.29+341737.6,CL-AGN,0.337982,120.38870833333334,34.29377777777778,True,12.308919,2.1952481,0.1552730776943986,0.46377759551388,True,0.18,False,False,7,7,0,52584.0,59252.0,5.57087996705129,False,False,QSO,BROADLINE,18.46661,59252.0,19.33403205666469
J090535.77-004039.9,CL-AGN,0.793011,136.39904166666665,-0.67775,True,9.93672,3.1047442,0.0932263466038193,0.2970942923338689,True,0.18,False,True,5,4,1,51929.0,59603.27785036,4.6091336279410955,False,True,QSO,,2.093084,59254.0,21.698033355330487
J090612.02+014412.0,CL-AGN,0.588482,136.5500833333333,1.7366666666666668,True,13.943695,-1.3990697,0.1502540453747556,0.3767994885502485,True,0.18,False,False,9,9,0,55540.0,59615.0,4.577040131322337,False,False,?,,11.38271,59313.0,19.85938582158086
J113200.64+292603.9,EVQ,0.578446,173.00266666666664,29.434416666666667,False,14.800619,-2.0620914,0.1614417679143452,0.4409431439405393,True,0.18,False,True,5,5,0,53795.0,59339.0,5.332686948570797,False,False,?,,41.90121,59311.0,18.444433588841093
J135704.22+553414.8,EVQ,0.491954,209.26758333333328,55.57077777777778,False,13.060647,2.1730857,0.1527916338448515,0.1925859095142947,True,0.18,False,False,7,7,0,56487.0,59342.0,5.324473396209401,False,False,?,,6.889894,59312.0,20.404468648993344
J142310.50+045455.1,EVQ,0.607454,215.79374999999996,4.915305555555556,False,13.647741,0.915221,0.1279219812274613,0.2012776231485957,True,0.18,False,False,7,6,1,52049.0,60109.0,3.2245418424790793,False,False,?,,,,
J144731.89+342921.1,CL-AGN,0.387996,221.88287499999996,34.48919444444444,True,19.880661,5.4274273,0.2630454282053773,0.3601797854602054,True,0.18,False,False,5,4,1,58514.0,59687.34463057,4.378971327571487,False,False,QSO,,,,
J225350.57+193842.6,EVQ,0.432824,343.4607083333333,19.645166666666665,False,14.25137,-0.69287014,0.0701431128900357,0.3309561854540067,True,0.18,False,False,12,11,1,56959.0,59896.0,3.807704060138217,False,True,?,,16.25418,59197.0,19.472587337867793
J003849.27-011722.4,EVQ,0.500226,9.705291666666664,-1.2895555555555551,False,19.927412,5.376349,0.2784747521685063,0.3248586385818034,True,0.16,False,False,11,11,0,55827.0,59901.0,3.794014806202556,False,False,?,,4.774824,59187.0,20.802606579696665
J024508.68+003710.7,CL-AGN,0.29935,41.28616666666666,0.619638888888889,True,19.57372,4.7957807,0.24585645065516,0.3354479819284373,True,0.16,False,False,24,23,1,51871.0,59984.0,3.5667731908705917,False,True,?,,20.05971,59222.0,19.24418837448917
J082018.50+344141.0,CL-AGN,0.497461,125.07708333333332,34.69472222222222,True,13.520392,2.9711304,0.1941286692442637,0.2350774746874787,True,0.16,False,True,5,5,0,52295.0,59255.0,5.562666414689894,False,False,QSO,STARBURST BROADLINE,4.830196,59255.0,20.79008811515466
J084047.47+370701.1,EVQ,0.525236,130.19779166666663,37.11697222222222,False,12.852613,1.4111968,0.1219227089446087,0.1920324152625626,True,0.16,False,False,4,3,1,52320.0,59557.3757416,4.7348067525406785,False,False,QSO,,3.47006,59227.0,21.14915753964844
J090457.90+010423.1,EVQ,0.278855,136.24124999999998,1.0730833333333334,False,17.839148,2.308985,0.3310554500657371,0.4907074392672657,True,0.16,False,False,8,8,0,51924.0,59313.0,5.4038710690362315,False,False,QSO,BROADLINE,38.80391,59313.0,18.527811278419833
J132457.29+480241.3,CL-AGN,0.271847,201.2387083333333,48.044805555555556,True,14.432336,1.9219167,0.115919638699196,0.9060152728343064,True,0.16,False,False,8,8,0,52759.0,59346.0,5.313521993060872,False,False,?,,,,
J011536.11+003352.4,CL-AGN,0.364029,18.90045833333333,0.5645555555555556,True,15.005259,5.6664133,0.5259613493769087,0.3012990549448567,True,0.14,False,False,10,9,1,52202.0,59496.33353424,4.901931208009532,True,True,QSO,,12.44568,59218.0,19.762453424179295
J012256.19-000252.6,CL-AGN,0.340502,20.734124999999995,-0.0479444444444444,True,13.845211,-1.9370002,0.1283541972783627,0.4360688687491288,True,0.14,False,False,11,10,1,51817.0,59593.09317609,4.637017746407899,False,True,QSO,,29.2935,59218.0,18.83307183881614
J020649.48-041452.7,CL-AGN,0.138743,31.70616666666666,-4.247972222222223,True,14.767575,1.3125561,0.0773564618588671,0.5781286215628632,True,0.14,False,False,14,14,0,56660.0,59957.0,3.6406951621231585,False,False,?,,33.02699,59226.0,18.702827512634727
J073716.39+380202.4,EVQ,0.550421,114.31829166666664,38.034,False,12.645009,0.35313693,0.0948466584390903,0.1742054138489312,True,0.14,False,False,18,17,1,57746.0,59616.0,4.574302280535205,True,True,?,,7.120066,59278.0,20.368789951545867
J075934.95+322143.3,CL-AGN,0.26888,119.89562499999998,32.362027777777776,True,19.071386,5.150949,0.3383816108853044,1.139278600307568,True,0.14,False,False,8,8,0,52583.0,59253.0,5.568142116264158,False,False,QSO,BROADLINE,54.40965,59253.0,18.16081016940899
J085337.26+014303.6,CL-AGN,0.058189,133.40525,1.717666666666667,True,15.70971,4.7620573,0.3659894917908886,2.602925054103058,True,0.14,False,False,7,5,2,51913.0,59664.0,4.442885442752864,False,True,?,,149.8977,59252.0,17.060512577068287
J121618.00+515946.1,CL-AGN,0.623324,184.075,51.99613888888889,True,12.324415,1.2419307,0.1098105960856752,0.3491185638341766,True,0.14,False,False,14,14,0,52430.0,59370.0,5.247813574169702,False,False,?,,9.595752,59291.0,20.04480246200002
J140515.59+542458.0,CL-AGN,0.083262,211.3149583333333,54.41611111111111,True,15.718041,6.3314505,0.3662449462653399,0.5967959773564351,True,0.14,False,False,7,7,0,53088.0,59342.0,5.324473396209401,False,False,?,,79.50903,59312.0,17.748958862117732
J160738.15+472349.1,CL-AGN,0.516701,241.90895833333332,47.396972222222225,True,12.982846,0.54415756,0.1186281323809173,0.3027361829721016,True,0.14,False,False,5,5,0,57894.0,59381.0,5.217697215511249,False,False,?,,,,
J235214.78+005103.3,CL-AGN,0.602111,358.06158333333326,0.8509166666666667,True,14.000655,-2.798526,0.1350502928821133,0.0843331681394821,True,0.14,False,False,9,9,0,56959.0,59192.0,5.735151014279216,False,False,QSO,BROADLINE,3.747639,59192.0,21.065605625476415
J012416.34+004052.2,CL-AGN,0.594002,21.06808333333333,0.6811666666666666,True,11.00916,2.279637,0.1519350295623159,0.1833059262960811,True,0.12,False,False,7,6,1,52614.0,59489.36460237,4.9210111036152915,False,True,QSO,,4.235784,59222.0,20.93266548614218
J023112.11-002056.3,EVQ,0.643731,37.80045833333333,-0.3489722222222222,False,13.556471,-2.1567528,0.1263363324070371,0.310842720312356,True,0.12,False,False,36,34,2,52200.0,59937.0,3.6954521778658007,True,True,?,,0.0,59232.0,
J092313.53+043445.0,CL-AGN,0.65682,140.80637499999995,4.579166666666667,True,13.628645,-1.8531226,0.1258062585104467,0.2303495064989892,True,0.12,False,False,7,6,1,52707.0,59584.33864557,4.660986344683043,False,True,QSO,,33.21669,59315.0,18.69660911652342
J112536.33+303915.9,CL-AGN,0.575978,171.40137499999997,30.654416666666663,True,17.623846,1.2379315,0.3069921066859764,0.2362438249953519,True,0.12,False,False,5,5,0,56362.0,59339.0,5.332686948570797,False,False,?,,11.13472,59311.0,19.883301748771505
J211834.39+005322.2,CL-AGN,0.451338,319.64329166666664,0.8895,True,12.111885,-1.4046309,0.0781856700700688,0.264351084592619,True,0.12,False,False,5,4,1,55469.0,59734.46058844,4.249974865230617,False,False,QSO,,,,
J232710.20+245645.9,EVQ,0.694549,351.79249999999996,24.946083333333338,False,13.8891945,-2.476922,0.1568835385188441,0.1120271344723099,True,0.12,False,False,3,3,0,56570.0,59188.0,5.746102417427744,False,False,QSO,BROADLINE,7.823269,59188.0,20.26652934113455
J000750.51+005815.2,CL-AGN,0.345113,1.960458333333333,0.9708888888888888,True,16.532986,4.42347,0.2563560989761091,0.3242115172244042,True,0.1,False,False,11,11,0,52903.0,59879.0,3.8542475235194624,False,False,?,,7.291245,59202.0,20.34299577095245
J012946.72+150457.3,CL-AGN,0.364851,22.444666666666663,15.082583333333334,True,14.752561,1.1647,0.1484338664934957,0.7205731516852882,True,0.1,False,False,8,8,0,51884.0,59219.0,5.661229043026649,False,False,QSO,BROADLINE,20.99555,59219.0,19.194681860217354
J090459.92-004206.9,CL-AGN,0.282439,136.24966666666666,-0.7019166666666666,True,12.343014,1.0026213,0.0838559215016307,0.4019819034365571,True,0.1,False,False,4,3,1,51929.0,59536.46748617,4.7920504361272735,True,False,QSO,,19.00261,59253.0,19.30296686199283
J135925.58+612603.8,EVQ,0.502968,209.8565833333333,61.43438888888888,False,14.403181,6.6589746,0.5114746657404813,0.1995965347491084,True,0.1,False,False,10,10,0,56419.0,59381.0,5.217697215511249,False,False,?,,2.867576,59309.0,21.356212657679002
J165252.60+360057.4,EVQ,0.280965,253.21916666666667,36.01594444444444,False,16.59675,4.3722787,0.3101919064486833,0.9918818790556444,True,0.1,False,False,16,15,1,52409.0,60119.0,3.197163334607758,False,True,?,,59.53199,59315.0,18.063123999669077
J004459.09-010629.3,CL-AGN,0.228215,11.24620833333333,-1.108138888888889,True,16.526667,6.4058537,0.3970021400136623,0.4496648235070415,True,0.08,False,False,13,12,1,52531.0,59901.0,3.794014806202556,False,True,?,,18.62712,59187.0,19.324635719012154
J011943.50-010858.5,EVQ,0.497391,19.931249999999995,-1.1495833333333334,False,15.057566,0.32785946,0.2197410468105991,0.339977766363587,True,0.08,False,False,11,9,2,52202.0,59497.34683052,4.89915695399174,False,True,QSO,,12.78094,59218.0,19.733593009849304
J074511.98+380911.3,EVQ,0.23648,116.29991666666665,38.15313888888889,False,18.650345,4.9301095,0.549444429040304,0.4645916887391011,True,0.08,False,False,18,17,1,51873.0,59616.0,4.574302280535205,True,True,?,,26.0356,59278.0,18.96108102349131
J075827.30+342457.5,EVQ,0.562246,119.61375,34.41597222222222,False,21.932562,7.7372236,0.3331890525444606,0.1360953289045705,True,0.08,False,False,7,7,0,55488.0,59252.0,5.57087996705129,False,False,QSO,BROADLINE,2.900685,59252.0,21.34374857715706
J084158.34+035851.7,CL-AGN,0.696807,130.49308333333332,3.981027777777778,True,11.531303,-1.2535967,0.068604298237764,0.087887047992013,True,0.08,False,False,4,3,1,55533.0,59581.63950567334,4.668376186973704,False,False,QSO,,4.625655,59280.0,20.837066904477506
J090254.12+015429.1,CL-AGN,0.166121,135.72549999999998,1.9080833333333336,True,20.208042,5.758733,0.3777309105469716,0.5799499954479874,True,0.08,False,False,5,4,1,51924.0,59592.30907273,4.639164504409263,True,True,QSO,,34.76955,59208.0,18.647002325188716
J103723.72+363341.6,CL-AGN,0.519399,159.34883333333332,36.56155555555555,True,9.623942,0.1930349,0.0554178895424685,0.1827916260211886,True,0.08,False,False,3,3,0,55575.0,59350.0,5.302570589912344,False,False,?,,,,
J112951.94+233237.3,EVQ,0.514746,172.46641666666665,23.543694444444448,False,16.022463,-0.7121037,0.1991800824709144,0.3071996475449349,True,0.08,False,False,9,9,0,56274.0,59343.0,5.321735545422269,False,False,?,,27.51254,59314.0,18.901173282562493
J113333.82+592152.5,CL-AGN,0.486347,173.39091666666664,59.364583333333336,True,10.723166,-0.8346241,0.1006713245789059,0.1725892379801646,True,0.08,False,False,12,12,0,56666.0,59664.0,4.442885442752864,False,False,?,,6.555288,59315.0,20.45852055815626
J165234.96+393733.4,CL-AGN,0.641484,253.14566666666667,39.62594444444444,True,20.147118,2.7028866,0.3107765044751238,0.2140495154637693,True,0.08,False,False,4,3,1,56074.0,59710.43297253,4.315758892362727,False,False,QSO,,,,
J233650.69+004042.5,CL-AGN,0.161514,354.21120833333333,0.6784722222222221,True,10.417215,0.8314035,0.0673346459314882,0.4065181095492157,True,0.08,False,False,15,15,0,55449.0,59872.0,3.8734124790293873,True,False,?,,27.24388,59200.0,18.911827603260736
J235720.13-005830.0,CL-AGN,0.339078,359.333875,-0.975,True,10.416722,0.3946076,0.0800395799836646,0.365709262846112,True,0.08,False,False,5,5,0,52203.0,59190.0,5.74062671585348,False,False,QSO,STARBURST BROADLINE,15.09243,59190.0,19.553102074413278
J235720.19+004012.8,CL-AGN,0.220698,359.334125,0.6702222222222222,True,9.537842,0.0820882,0.0453180074316855,0.170032435057913,True,0.08,False,False,4,4,0,55477.0,59190.0,5.74062671585348,False,False,QSO,STARBURST BROADLINE,12.51728,59190.0,19.75622508223239
J013944.05-004251.5,CL-AGN,0.471326,24.933541666666663,-0.7143055555555555,True,7.625928,1.8860226,0.0369009847497195,0.252797923167007,True,0.06,False,False,15,15,0,55483.0,59929.0,3.7173549841628577,False,False,?,,5.634663,59220.0,20.622830133213725
J014128.85+003712.2,CL-AGN,0.814749,25.37020833333333,0.6200555555555556,True,7.404045,1.6260122,0.0293284501975386,0.0992585926462195,True,0.06,False,False,8,7,1,55205.0,59550.87422168001,4.752606943971182,False,False,QSO,,1.013655,59220.0,22.485274582652522
J080717.58+251758.7,CL-AGN,0.383252,121.82325,25.29963888888889,True,19.848787,8.218639,0.3377295572921479,0.3844346343280582,True,0.06,False,False,3,3,0,52670.0,59230.0,5.631112684368196,False,False,QSO,STARBURST BROADLINE,14.84201,59230.0,19.571268200338412
J081116.71+320935.4,EVQ,0.15368,122.819625,32.15983333333333,False,20.54867,4.9826555,0.2384514379634157,2.184606970733391,True,0.06,False,False,9,9,0,52318.0,59253.0,5.568142116264158,False,False,QSO,STARBURST BROADLINE,70.39666,59253.0,17.881119864146847
J081429.24+265241.5,EVQ,0.284569,123.62183333333331,26.878194444444446,False,22.356613,6.2129474,0.3469303526986868,0.6748322419967555,True,0.06,False,False,7,6,1,52670.0,59509.48512905,4.865924103806934,False,True,QSO,,29.40383,59254.0,18.82899024203668
J085512.13+032950.6,CL-AGN,0.124046,133.80054166666665,3.497388888888889,True,21.66938,7.7142262,0.3085281426686965,0.6504898289920762,True,0.06,False,False,5,5,0,52225.0,59664.0,4.442885442752864,False,False,?,,48.8548,59304.0,18.277731900686828
J092702.31+043308.2,EVQ,0.321793,141.75962499999997,4.552277777777777,False,22.531404,7.301298,0.231017899572924,0.6604660235142061,True,0.06,False,False,9,8,1,52254.0,59937.0,3.6954521778658007,False,True,?,,25.158,59306.0,18.99830971803197
J092814.62+005631.0,EVQ,0.405275,142.06091666666666,0.9419444444444444,False,13.066165,-2.2497683,0.1020408234617493,0.6585890595532395,True,0.06,False,False,7,5,2,51965.0,59662.0,4.448361144327128,False,True,?,,37.86878,59232.0,18.554296715267817
J112518.07+272452.8,EVQ,0.564341,171.32529166666663,27.414666666666665,False,10.727456,1.2340789,0.0823097087907474,0.2521080662265585,True,0.06,False,False,7,7,0,56329.0,59340.0,5.329949097783665,False,False,?,,9.320416,59312.0,20.07641175815138
J113118.43+581841.8,CL-AGN,0.311977,172.82679166666665,58.311611111111105,True,9.209209,0.81578535,0.0404556515345124,0.3371925767657744,True,0.06,False,False,20,19,1,52409.0,59974.0,3.594151698741913,True,True,?,,19.38294,59315.0,19.28145087149776
J115705.84+560749.5,EVQ,0.653877,179.2743333333333,56.13041666666667,False,10.354403,1.637649,0.0852557417178589,0.401886983189773,True,0.06,False,False,19,18,1,52790.0,60073.0,3.3231044708158346,False,True,?,,13.6893,59290.0,19.659046897179607
J135157.54+533839.6,EVQ,1.519408,207.98974999999996,53.644333333333336,False,12.450901,-3.4577878,0.0884497274083504,0.0840440578341928,True,0.06,False,False,5,5,0,56426.0,59339.0,5.332686948570797,False,False,?,,24.3495,59315.0,19.033774880730185
J140037.13+622132.9,CL-AGN,0.075293,210.15470833333333,62.35913888888889,True,19.024578,3.3113813,0.2771471905737213,1.521733060330981,True,0.06,False,False,10,10,0,52353.0,59381.0,5.217697215511249,False,False,?,,124.6552,59309.0,17.26072400039747
J144024.60+345624.2,CL-AGN,0.752449,220.10249999999996,34.94005555555555,True,11.605743,1.8701285,0.1332851715007201,0.1261893499944514,True,0.06,False,False,11,10,1,55272.0,60076.0,3.3148909184544384,False,False,?,,,,
J163345.19+441150.1,EVQ,0.768656,248.43829166666663,44.19725,False,11.829817,-2.1801307,0.0742945262175888,0.1238677078540407,True,0.06,False,False,11,10,1,56097.0,59710.41410211,4.31581055675697,False,True,QSO,,5.992304,59312.0,20.55601540558894
J212928.91+000415.9,CL-AGN,0.180379,322.3704583333333,0.0710833333333333,True,17.720642,3.1320055,0.3399385994512042,0.4214118413789525,True,0.06,False,False,8,7,1,52945.0,60109.0,3.2245418424790793,False,True,?,,36.56287,59159.0,18.592399304210755
J000719.90+253128.6,EVQ,0.559321,1.8329166666666663,25.52461111111111,False,12.566841,-3.6926134,0.0908735437834536,0.1283085094528628,True,0.04,False,False,10,10,0,56543.0,59902.0,3.791276955415424,False,False,?,,7.07655,59217.0,20.375446051092315
J004616.68+000249.1,CL-AGN,0.4531,11.5695,0.0469722222222222,True,11.342975,0.049819212,0.078042866699296,0.3812350520033938,True,0.04,False,False,14,13,1,52199.0,59901.0,3.794014806202556,False,True,?,,9.641126,59187.0,20.039680603254045
J014209.02-005050.0,CL-AGN,0.132549,25.53758333333333,-0.8472222222222222,True,18.345102,4.7940025,0.2497042809267421,0.8402961255440949,True,0.04,False,False,9,9,0,51788.0,59878.0,3.8569853743065945,True,True,?,,0.0,59220.0,
J021122.60-021129.8,EVQ,0.210883,32.84416666666666,-2.191611111111111,False,11.324475,0.055634145,0.0806098080613133,0.4101555594070392,True,0.04,False,False,19,18,1,56986.0,59957.0,3.6406951621231585,False,True,?,,18.36894,59230.0,19.339789761036396
J023958.89-000901.2,CL-AGN,0.394828,39.995375,-0.1503333333333333,True,18.43629,9.037429,0.2723721420891145,0.1061288268164521,True,0.04,False,False,17,17,0,55247.0,59879.0,3.8542475235194624,False,False,?,,3.192606,59222.0,21.239636686257022
J081051.52+325251.9,EVQ,0.705579,122.71466666666664,32.881083333333336,False,12.757705,-3.6964934,0.0908191592032114,0.109721940448335,True,0.04,False,False,11,10,1,54578.0,59551.3640134,4.751265967325071,False,True,QSO,,7.782871,59253.0,20.272150419654913
J083754.66+040007.2,EVQ,0.563324,129.47775,4.002,False,11.273617,-1.3309547,0.0768142417316398,0.2133133067099854,True,0.04,False,False,5,4,1,52646.0,59549.39319647,4.756661770008162,False,True,QSO,,6.95106,59288.0,20.39487240685263
J090315.11+010623.1,CL-AGN,0.121657,135.81295833333334,1.1064166666666668,True,19.80256,7.9163766,0.3597171410806598,0.568940825093739,True,0.04,False,False,8,8,0,51924.0,59313.0,5.4038710690362315,False,False,GALAXY,AGN,40.88148,59313.0,18.471183475419753
J091156.22-005140.4,EVQ,0.570337,137.98424999999995,-0.8612222222222222,False,11.325816,0.4066517,0.0984682118598204,0.1417196659770691,True,0.04,False,False,6,5,1,55240.0,59618.2713525,4.568083656305226,True,True,GALAXY,,5.385028,59257.0,20.672030085504655
J092739.77+050312.6,CL-AGN,0.126061,141.9157083333333,5.0535,True,21.47213,1.7602388,0.2636236335151043,0.9116537704432244,True,0.04,False,False,8,7,1,-999.0,59535.49173248,4.7947219041354865,False,True,QSO,,54.0785,59315.0,18.167438407808316
J093322.83+010120.9,CL-AGN,0.159933,143.34512499999997,1.0224722222222222,True,20.296722,7.4533,0.3273790601287335,0.8999890590941139,True,0.04,False,False,5,4,1,51965.0,59592.33991614,4.639080059754915,False,False,GALAXY,,51.77252,59310.0,18.21475173862423
J113457.21+292502.4,CL-AGN,0.392179,173.73837499999996,29.417333333333335,True,11.221392,-1.0789654,0.0666827942872886,0.4475219825190123,True,0.04,False,False,5,5,0,53795.0,59339.0,5.332686948570797,False,False,?,,29.06559,59311.0,18.84155214227615
J142613.05+321212.3,CL-AGN,0.523328,216.55437499999996,32.20341666666667,True,18.329334,4.737751,0.2376501953747532,0.1752632171892426,True,0.04,False,False,4,3,1,55652.0,59373.19782625,5.239058403054034,False,False,GALAXY,,,,
J220946.60-003822.8,CL-AGN,0.088949,332.4441666666666,-0.6396666666666666,True,20.759216,7.787942,0.2905451693081151,0.2321099284873601,True,0.04,False,False,9,8,1,52964.0,59845.0,3.947334450281954,False,False,?,,,,
J221026.83-001721.1,CL-AGN,0.44867,332.61179166666665,-0.2891944444444444,True,15.132943,0.91523004,0.1804298521259477,0.3341851957425176,True,0.04,False,False,6,5,1,55481.0,59524.08320434,4.825956751883595,False,False,QSO,,,,
J012716.17-003557.7,EVQ,0.371335,21.817374999999995,-0.5993611111111111,False,17.893991,5.437176,0.3347480710626562,0.3745240662970672,True,0.02,False,False,7,5,2,57373.0,59593.0931761,4.637017746380509,True,True,QSO,,8.112288,59222.0,20.22714159886359
J023904.10-004410.8,CL-AGN,0.567837,39.767083333333325,-0.7363333333333333,True,6.478474,0.021949375,0.0194036458971396,0.1620524011392163,True,0.02,False,False,17,17,0,56273.0,59933.0,3.706403581014329,False,True,?,,1.871922,59222.0,21.819280628945823
J024712.91-011106.2,EVQ,0.486331,41.80379166666666,-1.1850555555555555,False,11.1057005,-2.0835738,0.0703203275668311,0.1554007380862392,True,0.02,False,False,23,22,1,52177.0,59984.0,3.5667731908705917,False,True,?,,8.484588,59222.0,20.178423103952316
J074147.21+303243.1,EVQ,0.697918,115.44670833333332,30.54530555555556,False,11.220015,1.1291586,0.098045455704461,0.375874715524559,True,0.02,False,False,27,26,1,52232.0,59530.40480433,4.808649154375043,False,True,QSO,,11.0576,59280.0,19.890847810937764
J091445.19+000648.8,EVQ,0.560135,138.68829166666663,0.1135555555555555,False,16.338037,-0.14984645,0.2385104499094557,0.3137284370480661,True,0.02,False,False,4,3,1,55535.0,59536.46748621,4.792050436017751,False,True,QSO,,24.78115,59292.0,19.014696358795625
J091459.16+050243.4,CL-AGN,0.142516,138.74649999999997,5.045388888888889,True,17.10871,5.1285686,0.3011562532547272,0.8309914740379298,True,0.02,False,False,7,6,1,52652.0,59671.11771372,4.423398204641983,False,True,QSO,,43.29828,59315.0,18.408823388524524
J161734.42+490211.9,CL-AGN,0.880448,244.39341666666667,49.03663888888889,True,11.093293,1.184352,0.1226787595092657,0.1394319222958406,True,0.02,False,False,3,3,0,57895.0,59383.0,5.212221513936985,False,False,?,,,,
J001333.96+014506.8,CL-AGN,0.881555,3.3914999999999997,1.7518888888888888,True,6.2607975,-4.583784,,0.1122960709973613,True,0.0,False,False,11,10,1,55511.0,59879.0,3.8542475235194624,False,True,?,,5.896133,59202.0,20.57358182147384
J011851.07-010417.3,CL-AGN,0.573171,19.712791666666664,-1.0714722222222222,True,7.9529104,-2.367199,0.0215277998142204,0.1529070515164539,True,0.0,False,False,8,8,0,52202.0,59218.0,5.6639668938137815,False,False,GALAXY,,2.862298,59218.0,21.35821288222477
J012953.16-003104.3,EVQ,0.487809,22.4715,-0.5178611111111112,False,8.197194,-4.3486643,,0.1066365931121912,True,0.0,False,False,5,5,0,57373.0,59222.0,5.653015490665253,False,False,QSO,BROADLINE,5.972233,59222.0,20.55965814275587
J014022.54+002629.7,EVQ,1.857251,25.09391666666666,0.4415833333333333,False,6.244611,-0.108312584,,0.0458516340177764,True,0.0,False,False,8,7,1,56902.0,59488.37304243,4.923725846777502,False,True,QSO,,1.291468,59220.0,22.22229087577001
J023427.80+010921.9,CL-AGN,0.739439,38.61583333333333,1.1560833333333334,True,5.725849,-0.63466895,0.0130105093520109,0.1683617643572343,True,0.0,False,False,16,15,1,55234.0,59937.0,3.6954521778658007,False,True,?,,3.593906,59232.0,21.11108321554617
J082526.43+274205.8,EVQ,0.340195,126.36012499999998,27.70161111111111,False,6.127332,-0.4171366,,0.0967124328834177,True,0.0,False,False,3,3,0,58157.0,59195.0,5.72693746191782,False,False,QSO,BROADLINE,5.239721,59195.0,20.7017295933166
J083537.26+314209.9,EVQ,1.813543,128.90525,31.70275,False,0.9541371,0.5065592,,0.0353724931902096,True,0.0,False,False,5,3,2,54561.0,59519.976701505,4.837199743902756,False,True,QSO,,3.334986,59199.0,21.192264962191302
J083716.47+035606.1,CL-AGN,0.063482,129.318625,3.935027777777778,True,17.44925,5.6159196,0.218257038516477,0.9233692108935416,True,0.0,False,False,5,4,1,52646.0,59630.17626387,4.535489785340128,True,True,QSO,,96.1585,59288.0,17.5425307998863
J090315.87-000710.1,CL-AGN,0.845034,135.816125,-0.1194722222222222,True,9.35898,-3.717248,0.0222766999846958,0.1232471966904976,True,0.0,False,False,4,3,1,55532.0,59603.27785033,4.609133628023228,False,True,QSO,,9.082164,59253.0,20.104526650369735
J090826.74+002137.4,CL-AGN,0.162574,137.11141666666666,0.3603888888888888,True,18.99275,6.467412,0.3216588805690456,0.9251129363906304,True,0.0,False,False,8,7,1,51924.0,59536.46748617,4.7920504361272735,False,True,QSO,,69.7725,59257.0,17.89078928912828
J091649.41+000031.6,CL-AGN,0.222549,139.20587500000002,0.0087777777777777,True,18.95074,6.812999,0.381989891285937,0.2544163246682723,True,0.0,False,False,6,5,1,51955.0,59318.0,5.390181815100571,True,True,?,,14.25207,59257.0,19.615305133123094
J093149.46+014333.5,EVQ,0.356612,142.95608333333334,1.7259722222222222,False,10.077437,-2.2653172,0.0511386662899213,2.812344533363472,True,0.0,False,False,9,8,1,51965.0,59572.389864725,4.693700323724794,False,True,QSO,,35.49404,59280.0,18.624611414011266
J112825.59+565646.1,CL-AGN,0.615026,172.10662499999998,56.94613888888889,True,3.087648,-0.38026404,,0.0932381750757248,True,0.0,False,False,11,11,0,56683.0,59346.0,5.313521993060872,False,True,?,,7.446881,59315.0,20.320063965148616
J140104.00+633733.2,EVQ,1.698609,210.26666666666665,63.62588888888889,False,2.6774511,-3.5581646,,0.0514606668162049,True,0.0,False,False,10,10,0,56396.0,59381.0,5.217697215511249,False,False,?,,1.688907,59309.0,21.930985660706614
J160451.30+553223.5,EVQ,0.312626,241.21375,55.53986111111111,False,20.112722,0.9335213,0.2096527477929687,0.4941030579272226,True,0.0,False,False,9,8,1,57897.0,60065.0,3.3450072771128916,False,False,?,,,,
J160730.23+560305.6,CL-AGN,0.717069,241.8759583333333,56.05155555555555,True,8.916895,-3.9543526,0.0260901187701297,0.1646084206472621,True,0.0,False,False,7,6,1,56430.0,59731.0,4.259449440015014,False,False,?,,,,
J221055.80-001702.4,CL-AGN,0.657455,332.73249999999996,-0.284,True,6.2840466,-0.22949915,0.01190729773247,0.0964715303142698,True,0.0,False,False,5,5,0,55499.0,59386.0,5.204007961575589,False,False,?,,,,
J023029.63+004305.0,EVQ,2.586888,37.623458333333325,0.7180555555555556,False,,,,,False,,False,False,14,14,0,55209.0,59937.0,3.6954521778658007,True,True,?,,0.8004927,59232.0,22.741606560561497
J024510.20-000628.1,EVQ,2.132256,41.2925,-0.1078055555555555,False,,,,,False,,False,False,23,22,1,55450.0,59984.0,3.5667731908705917,False,True,?,,2.854491,59222.0,21.36117830488418
J024637.95-004105.4,EVQ,0.85716,41.65812499999999,-0.6848333333333333,False,,,,,False,,False,False,23,22,1,52177.0,59984.0,3.5667731908705917,False,True,?,,1.54535,59222.0,22.02743285879513
J080020.23+315414.2,EVQ,1.659855,120.08429166666666,31.90394444444444,False,,,,,False,,False,False,8,8,0,54537.0,59253.0,5.568142116264158,False,False,QSO,BROADLINE,3.834666,59253.0,21.04068114296019
J082459.79+315932.5,EVQ,1.475583,126.249125,31.992361111111112,False,,,,,False,,False,False,4,3,1,58162.0,59554.3679664,4.743041592239514,False,True,QSO,,1.511309,59199.0,22.051616828439144
J083414.18+270101.6,CL-AGN,1.071886,128.55908333333332,27.01711111111111,True,,,,,False,,False,False,5,4,1,58429.0,59554.38116449,4.743005457838428,False,False,QSO,,0.8624428,59222.0,22.660674247790737
J085502.14+520137.7,EVQ,1.884805,133.75891666666666,52.027138888888885,False,,,,,False,,False,False,21,20,1,56739.0,59992.0,3.544870384573535,False,True,?,,0.4247488,59312.0,23.429669598564093
J090903.50-005928.9,EVQ,2.440956,137.26458333333332,-0.991361111111111,False,,,,,False,,False,False,4,4,0,55240.0,59253.0,5.568142116264158,False,False,QSO,BROADLINE,5.225523,59253.0,20.704675590962307
J093041.65+011842.1,CL-AGN,2.396249,142.67354166666664,1.3116944444444445,True,,,,,False,,False,False,4,3,1,55660.0,59575.38295050251,4.6855057014728825,False,False,QSO,,0.7595748,59232.0,22.798573630119563
J122334.95+281544.0,EVQ,2.274074,185.895625,28.26222222222222,False,,,,,False,,False,False,3,3,0,56356.0,59265.0,5.5352879068185725,False,False,QSO,BROADLINE,1.477318,59265.0,22.076315026479406
J140836.66+620103.9,EVQ,2.618734,212.15274999999997,62.01775,False,,,,,False,,False,False,10,10,0,56419.0,59381.0,5.217697215511249,False,False,?,,4.512208,59309.0,20.86402722204641
J164407.45+491912.0,EVQ,0.481326,251.03104166666665,49.32,False,,,,,False,,False,False,3,3,0,57186.0,59376.0,5.231386469446909,False,False,?,,,,
J170643.86+412109.1,EVQ,1.769442,256.68275,41.35252777777778,False,,,,,False,,False,False,4,3,1,58041.0,59379.36074665,5.222185246585846,False,False,QSO,,,,
J221301.55-004714.9,EVQ,1.68995,333.2564583333333,-0.7874722222222222,False,,,,,False,,False,False,6,5,1,58038.0,59486.20691031,4.929656393307279,False,False,QSO,,,,
