Name,Class,z,ra,dec,is_clagn,umap_x,umap_y,fvar_w1,mean_w1_mjy,projected,clagn_score,in_region_zeltyn,in_region_clagn
J000719.90+253128.6,EVQ,0.559321,1.8329166666666663,25.52461111111111,False,12.566841,-3.6926134,0.09087354378345366,0.12830850945286287,True,0.04,False,False
J000750.51+005815.2,CL-AGN,0.345113,1.960458333333333,0.9708888888888889,True,16.532986,4.42347,0.25635609897610917,0.3242115172244042,True,0.1,False,False
J001103.49+010032.6,CL-AGN,0.485892,2.7645416666666662,1.0090555555555556,True,5.286042,-1.0331457,,0.07666272689075596,True,0.0,True,False
J001133.95-000001.1,EVQ,0.44707,2.8914583333333326,-0.0003055555555555556,False,9.187544,2.631984,0.08797343895153362,0.08525421854632739,True,0.14,True,False
J001333.96+014506.8,CL-AGN,0.881555,3.3914999999999997,1.7518888888888888,True,6.2607975,-4.583784,,0.11229607099736132,True,0.0,False,False
J002956.65+010537.2,EVQ,0.373015,7.486041666666666,1.0936666666666666,False,9.426523,3.2347085,0.10832733200596907,0.0928483939066942,True,0.18,True,False
J003242.74+003110.9,EVQ,0.360592,8.178083333333332,0.5196944444444445,False,13.590107,2.8710618,0.21953861098121497,0.4072738780156728,True,0.2,False,False
J003841.53+000226.7,CL-AGN,0.649649,9.673041666666665,0.04075,True,9.722786,3.5211596,0.14191040289542078,0.25013038553651173,True,0.22,True,False
J003849.27-011722.4,EVQ,0.500226,9.705291666666664,-1.2895555555555553,False,19.927412,5.376349,0.2784747521685063,0.32485863858180347,True,0.16,False,False
J004459.09-010629.3,CL-AGN,0.228215,11.24620833333333,-1.108138888888889,True,16.526667,6.4058537,0.3970021400136623,0.4496648235070415,True,0.08,False,False
J004616.68+000249.1,CL-AGN,0.4531,11.5695,0.04697222222222222,True,11.342975,0.049819212,0.07804286669929605,0.3812350520033938,True,0.04,False,False
J011536.11+003352.4,CL-AGN,0.364029,18.90045833333333,0.5645555555555556,True,15.005259,5.6664133,0.5259613493769087,0.30129905494485676,True,0.14,False,False
J011851.07-010417.3,CL-AGN,0.573171,19.712791666666664,-1.0714722222222222,True,7.9529104,-2.367199,0.021527799814220476,0.15290705151645395,True,0.0,False,False
J011943.50-010858.5,EVQ,0.497391,19.931249999999995,-1.1495833333333334,False,15.057566,0.32785946,0.21974104681059914,0.33997776636358706,True,0.08,False,False
J012025.45+142727.9,CL-AGN,0.263752,20.106041666666663,14.457749999999999,True,7.7496986,1.7996728,0.06301251100638221,0.3873539762802495,True,0.06,True,False
J012150.93+145344.0,EVQ,0.593289,20.462208333333333,14.895555555555555,False,9.716601,3.9061491,0.13503559995020412,0.14148945425275888,True,0.3,True,False
J012256.19-000252.6,CL-AGN,0.340502,20.734124999999995,-0.04794444444444444,True,13.845211,-1.9370002,0.12835419727836272,0.43606886874912887,True,0.14,False,False
J012416.34+004052.2,CL-AGN,0.594002,21.06808333333333,0.6811666666666666,True,11.00916,2.279637,0.15193502956231592,0.18330592629608117,True,0.12,False,False
J012452.64+000958.9,EVQ,0.267199,21.21933333333333,0.1663611111111111,False,9.555597,3.5570333,0.1255641748497383,0.2383553655023123,True,0.2,True,False
J012524.66+001935.9,CL-AGN,1.662356,21.35275,0.32663888888888887,True,3.5990667,-0.32816303,,0.05101797649390129,True,0.0,True,False
J012716.17-003557.7,EVQ,0.371335,21.817374999999995,-0.5993611111111111,False,17.893991,5.437176,0.33474807106265625,0.3745240662970672,True,0.02,False,False
J012839.76+003342.5,CL-AGN,0.434354,22.165666666666667,0.5618055555555556,True,8.501214,2.2916136,0.06938550134673312,0.136293138869002,True,0.12,True,False
J012946.72+150457.3,CL-AGN,0.364851,22.444666666666663,15.082583333333334,True,14.752561,1.1647,0.1484338664934957,0.7205731516852882,True,0.1,False,False
J012953.16-003104.3,EVQ,0.487809,22.4715,-0.5178611111111112,False,8.197194,-4.3486643,,0.1066365931121912,True,0.0,False,False
J013309.79-000107.7,CL-AGN,0.393807,23.290791666666664,-0.018805555555555555,True,9.497199,3.4695048,0.1205091968465861,0.10215230245772491,True,0.18,True,False
J013944.05-004251.5,CL-AGN,0.471326,24.933541666666663,-0.7143055555555555,True,7.625928,1.8860226,0.036900984749719576,0.25279792316700705,True,0.06,False,False
J014022.54+002629.7,EVQ,1.857251,25.09391666666666,0.4415833333333333,False,6.244611,-0.108312584,,0.04585163401777641,True,0.0,False,False
J014128.85+003712.2,CL-AGN,0.814749,25.37020833333333,0.6200555555555556,True,7.404045,1.6260122,0.02932845019753869,0.09925859264621953,True,0.06,False,False
J014209.02-005050.0,CL-AGN,0.132549,25.53758333333333,-0.8472222222222222,True,18.345102,4.7940025,0.24970428092674216,0.8402961255440949,True,0.04,False,False
J015105.80-003426.4,EVQ,0.335108,27.774166666666662,-0.574,False,15.062674,3.875675,0.25156708529865934,0.32137964318870255,True,0.22,False,True
J015108.82+003517.2,CL-AGN,0.875433,27.786749999999998,0.5881111111111111,True,8.600437,2.4044976,0.0708563299662311,0.16668564286703685,True,0.14,True,False
J015717.74+004108.4,EVQ,0.389593,29.323916666666666,0.6856666666666666,False,10.860744,3.1012511,0.1223402390891821,0.4286867213629323,True,0.26,False,True
J015854.50+001307.3,CL-AGN,0.145004,29.72708333333333,0.21869444444444444,True,9.473265,2.7987754,0.07165637749777219,0.17675808369883575,True,0.14,True,False
J015957.64+003310.5,CL-AGN,0.31205,29.990166666666667,0.5529166666666667,True,7.6825237,1.2376419,0.05950885210436406,0.26540174033418085,True,0.06,True,False
J020428.59-031013.7,EVQ,0.359745,31.119124999999997,-3.170472222222222,False,11.221195,3.4560533,0.15370940096227542,0.42837398262281506,True,0.34,False,True
J020649.48-041452.7,CL-AGN,0.138743,31.70616666666666,-4.247972222222223,True,14.767575,1.3125561,0.07735646185886715,0.5781286215628632,True,0.14,False,False
J020719.49-033600.7,EVQ,0.560031,31.831208333333333,-3.6001944444444445,False,13.333651,2.3739119,0.1543466345669727,0.13667302015584892,True,0.2,False,False
J021122.60-021129.8,EVQ,0.210883,32.84416666666666,-2.191611111111111,False,11.324475,0.055634145,0.08060980806131336,0.41015555940703924,True,0.04,False,False
J022105.64-044101.5,CL-AGN RM,0.198636,35.2735,-4.68375,True,16.595428,2.07775,0.17869604510847778,0.8945591266558782,True,0.22,False,False
J022907.77+003755.0,EVQ,0.458884,37.282375,0.6319444444444444,False,3.8141005,-0.14096518,,0.14338116507968007,True,0.0,True,False
J023029.63+004305.0,EVQ,2.586888,37.623458333333325,0.7180555555555556,False,,,,,False,,False,False
J023112.11-002056.3,EVQ,0.643731,37.80045833333333,-0.3489722222222222,False,13.556471,-2.1567528,0.12633633240703718,0.31084272031235605,True,0.12,False,False
J023128.98+011250.2,EVQ,0.600864,37.870749999999994,1.2139444444444445,False,8.229506,2.2003582,0.06447127497753138,0.19707186347907962,True,0.1,True,False
J023427.80+010921.9,CL-AGN,0.739439,38.61583333333333,1.1560833333333334,True,5.725849,-0.63466895,0.013010509352010959,0.16836176435723432,True,0.0,False,False
J023904.10-004410.8,CL-AGN,0.567837,39.767083333333325,-0.7363333333333333,True,6.478474,0.021949375,0.019403645897139644,0.16205240113921637,True,0.02,False,False
J023958.89-000901.2,CL-AGN,0.394828,39.995374999999996,-0.15033333333333332,True,18.43629,9.037429,0.2723721420891145,0.10612882681645217,True,0.04,False,False
J024508.68+003710.7,CL-AGN,0.29935,41.28616666666666,0.619638888888889,True,19.57372,4.7957807,0.24585645065516007,0.3354479819284373,True,0.16,False,False
J024510.20-000628.1,EVQ,2.132256,41.2925,-0.10780555555555556,False,,,,,False,,False,False
J024637.95-004105.4,EVQ,0.85716,41.65812499999999,-0.6848333333333333,False,,,,,False,,False,False
J024712.91-011106.2,EVQ,0.486331,41.80379166666666,-1.1850555555555555,False,11.1057005,-2.0835738,0.07032032756683115,0.15540073808623922,True,0.02,False,False
J025515.09+003740.5,CL-AGN,1.012572,43.812875,0.6279166666666667,True,9.81169,1.9835229,0.1264604705685368,0.09891465201145658,True,0.08,True,False
J073716.39+380202.4,EVQ,0.550421,114.31829166666665,38.034,False,12.645009,0.35313693,0.09484665843909036,0.17420541384893123,True,0.14,False,False
J073916.52+315814.3,CL-AGN,0.727763,114.81883333333332,31.97063888888889,True,13.709218,5.3183136,0.28364706247306887,0.2762900061225582,True,0.36,False,True
J074147.21+303243.1,EVQ,0.697918,115.44670833333333,30.545305555555558,False,11.220015,1.1291586,0.09804545570446106,0.37587471552455903,True,0.02,False,False
J074314.98+383829.8,EVQ,0.352608,115.81241666666666,38.64161111111111,False,10.80114,3.9557393,0.24293036326938042,0.3004411873760745,True,0.36,False,True
J074511.98+380911.3,EVQ,0.23648,116.29991666666665,38.15313888888889,False,18.650345,4.9301095,0.549444429040304,0.46459168873910117,True,0.08,False,False
J075225.29+284728.5,CL-AGN,0.772837,118.10537499999998,28.79125,True,8.353112,2.331932,0.06588639971485558,0.11793506350823664,True,0.1,True,False
J075827.30+342457.5,EVQ,0.562246,119.61375,34.41597222222222,False,21.932562,7.7372236,0.33318905254446063,0.1360953289045705,True,0.08,False,False
J075934.95+322143.3,CL-AGN,0.26888,119.89562499999998,32.362027777777776,True,19.071386,5.150949,0.33838161088530444,1.1392786003075681,True,0.14,False,False
J080020.23+315414.2,EVQ,1.659855,120.08429166666666,31.90394444444444,False,,,,,False,,False,False
J080133.29+341737.6,CL-AGN,0.337982,120.38870833333334,34.29377777777778,True,12.308919,2.1952481,0.1552730776943986,0.46377759551388,True,0.18,False,False
J080709.93+205901.8,EVQ,0.314605,121.79137499999997,20.983833333333333,False,13.86388,3.4908416,0.11310629798408325,0.44078420573560073,True,0.2,False,True
J080711.72+194439.7,CL-AGN,0.347745,121.7988333333333,19.74436111111111,True,14.90371,2.9733,0.1799523766690841,0.6233876989850662,True,0.26,False,True
J080717.58+251758.7,CL-AGN,0.383252,121.82325,25.29963888888889,True,19.848787,8.218639,0.33772955729214793,0.38443463432805824,True,0.06,False,False
J080803.27+325145.6,CL-AGN,0.631568,122.01362499999998,32.86266666666667,True,7.908549,2.0490565,0.05974481596498551,0.17623792721216333,True,0.1,True,False
J080832.67+260130.3,EVQ,0.459197,122.13612499999996,26.02508333333333,False,9.802511,3.750347,0.13482981982226266,0.12393248752201677,True,0.28,True,False
J080838.73+273252.4,CL-AGN,0.47762,122.16137499999998,27.54788888888889,True,7.0812283,1.4245311,0.04261440725321363,0.24631295058332858,True,0.06,True,False
J081009.62+211625.8,CL-AGN,0.769466,122.5400833333333,21.273833333333332,True,9.298857,2.6915183,0.09404111633599499,0.14599267639453536,True,0.14,True,False
J081051.52+325251.9,EVQ,0.705579,122.71466666666663,32.881083333333336,False,12.757705,-3.6964934,0.09081915920321149,0.10972194044833505,True,0.04,False,False
J081116.71+320935.4,EVQ,0.15368,122.81962499999999,32.15983333333333,False,20.54867,4.9826555,0.23845143796341572,2.184606970733391,True,0.06,False,False
J081127.88+222045.3,EVQ,0.312202,122.86616666666666,22.345916666666664,False,11.738051,3.3722184,0.20756374363010668,0.8095995611800806,True,0.38,False,True
J081314.19+215550.8,CL-AGN,0.454432,123.30912499999998,21.930777777777777,True,4.178748,-0.5254542,,0.1479005845227193,True,0.0,True,False
J081338.47+215349.9,CL-AGN,0.548448,123.41029166666665,21.897194444444445,True,12.159108,2.7800126,0.17636140737828515,0.20947010460813492,True,0.24,False,False
J081352.60+243903.6,CL-AGN,0.651118,123.46916666666667,24.651,True,8.924078,2.3815696,0.07831108429234032,0.14665824088990692,True,0.16,True,False
J081429.24+265241.5,EVQ,0.284569,123.62183333333331,26.878194444444446,False,22.356613,6.2129474,0.3469303526986868,0.6748322419967555,True,0.06,False,False
J081537.56+384303.2,CL-AGN,0.506738,123.90649999999998,38.717555555555556,True,11.658634,-3.6728497,0.07078419236858789,0.0914230564402834,True,0.02,True,False
J082018.50+344141.0,CL-AGN,0.497461,125.07708333333332,34.69472222222222,True,13.520392,2.9711304,0.1941286692442637,0.23507747468747878,True,0.16,False,True
J082039.62+391759.1,EVQ,0.87603,125.16508333333334,39.299749999999996,False,12.043876,4.859305,0.33771444861367506,0.29813675915474014,True,0.46,False,True
J082459.79+315932.5,EVQ,1.475583,126.249125,31.992361111111112,False,,,,,False,,False,False
J082526.43+274205.8,EVQ,0.340195,126.36012499999998,27.70161111111111,False,6.127332,-0.4171366,,0.09671243288341774,True,0.0,False,False
J082537.64+320443.7,CL-AGN,0.719988,126.40683333333331,32.07880555555556,True,10.67307,-3.328441,0.053958251893634894,0.09575915592232212,True,0.0,True,False
J083000.36+343238.8,EVQ,0.739263,127.50149999999998,34.54411111111111,False,11.338992,5.0245695,0.33965472198741214,0.35970751882476215,True,0.5,False,True
J083414.18+270101.6,CL-AGN,1.071886,128.55908333333332,27.01711111111111,True,,,,,False,,False,False
J083537.26+314209.9,EVQ,1.813543,128.90525,31.702749999999998,False,0.9541371,0.5065592,,0.03537249319020969,True,0.0,False,False
J083542.72+035353.8,EVQ,0.882281,128.928,3.898277777777778,False,21.052832,9.079323,0.40874844271786764,0.25058577314005837,True,0.2,False,True
J083716.47+035606.1,CL-AGN,0.063482,129.318625,3.935027777777778,True,17.44925,5.6159196,0.21825703851647707,0.9233692108935416,True,0.0,False,False
J083754.66+040007.2,EVQ,0.563324,129.47775,4.002,False,11.273617,-1.3309547,0.07681424173163981,0.21331330670998544,True,0.04,False,False
J084047.47+370701.1,EVQ,0.525236,130.19779166666663,37.11697222222222,False,12.852613,1.4111968,0.12192270894460873,0.19203241526256265,True,0.16,False,False
J084158.34+035851.7,CL-AGN,0.696807,130.49308333333332,3.981027777777778,True,11.531303,-1.2535967,0.068604298237764,0.08788704799201305,True,0.08,False,False
J084528.72-002723.3,CL-AGN,0.154388,131.36966666666666,-0.4564722222222222,True,16.270332,8.878396,0.39368044910404354,0.8451893065292044,True,0.04,True,False
J084637.65+000024.5,CL-AGN,0.257489,131.656875,0.006805555555555555,True,21.224564,9.353527,0.2768103799724817,0.35142891351716826,True,0.26,False,True
J084924.70+002049.7,CL-AGN,0.508254,132.35291666666663,0.3471388888888889,True,14.895369,8.734211,,0.09687270559355908,True,0.04,True,False
J085321.89+010216.7,CL-AGN,0.213946,133.34120833333333,1.0379722222222223,True,6.6146507,0.37673825,0.017183329002079677,0.16114759662773714,True,0.04,True,False
J085337.26+014303.6,CL-AGN,0.058189,133.40525,1.7176666666666667,True,15.70971,4.7620573,0.36598949179088863,2.602925054103058,True,0.14,False,False
J085502.14+520137.7,EVQ,1.884805,133.75891666666666,52.027138888888885,False,,,,,False,,False,False
J085512.13+032950.6,CL-AGN,0.124046,133.80054166666665,3.497388888888889,True,21.66938,7.7142262,0.3085281426686965,0.6504898289920762,True,0.06,False,False
J090254.12+015429.1,CL-AGN,0.166121,135.72549999999998,1.9080833333333334,True,20.208042,5.758733,0.37773091054697167,0.5799499954479874,True,0.08,False,False
J090315.11+010623.1,CL-AGN,0.121657,135.81295833333334,1.1064166666666668,True,19.80256,7.9163766,0.35971714108065983,0.568940825093739,True,0.04,False,False
J090315.87-000710.1,CL-AGN,0.845034,135.816125,-0.11947222222222223,True,9.35898,-3.717248,0.022276699984695877,0.12324719669049762,True,0.0,False,False
J090457.90+010423.1,EVQ,0.278855,136.24124999999998,1.0730833333333334,False,17.839148,2.308985,0.3310554500657371,0.4907074392672657,True,0.16,False,False
J090459.92-004206.9,CL-AGN,0.282439,136.24966666666666,-0.7019166666666666,True,12.343014,1.0026213,0.0838559215016307,0.40198190343655715,True,0.1,False,False
J090535.77-004039.9,CL-AGN,0.793011,136.39904166666665,-0.67775,True,9.93672,3.1047442,0.09322634660381936,0.2970942923338689,True,0.18,False,True
J090550.30+003948.1,CL-AGN,0.354041,136.4595833333333,0.6633611111111112,True,5.2140107,-0.96167856,0.011748192942451812,0.3956265674568845,True,0.0,True,False
J090612.02+014412.0,CL-AGN,0.588482,136.5500833333333,1.7366666666666668,True,13.943695,-1.3990697,0.15025404537475567,0.3767994885502485,True,0.18,False,False
J090624.60+505549.5,CL-AGN,0.478108,136.60249999999996,50.930416666666666,True,9.585949,3.1991131,0.1147201987421628,0.08386373467180404,True,0.18,True,False
J090826.74+002137.4,CL-AGN,0.162574,137.11141666666666,0.36038888888888887,True,18.99275,6.467412,0.3216588805690456,0.9251129363906305,True,0.0,False,False
J090903.50-005928.9,EVQ,2.440956,137.26458333333332,-0.991361111111111,False,,,,,False,,False,False
J091156.22-005140.4,EVQ,0.570337,137.98424999999997,-0.8612222222222222,False,11.325816,0.4066517,0.09846821185982045,0.1417196659770691,True,0.04,False,False
J091445.19+000648.8,EVQ,0.560135,138.68829166666663,0.11355555555555556,False,16.338037,-0.14984645,0.23851044990945575,0.3137284370480661,True,0.02,False,False
J091459.16+050243.4,CL-AGN,0.142516,138.74649999999997,5.045388888888889,True,17.10871,5.1285686,0.3011562532547272,0.8309914740379298,True,0.02,False,False
J091649.41+000031.6,CL-AGN,0.222549,139.20587500000002,0.008777777777777778,True,18.95074,6.812999,0.381989891285937,0.25441632466827235,True,0.0,False,False
J092158.92+034235.7,EVQ,0.323627,140.49549999999996,3.709916666666667,False,11.557628,3.0249126,0.1082257434307647,0.5081640786388547,True,0.3,False,True
J092313.53+043445.0,CL-AGN,0.65682,140.80637499999997,4.579166666666667,True,13.628645,-1.8531226,0.12580625851044672,0.23034950649898925,True,0.12,False,False
J092629.23-000605.7,CL-AGN,0.201324,141.62179166666667,-0.10158333333333334,True,17.55703,2.1306562,0.347901390018339,0.15324140814969694,True,0.22,False,False
J092702.31+043308.2,EVQ,0.321793,141.75962499999997,4.552277777777777,False,22.531404,7.301298,0.231017899572924,0.6604660235142061,True,0.06,False,False
J092739.77+050312.6,CL-AGN,0.126061,141.9157083333333,5.0535,True,21.47213,1.7602388,0.26362363351510437,0.9116537704432244,True,0.04,False,False
J092814.62+005631.0,EVQ,0.405275,142.06091666666666,0.9419444444444445,False,13.066165,-2.2497683,0.10204082346174932,0.6585890595532395,True,0.06,False,False
J092957.88+001508.7,CL-AGN,0.800271,142.49116666666663,0.2524166666666667,True,9.462269,2.9270158,0.10642050736511013,0.16964879768290397,True,0.16,True,False
J093041.65+011842.1,CL-AGN,2.396249,142.67354166666664,1.3116944444444445,True,,,,,False,,False,False
J093149.46+014333.5,EVQ,0.356612,142.95608333333334,1.7259722222222222,False,10.077437,-2.2653172,0.05113866628992138,2.812344533363472,True,0.0,False,False
J093209.96+040319.9,CL-AGN,0.275805,143.04149999999998,4.055527777777778,True,13.0190525,4.4219074,0.20603339643060337,0.35151053506507246,True,0.42,False,True
J093322.83+010120.9,CL-AGN,0.159933,143.34512499999997,1.0224722222222222,True,20.296722,7.4533,0.3273790601287335,0.8999890590941139,True,0.04,False,False
J093614.70+012105.9,CL-AGN,0.302738,144.06124999999997,1.351638888888889,True,13.537006,7.312562,0.4485913588850689,0.20168987212757825,True,0.18,True,False
J103723.72+363341.6,CL-AGN,0.519399,159.34883333333332,36.56155555555555,True,9.623942,0.1930349,0.0554178895424685,0.18279162602118865,True,0.08,False,False
J112256.45+435227.7,EVQ,1.582557,170.7352083333333,43.874361111111114,False,9.557622,3.3973274,0.12521029413764856,0.11925046545338665,True,0.18,True,False
J112518.07+272452.8,EVQ,0.564341,171.32529166666663,27.414666666666665,False,10.727456,1.2340789,0.08230970879074748,0.25210806622655857,True,0.06,False,False
J112536.33+303915.9,CL-AGN,0.575978,171.40137499999997,30.654416666666666,True,17.623846,1.2379315,0.3069921066859764,0.23624382499535196,True,0.12,False,False
J112825.59+565646.1,CL-AGN,0.615026,172.10662499999998,56.94613888888889,True,3.087648,-0.38026404,,0.09323817507572488,True,0.0,False,False
J112951.94+233237.3,EVQ,0.514746,172.46641666666665,23.543694444444448,False,16.022463,-0.7121037,0.19918008247091445,0.3071996475449349,True,0.08,False,False
J113025.21+304033.7,CL-AGN,0.842421,172.60504166666666,30.67602777777778,True,10.531667,4.376667,0.1509209083884873,0.352868457674352,True,0.38,False,True
J113118.43+581841.8,CL-AGN,0.311977,172.82679166666665,58.311611111111105,True,9.209209,0.81578535,0.04045565153451248,0.33719257676577447,True,0.06,False,False
J113200.64+292603.9,EVQ,0.578446,173.00266666666664,29.434416666666667,False,14.800619,-2.0620914,0.16144176791434522,0.44094314394053935,True,0.18,False,True
J113311.19+591357.9,EVQ,2.79157,173.296625,59.23275,False,3.5468614,-0.21456589,,0.03558061571860496,True,0.0,True,False
J113333.82+592152.5,CL-AGN,0.486347,173.39091666666664,59.364583333333336,True,10.723166,-0.8346241,0.10067132457890592,0.1725892379801646,True,0.08,False,False
J113457.21+292502.4,CL-AGN,0.392179,173.73837499999996,29.417333333333335,True,11.221392,-1.0789654,0.06668279428728864,0.4475219825190123,True,0.04,False,False
J115705.84+560749.5,EVQ,0.653877,179.2743333333333,56.13041666666667,False,10.354403,1.637649,0.08525574171785893,0.401886983189773,True,0.06,False,False
J121345.97+484419.4,EVQ,0.494173,183.44154166666664,48.73872222222222,False,15.920707,3.983371,0.5179521958765053,0.31836410041353624,True,0.24,False,True
J121618.00+515946.1,CL-AGN,0.623324,184.075,51.99613888888889,True,12.324415,1.2419307,0.10981059608567524,0.34911856383417667,True,0.14,False,False
J122013.56+520206.3,EVQ,0.27803,185.0565,52.03508333333333,False,11.888208,5.5870986,0.49028898631752776,0.5099371900203555,True,0.52,False,True
J122334.95+281544.0,EVQ,2.274074,185.895625,28.26222222222222,False,,,,,False,,False,False
J132457.29+480241.3,CL-AGN,0.271847,201.2387083333333,48.044805555555556,True,14.432336,1.9219167,0.11591963869919601,0.9060152728343063,True,0.16,False,False
J133244.09+141943.5,EVQ,0.59958,203.1837083333333,14.32875,False,11.423174,3.3416493,0.17967115671148665,0.3952150167328935,True,0.38,False,True
J135157.54+533839.6,EVQ,1.519408,207.98974999999996,53.644333333333336,False,12.450901,-3.4577878,0.08844972740835048,0.0840440578341928,True,0.06,False,False
J135415.55+515925.9,CL-AGN,0.319749,208.56479166666665,51.99052777777778,True,12.500672,3.0783098,0.19933068068422002,0.1270766082846195,True,0.28,False,True
J135544.26+531805.2,EVQ,1.572692,208.93441666666664,53.30144444444444,False,9.006827,2.389627,0.0916866638222853,0.26608568333491567,True,0.16,True,False
J135704.22+553414.8,EVQ,0.491954,209.26758333333328,55.57077777777778,False,13.060647,2.1730857,0.15279163384485156,0.19258590951429477,True,0.18,False,False
J135726.62+553736.0,CL-AGN,2.363621,209.3609166666666,55.626666666666665,True,8.124115,2.0881727,0.048303756829925895,0.14092654634621643,True,0.1,True,False
J135750.26+614309.0,CL-AGN,0.737404,209.45941666666664,61.719166666666666,True,9.590495,2.2471395,0.09816672984160371,0.22423854106211877,True,0.1,True,False
J135925.58+612603.8,EVQ,0.502968,209.8565833333333,61.43438888888888,False,14.403181,6.6589746,0.5114746657404813,0.19959653474910843,True,0.1,False,False
J140037.13+622132.9,CL-AGN,0.075293,210.15470833333333,62.35913888888889,True,19.024578,3.3113813,0.27714719057372134,1.521733060330981,True,0.06,False,False
J140104.00+633733.2,EVQ,1.698609,210.26666666666665,63.62588888888889,False,2.6774511,-3.5581646,,0.051460666816204995,True,0.0,False,False
J140219.42+554556.4,CL-AGN,0.76352,210.58091666666664,55.76566666666667,True,8.427039,2.3740876,0.068947793454308,0.10058267379396055,True,0.12,True,False
J140515.59+542458.0,CL-AGN,0.083262,211.3149583333333,54.41611111111111,True,15.718041,6.3314505,0.36624494626533993,0.5967959773564351,True,0.14,False,False
J140836.66+620103.9,EVQ,2.618734,212.15274999999997,62.01775,False,,,,,False,,False,False
J141144.12+531508.6,CL-AGN RM,0.923187,212.9338333333333,53.25238888888889,True,9.585032,3.7931774,0.10871233032218985,0.19287201136091742,True,0.24,True,False
J141634.37+515849.3,CL-AGN RM,0.989376,214.14320833333332,51.980361111111115,True,10.7749195,4.4769316,0.2143884964045141,0.2460125529792756,True,0.42,False,True
J142310.50+045455.1,EVQ,0.607454,215.79374999999996,4.915305555555556,False,13.647741,0.915221,0.12792198122746135,0.2012776231485957,True,0.18,False,False
J142613.05+321212.3,CL-AGN,0.523328,216.55437499999996,32.20341666666667,True,18.329334,4.737751,0.2376501953747532,0.17526321718924268,True,0.04,False,False
J142651.49+351924.5,EVQ,1.754633,216.71454166666663,35.32347222222223,False,9.941766,3.8913858,0.16564973569139074,0.14976420182074188,True,0.32,False,True
J142813.06+045247.6,CL-AGN,0.445953,217.05441666666664,4.879888888888889,True,12.538856,3.5225458,0.1945594785957057,0.39801190339900044,True,0.3,False,True
J142835.15+305639.6,CL-AGN,0.673064,217.1464583333333,30.944333333333333,True,9.875438,2.7360878,0.16231141998799398,0.08515998865196335,True,0.14,True,False
J143421.57+044137.2,EVQ,0.906706,218.58987499999998,4.693666666666667,False,14.497211,-1.3488616,0.15654561764991992,0.23823550220102022,True,0.2,False,True
J143438.23+034121.9,CL-AGN,0.331644,218.65929166666663,3.689416666666667,True,8.20766,2.1372218,0.061179989246699124,0.10216387343593689,True,0.1,True,False
J143732.94+355947.1,CL-AGN,0.370782,219.38725,35.99641666666667,True,11.973552,2.7339027,0.14114747148102402,0.7047670592858852,True,0.22,False,False
J144024.60+345624.2,CL-AGN,0.752449,220.10249999999996,34.94005555555555,True,11.605743,1.8701285,0.13328517150072014,0.12618934999445147,True,0.06,False,False
J144133.10+051633.5,EVQ,0.782236,220.38791666666665,5.275972222222222,False,9.741199,4.003328,0.1394605696103689,0.09442380038154435,True,0.32,True,False
J144731.89+342921.1,CL-AGN,0.387996,221.88287499999996,34.48919444444444,True,19.880661,5.4274273,0.2630454282053773,0.3601797854602054,True,0.18,False,False
J153144.80+395542.2,EVQ,0.752683,232.93666666666664,39.92838888888889,False,9.673375,3.3923523,0.1265187935577595,0.5144231074305845,True,0.18,True,False
J155829.36+271714.2,EVQ,0.090296,239.6223333333333,27.287277777777778,False,17.558481,2.0894282,0.46848991974326387,1.5436444421889006,True,0.22,False,False
J160451.30+553223.5,EVQ,0.312626,241.21374999999998,55.53986111111111,False,20.112722,0.9335213,0.20965274779296872,0.49410305792722264,True,0.0,False,False
J160541.37+335021.4,EVQ,0.831624,241.42237499999996,33.83927777777778,False,8.820967,1.7827672,0.06882501692570181,0.1609915957054615,True,0.1,True,False
J160730.23+560305.6,CL-AGN,0.717069,241.8759583333333,56.05155555555555,True,8.916895,-3.9543526,0.026090118770129758,0.16460842064726214,True,0.0,False,False
J160738.15+472349.1,CL-AGN,0.516701,241.90895833333332,47.396972222222225,True,12.982846,0.54415756,0.11862813238091738,0.30273618297210164,True,0.14,False,False
J161003.12+543627.9,CL-AGN,0.267623,242.513,54.60775,True,9.452834,1.9497361,0.06439038110080149,0.2593800544528039,True,0.1,True,False
J161734.42+490211.9,CL-AGN,0.880448,244.39341666666667,49.03663888888889,True,11.093293,1.184352,0.1226787595092657,0.13943192229584062,True,0.02,False,False
J161832.10+431129.6,EVQ,0.504385,244.63375,43.19155555555555,False,6.8872333,0.22394775,0.03879206081915463,0.2328527454099393,True,0.04,True,False
J162829.18+432948.6,CL-AGN,0.260285,247.1215833333333,43.496833333333335,True,12.9691305,3.4648182,0.2210523850561635,0.5373885096596214,True,0.24,False,True
J163110.02+384457.4,CL-AGN,0.583915,247.79174999999995,38.74927777777778,True,8.838112,2.1104722,0.08042133073197058,0.2581365741111312,True,0.12,True,False
J163345.19+441150.1,EVQ,0.768656,248.43829166666666,44.19725,False,11.829817,-2.1801307,0.07429452621758886,0.1238677078540407,True,0.06,False,False
J164348.61+390939.1,EVQ,0.675179,250.9525416666666,39.16086111111111,False,15.242917,3.3162737,0.3134405270565961,0.2065289836848156,True,0.24,False,True
J164407.45+491912.0,EVQ,0.481326,251.03104166666665,49.32,False,,,,,False,,False,False
J165234.96+393733.4,CL-AGN,0.641484,253.14566666666667,39.62594444444444,True,20.147118,2.7028866,0.3107765044751238,0.2140495154637693,True,0.08,False,False
J165252.60+360057.4,EVQ,0.280965,253.21916666666667,36.01594444444444,False,16.59675,4.3722787,0.3101919064486833,0.9918818790556443,True,0.1,False,False
J170643.86+412109.1,EVQ,1.769442,256.68275,41.35252777777778,False,,,,,False,,False,False
J211834.39+005322.2,CL-AGN,0.451338,319.64329166666664,0.8895,True,12.111885,-1.4046309,0.07818567007006888,0.264351084592619,True,0.12,False,False
J212928.91+000415.9,CL-AGN,0.180379,322.3704583333333,0.07108333333333333,True,17.720642,3.1320055,0.33993859945120425,0.42141184137895255,True,0.06,False,False
J213517.46+002020.4,CL-AGN,0.181268,323.82275,0.33899999999999997,True,11.372337,3.2377186,0.16260465581495917,0.15164901738506903,True,0.34,False,True
J220946.60-003822.8,CL-AGN,0.088949,332.4441666666666,-0.6396666666666666,True,20.759216,7.787942,0.2905451693081151,0.23210992848736015,True,0.04,False,False
J221003.68-005054.7,EVQ,0.388194,332.51533333333333,-0.8485277777777778,False,12.043741,4.708063,0.3290434031854473,0.22466547692492972,True,0.46,False,True
J221026.83-001721.1,CL-AGN,0.44867,332.61179166666665,-0.2891944444444444,True,15.132943,0.91523004,0.18042985212594775,0.3341851957425176,True,0.04,False,False
J221055.80-001702.4,CL-AGN,0.657455,332.73249999999996,-0.284,True,6.2840466,-0.22949915,0.011907297732470026,0.09647153031426983,True,0.0,False,False
J221301.55-004714.9,EVQ,1.68995,333.2564583333333,-0.7874722222222222,False,,,,,False,,False,False
J222210.54+203340.7,CL-AGN,0.568833,335.54391666666663,20.561305555555556,True,11.185902,-3.402708,0.06466713359390232,0.1837730083034379,True,0.02,True,False
J222306.32+194431.6,CL-AGN,0.259936,335.7763333333333,19.74211111111111,True,22.047976,8.335078,0.27260128771513226,0.17886067202160774,True,0.22,False,False
J222515.86+212758.3,CL-AGN,0.882035,336.3160833333333,21.466194444444444,True,8.476186,2.2073553,0.06422788014764058,0.07987804024700487,True,0.1,True,False
J225350.57+193842.6,EVQ,0.432824,343.4607083333333,19.645166666666665,False,14.25137,-0.69287014,0.07014311289003576,0.3309561854540067,True,0.18,False,False
J232710.20+245645.9,EVQ,0.694549,351.79249999999996,24.946083333333334,False,13.8891945,-2.476922,0.1568835385188441,0.11202713447230994,True,0.12,False,False
J233650.69+004042.5,CL-AGN,0.161514,354.21120833333333,0.6784722222222221,True,10.417215,0.8314035,0.06733464593148822,0.40651810954921574,True,0.08,False,False
J233830.25+002501.8,EVQ,0.463811,354.62604166666665,0.4171666666666667,False,5.2402635,-0.7707893,0.00949916014893353,0.30404211862401265,True,0.0,True,False
J235042.15-010425.0,CL-AGN,0.396912,357.67562499999997,-1.073611111111111,True,9.58902,3.3850002,0.09901283287227725,0.21034402498495092,True,0.18,True,False
J235214.78+005103.3,CL-AGN,0.602111,358.06158333333326,0.8509166666666667,True,14.000655,-2.798526,0.13505029288211337,0.08433316813948218,True,0.14,False,False
J235439.15+005751.9,EVQ,0.389755,358.6631249999999,0.9644166666666666,False,15.081708,4.5441775,0.5019059180269643,0.5810350351024626,True,0.24,False,False
J235720.13-005830.0,CL-AGN,0.339078,359.333875,-0.975,True,10.416722,0.3946076,0.08003957998366462,0.365709262846112,True,0.08,False,False
J235720.19+004012.8,CL-AGN,0.220698,359.334125,0.6702222222222222,True,9.537842,0.0820882,0.04531800743168555,0.170032435057913,True,0.08,False,False
