name,n_ztf_g,n_ztf_r,mjd_first_ztf,mjd_last_ztf,r_first,r_last,g_last,dr_last_minus_first,r_at_ref,dr_since_ref,slope_r_2yr,r_amp
J144133.10+051633.5,134,240,58198.3956597,60900.2137384,20.6971865,20.38440705,20.5629292,-0.31277945000000074,20.4679585,-0.08355145000000164,0.10604194585423635,0.8280245549999989
J012150.93+145344.0,439,552,58294.4810185,60969.3368866,20.2017994,20.0437212,20.0997086,-0.1580781999999985,20.344717,-0.30099579999999904,-0.06154335589297775,0.6306145699999988
J080832.67+260130.3,51,627,58223.1626505,60969.5179167,20.6812687,20.5801754,20.922881099999998,-0.10109329999999872,20.6268673,-0.04669189999999901,-0.10957233423593286,0.7101940300000003
J141144.12+531508.6,0,0,,,,,,,,,,
J003841.53+000226.7,102,168,58283.4805787,60833.4751273,20.10121445,19.6614113,19.9490185,-0.4398031499999995,19.9205589,-0.2591475999999986,0.027266149630376265,0.9132944300000005
J012452.64+000958.9,337,424,58301.4421644,60969.3316551,19.411356,19.3038063,20.0102425,-0.10754969999999986,19.4437122,-0.1399058999999987,0.02419324512509689,0.38137773500000094
J002956.65+010537.2,121,223,58283.4640394,60969.3018981,20.6787052,20.4195843,20.9484558,-0.2591208999999992,20.592967,-0.17338270000000122,0.1833920480060931,0.815467469999998
J013309.79-000107.7,152,267,58312.442662,60969.3316551,20.6029053,20.4401035,20.9371033,-0.16280180000000044,20.4791441,-0.03904059999999987,0.2056609670446761,1.0400957299999973
J090624.60+505549.5,81,259,58218.2266204,60968.4848958,20.7635345,20.71657945,21.0171776,-0.046955049999997556,21.138687150000003,-0.42210770000000153,-0.16747527484589153,0.9312736499999978
J093614.70+012105.9,114,609,58202.2555903,60959.5299653,19.4424744,19.4261417,20.2668562,-0.016332699999999534,19.621533399999997,-0.19539169999999828,-0.052756186744308785,1.2924530000000019
J112256.45+435227.7,787,1150,58202.2839468,60969.5241551,20.0600758,19.5896759,19.7980995,-0.4703999000000003,19.8514538,-0.261777900000002,-0.20231187569614684,0.948694605
J153144.80+395542.2,32,53,58292.2874421,60483.3105903,18.6320152,18.78190615,18.76988315,0.14989094999999963,18.7166348,0.06527134999999973,0.02850238006840184,0.3871017400000021
J235042.15-010425.0,74,282,58288.4621759,60969.2311227,20.1081371,20.136837,21.10387995,0.028699899999999445,19.9395466,0.19729039999999998,0.20902145117454554,0.5959248750000015
J081352.60+243903.6,26,239,58432.4460532,60924.5083681,21.182064099999998,21.2005253,21.45633315,0.018461200000000844,21.2683887,-0.06786340000000024,-0.13963087366401453,0.6818620800000019
J092957.88+001508.7,21,59,58244.1929514,60760.2643171,21.0512085,21.0817261,21.675663,0.03051759999999959,20.8696709,0.21205520000000178,,0.9364111000000008
J135544.26+531805.2,1108,1002,58198.3699769,60859.2765625,18.44925595,18.2344246,18.2955589,-0.21483135000000075,18.6190252,-0.38460059999999885,,0.2601313750000003
J001133.95-000001.1,68,124,58283.4433449,60969.2794444,20.8260345,20.7543602,21.0757818,-0.07167429999999797,20.6201763,0.13418390000000002,-0.0712425047325641,0.8811190250000003
J015108.82+003517.2,179,135,58312.443125,60969.2957639,20.65814785,20.47951795,20.6819839,-0.17862989999999712,21.06446265,-0.5849446999999977,,1.2218864399999987
J015854.50+001307.3,54,73,58353.3889352,60378.1277199,19.23996355,19.1997108,19.9633837,-0.0402527500000005,19.276421550000002,-0.07671075000000371,-0.03799319249279764,0.35555880000000073
J081009.62+211625.8,0,64,58227.1601042,60705.2983102,21.285201100000002,21.0358047,,-0.24939640000000196,21.292839049999998,-0.25703434999999786,,1.0473739699999989
J142835.15+305639.6,144,192,58198.4143171,60852.3186111,21.007391,20.973203650000002,21.1582623,-0.034187349999996286,21.461921699999998,-0.4887180499999957,,0.983022639999998
J012839.76+003342.5,13,178,58321.443206,60969.2746875,20.6779766,20.7108269,21.0943127,0.03285029999999978,20.6766472,0.03417969999999926,0.21783477490255684,0.5531153400000015
J140219.42+554556.4,41,172,58198.3699769,60854.3282523,21.1500683,21.0007887,21.7743702,-0.14927959999999985,21.560091,-0.5593022999999988,,1.0000846400000007
J163110.02+384457.4,208,954,58198.3990741,60965.1249537,20.77445985,20.7880974,21.580368,0.013637550000002108,20.9370718,-0.14897439999999662,-0.05772874432145505,0.6919169299999979
J023128.98+011250.2,268,320,58314.4422338,60948.4212384,20.3254948,20.2245674,20.4482441,-0.10092739999999978,20.249187499999998,-0.02462009999999637,-0.08573853054802485,0.7204752150000004
J075225.29+284728.5,6,90,58432.365706,60369.3024537,21.3557329,21.32955935,21.2135582,-0.026173549999999324,,,,0.6612281550000034
J080803.27+325145.6,67,198,58372.5151389,60932.5123958,20.83600805,21.11193465,21.8369789,0.27592659999999825,21.0128136,0.09912104999999727,-0.0876722319789325,0.8634598199999992
J135726.62+553736.0,1116,1068,58198.3699769,60900.1785185,18.9479656,18.51964,18.6491356,-0.42832560000000086,18.9485817,-0.4289416999999993,-0.012090380898486052,0.559547809999998
J135750.26+614309.0,236,456,58198.3837269,60857.2431366,20.26463795,20.8035555,20.7980423,0.5389175500000007,20.2446098,0.5589457000000024,,0.9837789499999978
J143438.23+034121.9,50,324,58198.3956597,60860.29625,20.2320852,20.1717434,21.2034149,-0.06034179999999978,20.2519283,-0.080184899999999,-0.010541661417901494,0.5893624499999994
J160541.37+335021.4,1508,1559,58198.3941319,60960.1352431,19.6167145,19.49505045,19.7399578,-0.12166404999999969,19.321619050000002,0.17343139999999835,0.11841623174179709,0.5488633799999967
J161003.12+543627.9,1422,1666,58198.3922801,60948.156088,19.0651493,19.0144939,19.838544849999998,-0.05065540000000013,19.103308650000002,-0.08881475000000094,-0.055310551740826525,0.26558399999999693
J222515.86+212758.3,569,714,58262.4701157,60969.2818171,21.0758972,20.843766199999997,21.025307650000002,-0.23213100000000253,20.8107109,0.033055299999997345,0.0649393008705112,0.7188185949999983
J025515.09+003740.5,0,0,,,,,,,,,,
J012025.45+142727.9,277,765,58288.4645255,60969.300463,19.4497547,19.472185099999997,20.8861046,0.02243039999999752,19.4847813,-0.012596200000004387,0.039157140999778475,0.4989773200000016
J015957.64+003310.5,383,421,58312.443125,60969.3330671,19.1351871,19.09847165,20.00408365,-0.036715449999999095,19.140432349999998,-0.041960699999997075,0.02782982443082934,0.2889727999999998
J080838.73+273252.4,49,676,58223.1831481,60967.4479282,20.4926834,20.360054,20.9368649,-0.132629399999999,20.4887962,-0.1287421999999978,-0.01876626876658289,0.7456417000000037
J084528.72-002723.3,472,613,58204.1989815,60969.5193981,17.630420700000002,17.650548,18.7236824,0.020127299999998627,17.6731396,-0.02259159999999838,0.02644152308461579,0.2675434199999991
J084924.70+002049.7,79,194,58227.1651852,60968.4762731,20.356182099999998,20.4337807,20.99252985,0.07759860000000174,20.4636917,-0.029910999999998467,-0.025766086093668924,0.6560659449999982
J085321.89+010216.7,268,669,58218.190625,60969.5220023,19.5632582,19.6356621,20.5662632,0.07240390000000119,19.64243795,-0.006775850000000361,0.03853528554996628,0.4818745200000052
J161832.10+431129.6,322,1364,58198.3931944,60967.1192477,20.2670021,20.3310356,21.1672306,0.06403350000000074,20.2856293,0.04540629999999979,-0.0007310909880479943,0.4605867900000007
J081537.56+384303.2,11,13,58430.3742708,60554.5003819,20.9172878,20.814404500000002,20.940371550000002,-0.10288329999999846,,,,0.8026248999999979
J222210.54+203340.7,451,691,58244.4826389,60961.165544,20.6384373,21.04313755,21.4021063,0.4047002500000012,20.664856,0.3782815500000005,0.1641344938992748,0.8261765999999966
J001103.49+010032.6,135,213,58280.4464931,60965.3281597,20.5715446,20.90198235,21.1984596,0.33043775000000153,20.80218215,0.09980020000000067,,0.7908344400000011
J012524.66+001935.9,0,0,,,,,,,,,,
J022907.77+003755.0,33,251,58338.4969676,60968.3143981,20.5408497,20.5463886,21.0858727,0.0055389000000012345,20.5919781,-0.045589499999998395,0.03332076298846522,0.6988276999999989
J081314.19+215550.8,0,464,58223.1635764,60968.4641319,20.76202775,20.3184204,,-0.4436073500000006,20.9137106,-0.5952902000000009,-0.134221528721269,0.8694221549999988
J082537.64+320443.7,188,404,58206.1886343,60969.5174537,20.531456,20.9255724,20.9506168,0.3941164000000015,20.6060486,0.3195237999999989,-0.21514507026856902,0.9906280100000018
J090550.30+003948.1,25,106,58218.1915394,60951.5270718,19.2941008,19.30229185,20.7272215,0.008191050000000644,19.3871479,-0.08485604999999907,0.057618959782139455,0.5083985499999955
J113311.19+591357.9,543,743,58202.3289005,60817.2427546,20.7759304,20.749295250000003,20.9741726,-0.026635149999997054,20.3876381,0.36165715000000276,0.17440733825848997,0.8711147199999978
J233830.25+002501.8,21,43,58335.4326157,60262.2057176,19.7599907,19.6079979,20.9046326,-0.1519927999999986,,,-0.24563030102577652,0.4027029500000019
J122013.56+520206.3,520,865,58198.3732523,60850.3011921,19.7424412,20.0083408,20.838775650000002,0.2658996000000009,19.9898844,0.01845639999999804,0.021065254784419354,0.4846408800000006
J083000.36+343238.8,197,391,58217.2232176,60969.5174537,20.4872055,20.31948285,20.7479944,-0.16772265000000175,20.5346508,-0.21516795000000144,-0.16690144252994205,0.7681455499999998
J082039.62+391759.1,91,403,58234.1451273,60968.4752546,21.0393219,20.84563065,20.995472,-0.19369125000000054,20.846964800000002,-0.0013341500000016993,-0.14709263675358866,0.9838127899999982
J221003.68-005054.7,112,335,58276.4768403,60960.3526389,20.4277363,20.6230831,21.3556042,0.19534679999999938,20.4710941,0.15198900000000037,0.13289514528546195,0.7886473000000009
J093209.96+040319.9,144,645,58217.198831,60959.5299653,19.2542553,19.24083325,20.4072609,-0.013422049999999075,19.31910895,-0.07827569999999895,-0.042972004960279656,0.3299293000000034
J141634.37+515849.3,1043,996,58198.3699769,60859.2765625,19.709852249999997,19.5814648,19.806633,-0.12838744999999818,20.0716419,-0.49017710000000037,-0.36086399906928057,1.020000975000002
J081127.88+222045.3,452,1345,58205.1535069,60968.4641319,18.6323681,18.527548799999998,19.2430668,-0.10481930000000261,18.5699654,-0.0424166000000028,-0.007754960863307399,0.5656470800000015
J113025.21+304033.7,0,0,,,,,,,,,,
J133244.09+141943.5,362,405,58202.3351273,60859.2249653,19.47709945,19.49353885,19.6612453,0.016439399999999438,19.6167545,-0.12321564999999879,-0.0033065700560731847,0.4458366199999979
J073916.52+315814.3,408,1164,58204.205081,60948.4981713,20.0054693,19.576789849999997,19.632534,-0.4286794500000042,19.5575161,0.019273749999996426,0.05306787500446674,0.6558515300000032
J074314.98+383829.8,16,82,58429.3745023,60922.5115046,20.2718658,19.20107555,20.5290985,-1.0707902500000017,,,-0.42312928298601316,1.2316810899999986
J020428.59-031013.7,403,448,58312.443125,60969.2957639,19.1047211,18.8729229,19.077116,-0.23179820000000007,18.5336781,0.33924479999999946,-0.011530866064721538,0.8152865600000005
J213517.46+002020.4,279,368,58256.4887616,60969.2543287,19.756332399999998,19.8183308,20.7576904,0.06199840000000023,19.81616405,0.0021667499999971085,0.04265935789287355,0.4041075950000028
J142651.49+351924.5,19,26,58206.312037,60424.3940046,19.7450867,19.4864254,19.7096338,-0.2586613,19.4864254,0.0,-0.1102489864502894,0.4478931500000023
J092158.92+034235.7,268,786,58202.2649537,60968.5208796,18.8634844,18.80038835,19.4873695,-0.06309605000000218,18.706122399999998,0.09426595000000049,0.09390497182473057,0.38157794999999695
J142813.06+045247.6,169,418,58198.3956597,60900.2137384,19.7446442,19.816679,21.0124493,0.07203480000000084,19.63416575,0.18251324999999952,0.06753037988889467,0.4736397600000011
J135415.55+515925.9,5,401,58198.3699769,60859.230162,19.9539404,19.9168091,19.7136974,-0.0371313000000022,20.1370726,-0.2202635000000015,0.3056832969063731,0.6629160999999968
J015717.74+004108.4,465,568,58312.443125,60969.3330671,19.417345,19.2383251,19.677413,-0.17901990000000012,19.1663818,0.07194330000000093,0.10395881199984991,0.5295924149999998
J080711.72+194439.7,305,1117,58205.1535069,60968.4641319,19.02705,19.6258183,20.70649525,0.5987682999999997,19.6672058,-0.041387500000002575,0.049638896145850986,0.6925022599999977
J084637.65+000024.5,236,520,58218.1910764,60969.5193981,18.9702368,19.256004349999998,20.28013995,0.2857675499999992,19.3266506,-0.07064625000000291,0.026580759234310886,0.5592903250000028
J081338.47+215349.9,7,485,58223.1822222,60948.504838,20.6864166,20.4440155,21.4087791,-0.24240110000000215,20.6885071,-0.24449159999999992,-0.22124103109103727,0.6379440199999991
J121345.97+484419.4,745,729,58202.2964468,60853.2480903,18.565944700000003,18.87338355,18.94997785,0.30743884999999693,18.694250099999998,0.17913345000000191,-0.017903101954891507,0.7082260400000031
J162829.18+432948.6,1519,1739,58198.3931944,60969.1593056,18.8752174,18.8005867,19.3365135,-0.07463070000000016,18.7174435,0.08314319999999853,-0.04091020740709205,0.3720396000000008
J164348.61+390939.1,1743,1893,58198.4341551,60948.1613657,19.1428585,20.0810165,20.0078659,0.9381580000000014,19.682476,0.3985404999999993,0.3189097108728636,0.8134398800000007
J235439.15+005751.9,818,899,58270.465544,60969.3179977,18.0760574,18.8622837,19.19332505,0.7862262999999992,18.51328375,0.3489999499999996,0.18207508427490057,0.8847981699999998
J015105.80-003426.4,391,421,58301.4813542,60969.3330671,19.24763395,19.3157501,19.95348835,0.06811614999999804,19.5200367,-0.20428659999999965,-0.13595213446983137,0.8791140999999989
J022105.64-044101.5,515,524,58313.4658912,60951.4451736,17.728704450000002,17.8048477,18.91982555,0.07614324999999766,17.818560599999998,-0.01371289999999803,0.054370332163965175,0.31701882500000167
J092629.23-000605.7,203,576,58207.2647917,60968.5001852,19.3261147,19.4721107,20.1475124,0.14599600000000024,19.3423424,0.12976830000000206,-0.04221728633075548,0.3865766500000021
J143732.94+355947.1,371,899,58198.3781134,60923.1982755,19.58244895,19.6374588,20.9386835,0.05500985000000114,19.6013441,0.03611470000000239,0.040203077627156844,0.3730361799999997
J155829.36+271714.2,849,1023,58203.4195486,60957.1506134,16.9577179,17.1518097,17.9431076,0.19409180000000248,17.0872307,0.06457900000000194,-0.17727309949126618,0.7120652799999974
J222306.32+194431.6,242,1214,58244.4826389,60969.2660069,20.045756349999998,20.34122945,21.4164734,0.2954731000000024,20.366905250000002,-0.025675800000001914,-0.017226950361732538,0.6570702299999986
J003242.74+003110.9,422,491,58283.4805787,60969.3165856,19.1865463,18.9586296,19.1832333,-0.22791670000000153,19.4365234,-0.47789380000000037,-0.30352386053448777,0.7000588999999984
J020719.49-033600.7,33,43,58362.4152199,60295.2010301,20.0391159,20.1655884,20.378788,0.12647250000000199,,,0.08918386236919629,0.6629045199999979
J080709.93+205901.8,332,1137,58205.1535069,60968.4641319,18.9386425,19.5553894,20.39117525,0.616746899999999,19.513567,0.041822400000000926,-0.04098451789411147,0.8861255200000002
J083542.72+035353.8,231,355,58206.2153588,60943.5178819,19.8498049,20.0542755,20.07117465,0.2044706000000005,20.6438961,-0.5896205999999999,-0.0957727203792689,0.9009340600000009
J143421.57+044137.2,183,340,58198.3956597,60900.2137384,20.0306578,19.9883623,20.30260275,-0.042295500000001596,20.3007126,-0.3123503000000021,-0.08095611898054474,0.8394140150000027
J080133.29+341737.6,229,1129,58204.2239583,60968.4507407,19.0323343,18.9904995,19.9026661,-0.04183480000000017,19.0690937,-0.07859420000000128,-0.031109377360866396,0.3354770800000004
J090535.77-004039.9,4,32,58430.5504051,60951.5270718,20.22388075,20.1708145,,-0.05306625000000054,,,0.12137970073458983,0.4806775999999999
J090612.02+014412.0,186,564,58202.2649537,60803.1847685,19.3087139,20.5060997,20.8813572,1.1973857999999993,19.8084431,0.6976565999999984,0.047195815719837275,1.2983603550000034
J113200.64+292603.9,655,921,58202.2896759,60964.5414583,18.4799576,18.5506296,18.6317883,0.07067200000000184,18.4284878,0.12214180000000141,0.10718148374714068,0.4392890999999999
J135704.22+553414.8,810,910,58198.3699769,60900.1785185,20.1555347,20.355978,20.5484085,0.20044329999999988,20.1855888,0.1703891999999989,0.2646722966825915,0.5305627050000012
J142310.50+045455.1,226,314,58198.3606829,60859.2240278,20.301934250000002,19.872852350000002,19.95611665,-0.4290818999999999,19.949535349999998,-0.07668299999999562,-0.1809611537385458,0.6477076349999997
J144731.89+342921.1,582,917,58198.3781134,60923.1982755,19.4855938,19.56884955,20.5054932,0.0832557499999993,19.42042635,0.14842319999999987,0.028183919381423648,0.47113304000000156
J225350.57+193842.6,1405,1936,58254.4838542,60969.2818171,19.6136532,19.3255453,19.5890093,-0.2881079,19.395100550000002,-0.06955525000000051,-0.006311024576029402,0.5735502250000017
J003849.27-011722.4,152,311,58289.4647917,60969.3165856,20.3274155,20.1613846,20.7431393,-0.1660308999999991,20.4078312,-0.24644659999999874,-0.24291000732092963,0.8201904499999983
J024508.68+003710.7,398,507,58319.4647454,60968.3573843,19.062458,18.93995,19.9135437,-0.12250799999999984,18.9854851,-0.04553509999999861,-0.021609807340813393,0.353121569999999
J082018.50+344141.0,224,514,58217.2232176,60967.4474537,20.43643855,20.5304899,21.1176109,0.09405135000000087,20.53634265,-0.005852750000002516,0.2726271261804101,0.8223276000000013
J084047.47+370701.1,199,507,58217.2127662,60948.5062731,20.6433592,20.7048941,21.2426338,0.06153490000000161,20.7786255,-0.07373139999999978,-0.16376276903402695,0.8379568199999987
J090457.90+010423.1,575,1112,58202.2649537,60968.4762731,18.339769349999997,18.901365300000002,19.4336977,0.5615959500000045,18.3880196,0.5133457000000021,0.07017269712410205,0.6644250049999982
J132457.29+480241.3,948,824,58198.3818866,60859.276088,18.3564835,18.5356178,19.400692,0.1791343000000012,18.4780178,0.05760000000000076,0.08931472712157579,0.46848928
J011536.11+003352.4,284,384,58289.4652546,60969.3297801,19.6904287,19.5583973,20.07355785,-0.1320313999999989,19.3034706,0.2549266999999986,0.23321437833605424,0.7965195249999972
J012256.19-000252.6,401,401,58301.4421644,60969.3316551,18.922588349999998,18.845124249999998,19.289432499999997,-0.07746410000000026,18.8548698,-0.009745550000001657,0.0488208152635234,0.3723698000000013
J020649.48-041452.7,18,0,58384.3776736,59140.3067824,,,19.4363785,,,,,
J073716.39+380202.4,319,869,58207.2304051,60948.4972222,20.224391,20.5087433,20.949447650000003,0.28435229999999834,20.5084515,0.0002917999999993981,-0.1125700645441095,0.7283451200000002
J075934.95+322143.3,98,232,58384.4573032,60930.5169213,17.96187785,18.4491558,19.12314985,0.4872779499999993,17.984031700000003,0.46512409999999704,0.08597263309554232,0.6324795999999999
J085337.26+014303.6,368,603,58206.2153588,60969.5220023,16.5777016,16.63335325,17.4236603,0.05565164999999794,16.60355,0.029803250000000503,0.05547847963345949,0.32659167999999994
J121618.00+515946.1,813,719,58198.3732523,60850.3011921,19.19873715,19.4494743,19.7234335,0.2507371499999991,19.9008694,-0.4513951000000027,-0.2928928840095729,1.1615624699999998
J140515.59+542458.0,1143,1016,58198.3699769,60859.2765625,17.5218334,17.415821100000002,18.1726599,-0.10601229999999617,17.3322678,0.08355330000000194,-0.00165177367149321,0.29337692500000045
J160738.15+472349.1,994,1420,58198.3927315,60948.155625,20.0138149,20.4130116,21.205431,0.39919670000000096,20.23301505,0.17999655000000203,0.08888938767204142,0.565795210000001
J235214.78+005103.3,104,259,58289.4638773,60960.3157639,21.0925827,20.9964695,21.201767,-0.09611320000000134,20.7861214,0.21034810000000093,0.44326987981680815,0.9649721199999988
J012416.34+004052.2,39,193,58312.442662,60967.3020486,20.699705100000003,20.89626785,21.4562187,0.19656274999999823,20.5334568,0.36281105000000125,0.04456075670203645,0.6870231800000006
J023112.11-002056.3,325,338,58313.4658912,60968.3143981,19.093071,19.0219231,18.8900604,-0.07114789999999971,18.74940015,0.27252294999999904,0.04288733132157239,0.5931069600000001
J092313.53+043445.0,18,135,58430.5494907,60959.5299653,19.10635185,19.2625809,19.5115128,0.1562290500000003,,,-0.06174509048628404,0.5682852299999972
J112536.33+303915.9,514,701,58202.3314005,60839.2241667,19.9922752,20.16198445,20.5284901,0.16970924999999681,19.88236525,0.27961919999999907,0.2521720011430913,0.7291907999999978
J211834.39+005322.2,404,802,58246.4810417,60969.2224537,20.17678455,19.9734564,20.2584629,-0.20332815000000082,20.56150435,-0.58804795,-0.30289939444354963,0.9182998149999975
J232710.20+245645.9,685,932,58247.4711458,60949.2750231,20.32401945,20.728817,20.9636192,0.40479754999999784,20.026371,0.7024459999999983,0.10995426248700721,0.8373952149999973
J000750.51+005815.2,300,511,58273.4803125,60967.2727083,19.85915185,20.475617399999997,21.0895061,0.6164655499999974,20.3365135,0.1391038999999985,0.12173241721374042,1.0161285000000007
J012946.72+150457.3,526,773,58288.4645255,60969.3368866,18.55518815,18.4849339,18.7954979,-0.07025424999999785,18.9615364,-0.4766024999999985,-0.24856116317024635,0.7552371800000017
J090459.92-004206.9,7,51,58430.5504051,60951.5270718,18.9736691,18.9731369,20.3834515,-0.0005321999999985394,19.1034222,-0.1302853000000006,0.0416058155193578,0.43887240000000105
J135925.58+612603.8,184,255,58198.3837269,60855.2157407,20.8549404,20.84434315,20.9612083,-0.010597250000000003,21.111374849999997,-0.2670316999999969,,0.9070979799999996
J165252.60+360057.4,1722,1777,58198.3936574,60969.158831,17.902853999999998,18.0297604,18.431020750000002,0.12690640000000286,18.051815,-0.02205460000000059,0.010919480757976835,0.32691345999999655
J004459.09-010629.3,500,571,58283.4805787,60969.3165856,18.92968655,18.91217135,19.98843,-0.017515199999998288,18.9637089,-0.051537549999999044,0.028219766396114586,0.388937949999999
J011943.50-010858.5,427,357,58301.4421644,60969.3316551,19.2123194,19.3824425,19.46347045,0.17012310000000141,19.2458725,0.13656999999999897,-0.1614772598517798,0.6037067199999981
J074511.98+380911.3,584,1530,58204.2060069,60968.4877199,18.5161705,18.6279831,19.2778702,0.11181260000000037,18.7108841,-0.08290099999999967,0.03698844441432323,0.4095730849999981
J075827.30+342457.5,94,394,58210.1942014,60964.5045023,20.7295361,21.0877886,21.3017416,0.358252499999999,21.0290661,0.058722499999998234,-0.16471922242901124,0.7992295550000001
J084158.34+035851.7,134,238,58227.1619792,60758.2854745,20.7899132,20.89791965,20.9132385,0.10800644999999776,20.949255,-0.05133535000000222,0.08086084816558181,0.7022768849999999
J090254.12+015429.1,9,0,58439.4937037,60290.3460995,,,19.3449669,,,,,
J103723.72+363341.6,155,430,58202.2565741,60968.5170833,20.2613316,20.3478718,20.663565650000002,0.08654020000000173,20.6605654,-0.31269359999999935,-0.06610374875975783,0.8968773500000005
J112951.94+233237.3,590,816,58202.2896759,60969.5372917,19.4397736,19.1341591,18.9802475,-0.30561449999999724,18.9403076,0.19385150000000095,-0.26353276869801473,0.7857852249999979
J113333.82+592152.5,482,848,58202.3289005,60850.3016667,20.4550381,20.5446014,21.2407303,0.08956330000000179,20.1569443,0.387657100000002,-0.04729118130107837,0.7606969250000013
J165234.96+393733.4,1096,1576,58198.4527315,60967.1588657,20.357502,20.0303841,20.2521763,-0.32711790000000107,19.82375145,0.20663264999999953,-0.06998738290333889,0.7965392750000007
J233650.69+004042.5,383,413,58282.4203356,60969.351875,18.7092228,18.7221985,19.8800621,0.012975700000001922,18.66286755,0.05933094999999966,0.07476034841366082,0.24689599999999956
J235720.13-005830.0,277,330,58274.4822801,60969.3170602,19.24524405,19.3701801,20.3248024,0.12493604999999874,19.2931156,0.07706449999999876,0.12054179127630098,0.4161937999999985
J235720.19+004012.8,211,395,58280.4460301,60969.3170602,19.779604,19.788157499999997,20.771862,0.008553499999997882,19.761878,0.02627949999999757,0.12946526266228855,0.5158435699999977
J013944.05-004251.5,9,39,58353.3856481,60254.3411921,20.19352915,20.0724354,21.2128601,-0.12109375,20.2451458,-0.1727103999999997,-0.3504643487523923,0.5968025399999988
J014128.85+003712.2,68,68,58335.4753009,60967.3020486,21.135413149999998,20.8108702,20.9653454,-0.3245429499999979,20.9226551,-0.11178489999999996,0.07625831822949898,0.9277912300000004
J080717.58+251758.7,221,1232,58206.1675231,60969.5179167,19.2465477,19.2783833,20.0065441,0.03183560000000085,19.3119011,-0.03351779999999849,0.16861519566255434,0.46285265999999936
J081116.71+320935.4,526,933,58206.1886343,60948.5140972,17.24290375,17.434021,18.12072465,0.19111725000000135,17.4082317,0.02578929999999957,0.08132218817806644,0.30285875999999945
J081429.24+265241.5,328,1191,58206.1675231,60969.5179167,18.550604800000002,18.6888638,19.39479445,0.1382589999999979,18.697320949999998,-0.008457149999998137,-0.027650178415672744,0.3981256500000008
J085512.13+032950.6,346,554,58206.2153588,60969.5220023,17.77912235,17.809696199999998,18.746516200000002,0.030573849999996128,17.8210907,-0.011394500000001528,-0.0023998268176099046,0.2755443950000007
J092702.31+043308.2,0,70,58481.476713,60959.5299653,18.7500458,18.524020200000002,,-0.22602559999999627,,,-0.045463952441405546,0.34239299500000087
J092814.62+005631.0,584,1176,58202.2555903,60968.5218287,18.62791635,18.00906845,18.0912628,-0.6188478999999987,18.2780123,-0.26894384999999943,-0.2742926672897847,0.6358794749999994
J112518.07+272452.8,452,536,58202.2896759,60843.2369213,19.748763099999998,19.8930321,20.0451536,0.1442690000000013,19.901557949999997,-0.008525849999998059,0.0654570308199261,0.512249924999999
J113118.43+581841.8,701,1424,58202.2801389,60968.491713,18.7334442,18.9132061,19.7130394,0.17976189999999903,18.9586277,-0.04542160000000095,0.03838461784071709,0.49244025999999863
J115705.84+560749.5,946,964,58198.3732523,60850.3011921,19.1299925,18.9499168,19.0214252,-0.18007569999999973,18.9297962,0.020120600000002042,0.07892329588886887,0.7332768500000029
J135157.54+533839.6,2020,1938,58198.3699769,60859.2818519,19.1271248,19.1627369,19.4528751,0.03561209999999804,18.95823765,0.2044992499999978,0.11654377846515532,0.5107008549999961
J140037.13+622132.9,1008,905,58198.3837269,60859.277037,16.8360062,16.7929192,17.7520447,-0.043086999999999875,16.7819977,0.010921499999998474,-0.10039469564443998,0.22357254000000282
J144024.60+345624.2,475,563,58198.3781134,60923.1982755,20.8575287,20.6020641,20.6999741,-0.2554645999999998,20.456749,0.14531510000000125,0.05426593856314291,1.0245578600000016
J163345.19+441150.1,2639,2870,58198.3927315,60969.1597685,20.4977665,20.328848800000003,20.3152161,-0.16891769999999795,20.20162585,0.12722295000000372,-0.24680700065554617,0.8570254649999995
J212928.91+000415.9,423,570,58247.4740278,60969.226713,18.6191902,18.809412950000002,19.7240391,0.19022275000000377,18.7782497,0.031163250000002307,0.05103820350118301,0.410257160000004
J000719.90+253128.6,518,941,58271.443206,60968.2981597,20.8235359,20.4156542,20.47695445,-0.4078817000000008,20.2039299,0.2117243000000002,0.20093846772562182,0.8386268999999977
J004616.68+000249.1,372,546,58283.4805787,60969.3014236,19.64836695,19.483757,19.90111065,-0.16460994999999912,19.42491055,0.05884645000000077,0.11764121697909312,0.6727528750000005
J014209.02-005050.0,444,439,58301.4421644,60969.3316551,17.7419453,17.7638245,18.6837368,0.021879199999997212,17.7437897,0.020034799999997688,0.05993102037809105,0.32445830999999714
J021122.60-021129.8,388,409,58312.443125,60969.3330671,19.03618145,19.0974264,20.02838135,0.061244949999998965,19.01721955,0.08020684999999972,0.013313215667820929,0.35909725999999864
J023958.89-000901.2,21,251,58323.4846644,60968.3143981,20.7820892,20.60874655,21.4182606,-0.17334265000000215,20.6382847,-0.029538150000000485,0.066966587133257,0.7516098500000012
J081051.52+325251.9,341,419,58217.2232176,60948.4482176,20.58915615,20.866703,20.9875641,0.27754685000000023,20.469670299999997,0.397032700000004,0.11559797797239248,0.7948105600000019
J083754.66+040007.2,313,490,58206.2153588,60943.5178819,18.8994579,19.6786842,19.54535865,0.7792262999999977,19.6751747,0.003509499999999832,-0.1578080453005546,1.068157395
J090315.11+010623.1,296,802,58202.2649537,60953.5272917,18.0200424,18.053081499999998,18.9424953,0.033039099999996324,18.0370407,0.016040799999998967,0.01778424062309112,0.2961206549999993
J091156.22-005140.4,122,212,58218.1915394,60968.4762731,20.0712547,20.3003712,20.6667023,0.22911649999999995,20.6115036,-0.3111323999999982,-0.30232781923695357,0.8661971100000017
J092739.77+050312.6,325,700,58202.2555903,60968.5227662,17.7832146,17.78610895,18.7827492,0.002894349999998269,17.798584,-0.012475050000002597,0.021584944681696666,0.3413553500000006
J093322.83+010120.9,572,1215,58202.2555903,60968.5218287,17.7691288,17.8626556,18.944118500000002,0.09352679999999935,17.8356085,0.027047100000000768,0.031952650734316246,0.32613389999999853
J113457.21+292502.4,524,688,58202.2896759,60964.5463079,18.641716,18.7995453,19.6032419,0.1578292999999995,18.7123547,0.08719059999999956,0.09917403336108083,0.3404664149999981
J142613.05+321212.3,248,605,58198.4143171,60860.3011343,20.4718666,20.2736874,21.10793015,-0.19817919999999845,20.52419755,-0.2505101500000002,0.14325902794226897,0.688962140000001
J220946.60-003822.8,41,53,58333.4136921,60244.2163194,18.5755768,18.6252975,19.43879795,0.049720699999998175,,,-0.04602794002689052,0.3048710200000002
J221026.83-001721.1,416,569,58256.4883102,60969.2538542,19.8193226,19.5876312,20.021904,-0.231691399999999,19.593381899999997,-0.005750699999996556,0.10277369744486012,0.5237411600000037
J012716.17-003557.7,86,370,58301.4421644,60969.2746875,19.6960001,19.739191050000002,20.9650726,0.04319095000000317,19.6514015,0.08778955000000366,0.13877073876232596,0.5912116200000028
J023904.10-004410.8,0,0,,,,,,,,,,
J024712.91-011106.2,342,369,58319.4647454,60968.3573843,20.0190105,19.817619299999997,20.246067,-0.20139120000000332,19.95888805,-0.14126875000000183,-0.06816236386562706,0.48722000000000065
J074147.21+303243.1,50,82,58429.3754051,60925.5145139,19.5369272,19.65610315,19.8000774,0.11917594999999892,,,0.03934176082224739,0.443552105000002
J091445.19+000648.8,299,399,58204.1994444,60968.4762731,19.3695831,19.2953835,19.24549385,-0.07419960000000003,18.70733165,0.5880518499999994,0.07617887150167575,0.9180044699999961
J091459.16+050243.4,296,801,58202.2649537,60968.5208796,18.0471897,18.156105,19.209293350000003,0.1089152999999996,18.181324,-0.02521899999999988,-0.037005174190854674,0.42852219999999974
J161734.42+490211.9,1585,1717,58198.3927315,60969.1597685,19.42073345,19.3990192,19.33463475,-0.021714249999998714,20.1372633,-0.7382440999999993,0.016857762799037817,0.8472739999999988
J001333.96+014506.8,38,42,58335.4418287,60306.1346065,20.707513849999998,20.60337355,20.5834904,-0.10414029999999741,,,0.1127481371286039,0.6948402699999967
J011851.07-010417.3,27,141,58312.442662,60969.2746875,20.8313255,20.8776398,21.375783,0.04631430000000236,20.82468415,0.05295565000000124,,0.7787018000000003
J012953.16-003104.3,195,256,58318.4426042,60967.3178472,20.4659462,20.6172848,20.9730911,0.151338599999999,20.6462994,-0.0290146,0.0037047630277808655,0.770498725000003
J014022.54+002629.7,34,28,58338.4571528,60969.3316551,21.414814,20.8759003,20.91709325,-0.5389136999999984,21.329998,-0.4540976999999984,-0.016017587620199072,1.0673634600000028
J023427.80+010921.9,184,253,58323.4429745,60948.4212384,20.6301498,20.6119194,20.772928200000003,-0.018230400000000202,20.70769405,-0.09577464999999918,0.011831949219286333,0.8972365999999994
J082526.43+274205.8,109,344,58217.2217708,60968.4830208,20.4177828,20.408319499999998,20.9451694,-0.009463300000003727,20.585515049999998,-0.17719555000000042,-0.15001865299959047,0.6883939850000012
J083537.26+314209.9,146,164,58247.1741435,60967.4474537,20.9047337,21.01334475,21.1447372,0.10861105000000038,21.0550556,-0.041710849999997635,-0.06901058200060313,0.9721603250000008
J083716.47+035606.1,361,568,58206.2153588,60943.5219097,17.2003651,17.1604195,17.9979973,-0.03994559999999936,17.1833725,-0.02295300000000111,0.030137037003894418,0.22728816000000407
J090315.87-000710.1,173,233,58218.2236458,60948.5170023,20.1564903,20.47926235,20.6084156,0.32277204999999753,20.05542565,0.42383669999999896,-0.10122184219681886,0.7134959999999992
J090826.74+002137.4,312,420,58204.1994444,60968.4762731,17.7081699,17.600133900000003,18.32124995,-0.10803599999999847,17.6511459,-0.051011999999996505,-0.014972897357620309,0.2848817799999992
J091649.41+000031.6,145,527,58218.1924537,60968.5001852,19.400190350000003,19.336359950000002,20.3648815,-0.06383040000000051,19.3775549,-0.04119494999999773,-0.11094125595143073,0.35094529999999935
J093149.46+014333.5,305,686,58202.2555903,60959.5299653,17.86976335,18.4756184,18.88965985,0.6058550499999988,18.310499200000002,0.1651191999999959,0.07126117261278334,0.7216176749999974
J112825.59+565646.1,360,347,58206.2618056,60968.5151968,20.75856685,20.255291,20.1901045,-0.5032758500000014,20.3435593,-0.0882682999999993,,0.9324584999999956
J140104.00+633733.2,52,69,58223.3206366,60853.1978819,21.0922585,20.8573923,21.43611045,-0.23486619999999903,21.5219536,-0.664561299999999,-0.1507806781259099,0.9855755199999976
J160451.30+553223.5,2589,3060,58197.3934144,60969.1602431,19.092495,18.76570035,19.466795949999998,-0.3267946500000001,18.664233199999998,0.10146715000000128,0.0873970174084981,0.5541392750000007
J160730.23+560305.6,1984,2385,58197.3934144,60969.1330903,20.706647850000003,20.6479006,20.6332321,-0.05874725000000325,19.25764755,1.3902530499999983,0.5673052673574387,1.8741603399999995
J221055.80-001702.4,19,120,58285.4013194,60948.2082407,21.0815096,21.023347899999997,21.2948341,-0.05816170000000298,21.2368088,-0.21346090000000117,0.04485452625527047,0.8126058600000015
J023029.63+004305.0,0,12,58345.4771296,60968.3143981,21.319934850000003,21.01439855,,-0.30553630000000354,,,0.15796270929013573,1.0114566650000008
J024510.20-000628.1,79,68,58323.4434259,60948.4207755,21.1151371,20.993362400000002,21.0116119,-0.12177469999999602,21.15560345,-0.16224104999999867,-0.02542396159914373,0.7721913349999987
J024637.95-004105.4,0,0,,,,,,,,,,
J080020.23+315414.2,116,518,58207.2126852,60968.4507407,20.8707771,20.9146042,21.36183455,0.0438270999999979,20.8201084,0.09449580000000068,-0.08927012593531217,0.6906986750000002
J082459.79+315932.5,30,97,58425.4622917,60969.4850463,21.1751785,20.9239235,21.298439000000002,-0.25125500000000045,21.294754,-0.3708305000000003,-0.09246069850948234,1.077796959999997
J083414.18+270101.6,93,182,58227.1596528,60933.511331,20.8466759,21.00298595,21.3101768,0.1563100499999983,20.9256077,0.07737824999999887,-0.103590663568003,0.7369832399999972
J085502.14+520137.7,0,0,,,,,,,,,,
J090903.50-005928.9,153,143,58227.1693634,60795.2218056,20.65987495,20.5648861,20.369976,-0.09498885000000001,20.6071205,-0.04223440000000167,-0.04949767775008536,0.6023802899999993
J093041.65+011842.1,19,102,58429.4764005,60959.5260069,21.3034258,20.7224102,21.4947214,-0.5810156000000006,,,-0.1439892245649332,1.1311995249999995
J122334.95+281544.0,108,45,58202.3140162,60409.2175231,21.1226635,21.6752815,21.2963009,0.5526179999999989,21.1760998,0.49918170000000117,,0.7611709600000012
J140836.66+620103.9,0,10,58580.3539931,60059.2897801,21.2136555,20.9114933,,-0.3021622000000015,,,,0.8113755950000012
J164407.45+491912.0,0,383,58198.4689583,60950.1562963,21.0570202,20.9117689,,-0.14525130000000175,21.1521606,-0.24039169999999999,-0.06762077403211972,0.8330947299999956
J170643.86+412109.1,462,422,58198.4527315,60929.1462847,21.2624207,21.4079056,21.568798100000002,0.14548489999999958,21.5850811,-0.1771755000000006,-0.0064610848497663,0.9642784249999998
J221301.55-004714.9,0,8,59141.1822801,60217.216875,21.3208752,20.5391464,,-0.7817287999999998,,,,0.694778515000003
