NAME,RA,DECL,SLITWIDTH,EXPTIME,NEXP,BINSPAT,BINSPECT,SLITANGLE,AIRMASS_MAX,NOTE,COMMENT
S7640620209049718784,16:12:40.382,+58:22:55.73,SET 1.5,SET 300,2,2,3,PA,1.8,B01.1 19:35,Replacement for CLAGN_0808 at 19:35 PDT only. r=17.05; X<=1.77; Moon>=99.0deg. Prepared slot alternative; skip if already observed; reschedule any displaced JWST target.
P2785,16:27:55.231,+47:04:53.08,SET 1.5,SET 300,2,2,3,PA,1.8,B01.2 19:35,Replacement for CLAGN_0808 at 19:35 PDT only. r=18.88; X<=1.76; Moon>=108.6deg. Prepared slot alternative; skip if already observed; reschedule any displaced JWST target.
P8329,23:59:31.814,-06:39:43.45,SET 1.5,SET 300,2,2,3,PA,1.8,B02.1 19:47,Replacement for CLAGN_0972 at 19:47 PDT only. r=18.65; X<=1.74; Moon>=50.4deg. Prepared slot alternative; skip if already observed; reschedule any displaced JWST target.
P8823,00:25:24.021,-01:23:46.57,SET 1.5,SET 300,2,2,3,PA,1.8,B02.2 19:47,Replacement for CLAGN_0972 at 19:47 PDT only. r=18.00; X<=1.77; Moon>=42.1deg. Prepared slot alternative; skip if already observed; reschedule any displaced JWST target.
P8329,23:59:31.814,-06:39:43.45,SET 1.5,SET 300,2,2,3,PA,1.8,B03.1 19:59,Replacement for CLAGN_0973 at 19:59 PDT only. r=18.65; X<=1.66; Moon>=50.6deg. Prepared slot alternative; skip if already observed; reschedule any displaced JWST target.
P8823,00:25:24.021,-01:23:46.57,SET 1.5,SET 300,2,2,3,PA,1.8,B03.2 19:59,Replacement for CLAGN_0973 at 19:59 PDT only. r=18.00; X<=1.68; Moon>=42.3deg. Prepared slot alternative; skip if already observed; reschedule any displaced JWST target.
P8329,23:59:31.814,-06:39:43.45,SET 1.5,SET 300,2,2,3,PA,1.8,B04.1 20:11,Replacement for CLAGN_0215 at 20:11 PDT only. r=18.65; X<=1.60; Moon>=50.7deg. Prepared slot alternative; skip if already observed; reschedule any displaced JWST target.
P8823,00:25:24.021,-01:23:46.57,SET 1.5,SET 300,2,2,3,PA,1.8,B04.2 20:11,Replacement for CLAGN_0215 at 20:11 PDT only. r=18.00; X<=1.60; Moon>=42.4deg. Prepared slot alternative; skip if already observed; reschedule any displaced JWST target.
P8329,23:59:31.814,-06:39:43.45,SET 1.5,SET 300,2,2,3,PA,1.8,B05.1 20:23,Replacement for P6056 at 20:23 PDT only. r=18.65; X<=1.54; Moon>=50.8deg. Prepared slot alternative; skip if already observed; reschedule any displaced JWST target.
P8823,00:25:24.021,-01:23:46.57,SET 1.5,SET 300,2,2,3,PA,1.8,B05.2 20:23,Replacement for P6056 at 20:23 PDT only. r=18.00; X<=1.53; Moon>=42.5deg. Prepared slot alternative; skip if already observed; reschedule any displaced JWST target.
P8329,23:59:31.814,-06:39:43.45,SET 1.5,SET 300,2,2,3,PA,1.8,B06.1 20:35,Replacement for P6658 at 20:35 PDT only. r=18.65; X<=1.49; Moon>=50.9deg. Prepared slot alternative; skip if already observed; reschedule any displaced JWST target.
P8823,00:25:24.021,-01:23:46.57,SET 1.5,SET 300,2,2,3,PA,1.8,B06.2 20:35,Replacement for P6658 at 20:35 PDT only. r=18.00; X<=1.48; Moon>=42.6deg. Prepared slot alternative; skip if already observed; reschedule any displaced JWST target.
P8329,23:59:31.814,-06:39:43.45,SET 1.5,SET 300,2,2,3,PA,1.8,B07.1 20:47,Replacement for P6677 at 20:47 PDT only. r=18.65; X<=1.45; Moon>=51.0deg. Prepared slot alternative; skip if already observed; reschedule any displaced JWST target.
P8823,00:25:24.021,-01:23:46.57,SET 1.5,SET 300,2,2,3,PA,1.8,B07.2 20:47,Replacement for P6677 at 20:47 PDT only. r=18.00; X<=1.43; Moon>=42.7deg. Prepared slot alternative; skip if already observed; reschedule any displaced JWST target.
P8329,23:59:31.814,-06:39:43.45,SET 1.5,SET 300,2,2,3,PA,1.8,B08.1 20:59,Replacement for P7344 at 20:59 PDT only. r=18.65; X<=1.41; Moon>=51.1deg. Prepared slot alternative; skip if already observed; reschedule any displaced JWST target.
P8823,00:25:24.021,-01:23:46.57,SET 1.5,SET 300,2,2,3,PA,1.8,B08.2 20:59,Replacement for P7344 at 20:59 PDT only. r=18.00; X<=1.38; Moon>=42.9deg. Prepared slot alternative; skip if already observed; reschedule any displaced JWST target.
P8329,23:59:31.814,-06:39:43.45,SET 1.5,SET 300,2,2,3,PA,1.8,B09.1 21:11,Replacement for P7457 at 21:11 PDT only. r=18.65; X<=1.38; Moon>=51.3deg. Prepared slot alternative; skip if already observed; reschedule any displaced JWST target.
P8823,00:25:24.021,-01:23:46.57,SET 1.5,SET 300,2,2,3,PA,1.8,B09.2 21:11,Replacement for P7457 at 21:11 PDT only. r=18.00; X<=1.35; Moon>=43.0deg. Prepared slot alternative; skip if already observed; reschedule any displaced JWST target.
P8329,23:59:31.814,-06:39:43.45,SET 1.5,SET 300,2,2,3,PA,1.8,B10.1 21:23,Replacement for P7346 at 21:23 PDT only. r=18.65; X<=1.36; Moon>=51.4deg. Prepared slot alternative; skip if already observed; reschedule any displaced JWST target.
P8823,00:25:24.021,-01:23:46.57,SET 1.5,SET 300,2,2,3,PA,1.8,B10.2 21:23,Replacement for P7346 at 21:23 PDT only. r=18.00; X<=1.31; Moon>=43.1deg. Prepared slot alternative; skip if already observed; reschedule any displaced JWST target.
P8329,23:59:31.814,-06:39:43.45,SET 1.5,SET 300,2,2,3,PA,1.8,B11.1 21:35,Replacement for P7837 at 21:35 PDT only. r=18.65; X<=1.34; Moon>=51.5deg. Prepared slot alternative; skip if already observed; reschedule any displaced JWST target.
P8823,00:25:24.021,-01:23:46.57,SET 1.5,SET 300,2,2,3,PA,1.8,B11.2 21:35,Replacement for P7837 at 21:35 PDT only. r=18.00; X<=1.29; Moon>=43.2deg. Prepared slot alternative; skip if already observed; reschedule any displaced JWST target.
P8329,23:59:31.814,-06:39:43.45,SET 1.5,SET 300,2,2,3,PA,1.8,B12.1 21:47,Replacement for P8205 at 21:47 PDT only. r=18.65; X<=1.32; Moon>=51.6deg. Prepared slot alternative; skip if already observed; reschedule any displaced JWST target.
P8823,00:25:24.021,-01:23:46.57,SET 1.5,SET 300,2,2,3,PA,1.8,B12.2 21:47,Replacement for P8205 at 21:47 PDT only. r=18.00; X<=1.27; Moon>=43.3deg. Prepared slot alternative; skip if already observed; reschedule any displaced JWST target.
P8329,23:59:31.814,-06:39:43.45,SET 1.5,SET 300,2,2,3,PA,1.8,B13.1 21:59,Replacement for P8265 at 21:59 PDT only. r=18.65; X<=1.31; Moon>=51.7deg. Prepared slot alternative; skip if already observed; reschedule any displaced JWST target.
P8823,00:25:24.021,-01:23:46.57,SET 1.5,SET 300,2,2,3,PA,1.8,B13.2 21:59,Replacement for P8265 at 21:59 PDT only. r=18.00; X<=1.25; Moon>=43.4deg. Prepared slot alternative; skip if already observed; reschedule any displaced JWST target.
P8329,23:59:31.814,-06:39:43.45,SET 1.5,SET 300,2,2,3,PA,1.8,B14.1 22:11,Replacement for S729737389072738304 at 22:11 PDT only. r=18.65; X<=1.31; Moon>=51.8deg. Prepared slot alternative; skip if already observed; reschedule any displaced JWST target.
P8823,00:25:24.021,-01:23:46.57,SET 1.5,SET 300,2,2,3,PA,1.8,B14.2 22:11,Replacement for S729737389072738304 at 22:11 PDT only. r=18.00; X<=1.23; Moon>=43.5deg. Prepared slot alternative; skip if already observed; reschedule any displaced JWST target.
P8329,23:59:31.814,-06:39:43.45,SET 1.5,SET 300,2,2,3,PA,1.8,B15.1 22:23,Replacement for P7947 at 22:23 PDT only. r=18.65; X<=1.30; Moon>=51.9deg. Prepared slot alternative; skip if already observed; reschedule any displaced JWST target.
P8823,00:25:24.021,-01:23:46.57,SET 1.5,SET 300,2,2,3,PA,1.8,B15.2 22:23,Replacement for P7947 at 22:23 PDT only. r=18.00; X<=1.22; Moon>=43.6deg. Prepared slot alternative; skip if already observed; reschedule any displaced JWST target.
P8329,23:59:31.814,-06:39:43.45,SET 1.5,SET 300,2,2,3,PA,1.8,B16.1 22:35,Replacement for P8337 at 22:35 PDT only. r=18.65; X<=1.31; Moon>=52.0deg. Prepared slot alternative; skip if already observed; reschedule any displaced JWST target.
P8823,00:25:24.021,-01:23:46.57,SET 1.5,SET 300,2,2,3,PA,1.8,B16.2 22:35,Replacement for P8337 at 22:35 PDT only. r=18.00; X<=1.22; Moon>=43.7deg. Prepared slot alternative; skip if already observed; reschedule any displaced JWST target.
P8329,23:59:31.814,-06:39:43.45,SET 1.5,SET 300,2,2,3,PA,1.8,B17.1 22:47,Replacement for P8357 at 22:47 PDT only. r=18.65; X<=1.32; Moon>=52.1deg. Prepared slot alternative; skip if already observed; reschedule any displaced JWST target.
P8823,00:25:24.021,-01:23:46.57,SET 1.5,SET 300,2,2,3,PA,1.8,B17.2 22:47,Replacement for P8357 at 22:47 PDT only. r=18.00; X<=1.22; Moon>=43.8deg. Prepared slot alternative; skip if already observed; reschedule any displaced JWST target.
P8329,23:59:31.814,-06:39:43.45,SET 1.5,SET 300,2,2,3,PA,1.8,B18.1 22:59,Replacement for P9424 at 22:59 PDT only. r=18.65; X<=1.33; Moon>=52.2deg. Prepared slot alternative; skip if already observed; reschedule any displaced JWST target.
P8823,00:25:24.021,-01:23:46.57,SET 1.5,SET 300,2,2,3,PA,1.8,B18.2 22:59,Replacement for P9424 at 22:59 PDT only. r=18.00; X<=1.22; Moon>=43.9deg. Prepared slot alternative; skip if already observed; reschedule any displaced JWST target.
P8329,23:59:31.814,-06:39:43.45,SET 1.5,SET 300,2,2,3,PA,1.8,B19.1 23:11,Replacement for P8897 at 23:11 PDT only. r=18.65; X<=1.35; Moon>=52.3deg. Prepared slot alternative; skip if already observed; reschedule any displaced JWST target.
P8823,00:25:24.021,-01:23:46.57,SET 1.5,SET 300,2,2,3,PA,1.8,B19.2 23:11,Replacement for P8897 at 23:11 PDT only. r=18.00; X<=1.23; Moon>=44.0deg. Prepared slot alternative; skip if already observed; reschedule any displaced JWST target.
P8329,23:59:31.814,-06:39:43.45,SET 1.5,SET 300,2,2,3,PA,1.8,B20.1 23:23,Replacement for P8470 at 23:23 PDT only. r=18.65; X<=1.37; Moon>=52.4deg. Prepared slot alternative; skip if already observed; reschedule any displaced JWST target.
P8823,00:25:24.021,-01:23:46.57,SET 1.5,SET 300,2,2,3,PA,1.8,B20.2 23:23,Replacement for P8470 at 23:23 PDT only. r=18.00; X<=1.24; Moon>=44.1deg. Prepared slot alternative; skip if already observed; reschedule any displaced JWST target.
P8329,23:59:31.814,-06:39:43.45,SET 1.5,SET 300,2,2,3,PA,1.8,B21.1 23:35,Replacement for P8061 at 23:35 PDT only. r=18.65; X<=1.40; Moon>=52.4deg. Prepared slot alternative; skip if already observed; reschedule any displaced JWST target.
P8823,00:25:24.021,-01:23:46.57,SET 1.5,SET 300,2,2,3,PA,1.8,B21.2 23:35,Replacement for P8061 at 23:35 PDT only. r=18.00; X<=1.25; Moon>=44.1deg. Prepared slot alternative; skip if already observed; reschedule any displaced JWST target.
P8329,23:59:31.814,-06:39:43.45,SET 1.5,SET 300,2,2,3,PA,1.8,B22.1 23:47,Replacement for P8879 at 23:47 PDT only. r=18.65; X<=1.43; Moon>=52.5deg. Prepared slot alternative; skip if already observed; reschedule any displaced JWST target.
P8823,00:25:24.021,-01:23:46.57,SET 1.5,SET 300,2,2,3,PA,1.8,B22.2 23:47,Replacement for P8879 at 23:47 PDT only. r=18.00; X<=1.27; Moon>=44.2deg. Prepared slot alternative; skip if already observed; reschedule any displaced JWST target.
P8329,23:59:31.814,-06:39:43.45,SET 1.5,SET 300,2,2,3,PA,1.8,B23.1 23:59,Replacement for P10153 at 23:59 PDT only. r=18.65; X<=1.47; Moon>=52.6deg. Prepared slot alternative; skip if already observed; reschedule any displaced JWST target.
P8823,00:25:24.021,-01:23:46.57,SET 1.5,SET 300,2,2,3,PA,1.8,B23.2 23:59,Replacement for P10153 at 23:59 PDT only. r=18.00; X<=1.29; Moon>=44.3deg. Prepared slot alternative; skip if already observed; reschedule any displaced JWST target.
P8329,23:59:31.814,-06:39:43.45,SET 1.5,SET 300,2,2,3,PA,1.8,B24.1 00:11,Replacement for P9154 at 00:11 PDT only. r=18.65; X<=1.51; Moon>=52.7deg. Prepared slot alternative; skip if already observed; reschedule any displaced JWST target.
P8823,00:25:24.021,-01:23:46.57,SET 1.5,SET 300,2,2,3,PA,1.8,B24.2 00:11,Replacement for P9154 at 00:11 PDT only. r=18.00; X<=1.32; Moon>=44.4deg. Prepared slot alternative; skip if already observed; reschedule any displaced JWST target.
P8329,23:59:31.814,-06:39:43.45,SET 1.5,SET 300,2,2,3,PA,1.8,B25.1 00:23,Replacement for P9178 at 00:23 PDT only. r=18.65; X<=1.57; Moon>=52.8deg. Prepared slot alternative; skip if already observed; reschedule any displaced JWST target.
P8823,00:25:24.021,-01:23:46.57,SET 1.5,SET 300,2,2,3,PA,1.8,B25.2 00:23,Replacement for P9178 at 00:23 PDT only. r=18.00; X<=1.35; Moon>=44.5deg. Prepared slot alternative; skip if already observed; reschedule any displaced JWST target.
S502295701212915712,08:45:18.895,+55:50:33.06,SET 1.5,SET 300,2,2,3,PA,1.8,B26.1 02:23,Replacement for CLAGN_0969 at 02:23 PDT only. r=17.25; X<=1.67; Moon>=69.0deg. Prepared slot alternative; skip if already observed; reschedule any displaced JWST target.
S2009862250071877632,08:52:11.626,+59:39:20.46,SET 1.5,SET 300,2,2,3,PA,1.8,B26.2 02:23,Replacement for CLAGN_0969 at 02:23 PDT only. r=18.14; X<=1.69; Moon>=69.3deg. Prepared slot alternative; skip if already observed; reschedule any displaced JWST target.
S621654287038048256,09:05:33.302,+51:35:07.76,SET 1.5,SET 300,2,2,3,PA,1.8,B27.1 02:35,Replacement for P15724 at 02:35 PDT only. r=16.61; X<=1.75; Moon>=72.8deg. Prepared slot alternative; skip if already observed; reschedule any displaced JWST target.
S502295701212915712,08:45:18.895,+55:50:33.06,SET 1.5,SET 300,2,2,3,PA,1.8,B27.2 02:35,Replacement for P15724 at 02:35 PDT only. r=17.25; X<=1.61; Moon>=69.0deg. Prepared slot alternative; skip if already observed; reschedule any displaced JWST target.
S621654287038048256,09:05:33.302,+51:35:07.76,SET 1.5,SET 300,2,2,3,PA,1.8,B28.1 02:47,Replacement for P15826 at 02:47 PDT only. r=16.61; X<=1.67; Moon>=72.7deg. Prepared slot alternative; skip if already observed; reschedule any displaced JWST target.
P21073,09:35:56.849,+62:12:49.82,SET 1.5,SET 300,2,2,3,PA,1.8,B28.2 02:47,Replacement for P15826 at 02:47 PDT only. r=18.79; X<=1.78; Moon>=73.8deg. Prepared slot alternative; skip if already observed; reschedule any displaced JWST target.
S621654287038048256,09:05:33.302,+51:35:07.76,SET 1.5,SET 300,2,2,3,PA,1.8,B29.1 02:59,Replacement for P14388 at 02:59 PDT only. r=16.61; X<=1.60; Moon>=72.6deg. Prepared slot alternative; skip if already observed; reschedule any displaced JWST target.
P21073,09:35:56.849,+62:12:49.82,SET 1.5,SET 300,2,2,3,PA,1.8,B29.2 02:59,Replacement for P14388 at 02:59 PDT only. r=18.79; X<=1.72; Moon>=73.7deg. Prepared slot alternative; skip if already observed; reschedule any displaced JWST target.
S621654287038048256,09:05:33.302,+51:35:07.76,SET 1.5,SET 300,2,2,3,PA,1.8,B30.1 03:11,Replacement for P14703 at 03:11 PDT only. r=16.61; X<=1.54; Moon>=72.6deg. Prepared slot alternative; skip if already observed; reschedule any displaced JWST target.
P21073,09:35:56.849,+62:12:49.82,SET 1.5,SET 300,2,2,3,PA,1.8,B30.2 03:11,Replacement for P14703 at 03:11 PDT only. r=18.79; X<=1.66; Moon>=73.6deg. Prepared slot alternative; skip if already observed; reschedule any displaced JWST target.
P21742,09:58:51.674,+51:10:45.87,SET 1.5,SET 300,2,2,3,PA,1.8,B31.1 03:23,Replacement for P15060 at 03:23 PDT only. r=17.54; X<=1.79; Moon>=80.5deg. Prepared slot alternative; skip if already observed; reschedule any displaced JWST target.
S621654287038048256,09:05:33.302,+51:35:07.76,SET 1.5,SET 300,2,2,3,PA,1.8,B31.2 03:23,Replacement for P15060 at 03:23 PDT only. r=16.61; X<=1.49; Moon>=72.5deg. Prepared slot alternative; skip if already observed; reschedule any displaced JWST target.
P21742,09:58:51.674,+51:10:45.87,SET 1.5,SET 300,2,2,3,PA,1.8,B32.1 03:35,Replacement for P15919 at 03:35 PDT only. r=17.54; X<=1.71; Moon>=80.4deg. Prepared slot alternative; skip if already observed; reschedule any displaced JWST target.
P20405,09:24:59.282,+25:27:39.75,SET 1.5,SET 300,2,2,3,PA,1.8,B32.2 03:35,Replacement for P15919 at 03:35 PDT only. r=17.86; X<=1.76; Moon>=84.5deg. Prepared slot alternative; skip if already observed; reschedule any displaced JWST target.
S2581805921835444224,09:27:41.477,+23:45:43.58,SET 1.5,SET 300,2,2,3,PA,1.8,B33.1 03:47,Replacement for P15439 at 03:47 PDT only. r=17.04; X<=1.71; Moon>=85.6deg. Prepared slot alternative; skip if already observed; reschedule any displaced JWST target.
P21742,09:58:51.674,+51:10:45.87,SET 1.5,SET 300,2,2,3,PA,1.8,B33.2 03:47,Replacement for P15439 at 03:47 PDT only. r=17.54; X<=1.63; Moon>=80.3deg. Prepared slot alternative; skip if already observed; reschedule any displaced JWST target.
S2581805921835444224,09:27:41.477,+23:45:43.58,SET 1.5,SET 300,2,2,3,PA,1.8,B34.1 03:59,Replacement for P17421 at 03:59 PDT only. r=17.04; X<=1.62; Moon>=85.5deg. Prepared slot alternative; skip if already observed; reschedule any displaced JWST target.
S1067460629683529728,10:36:15.478,+57:39:14.99,SET 1.5,SET 300,2,2,3,PA,1.8,B34.2 03:59,Replacement for P17421 at 03:59 PDT only. r=17.68; X<=1.74; Moon>=82.1deg. Prepared slot alternative; skip if already observed; reschedule any displaced JWST target.
S2581805921835444224,09:27:41.477,+23:45:43.58,SET 1.5,SET 300,2,2,3,PA,1.8,B35.1 04:11,Replacement for CLAGN_0818 at 04:11 PDT only. r=17.04; X<=1.53; Moon>=85.4deg. Prepared slot alternative; skip if already observed; reschedule any displaced JWST target.
P22799,10:24:42.379,+37:34:15.74,SET 1.5,SET 300,2,2,3,PA,1.8,B35.2 04:11,Replacement for CLAGN_0818 at 04:11 PDT only. r=17.77; X<=1.78; Moon>=90.4deg. Prepared slot alternative; skip if already observed; reschedule any displaced JWST target.
S2581805921835444224,09:27:41.477,+23:45:43.58,SET 1.5,SET 300,2,2,3,PA,1.8,B36.1 04:23,Replacement for P21422 at 04:23 PDT only. r=17.04; X<=1.46; Moon>=85.3deg. Prepared slot alternative; skip if already observed; reschedule any displaced JWST target.
P22799,10:24:42.379,+37:34:15.74,SET 1.5,SET 300,2,2,3,PA,1.8,B36.2 04:23,Replacement for P21422 at 04:23 PDT only. r=17.77; X<=1.68; Moon>=90.4deg. Prepared slot alternative; skip if already observed; reschedule any displaced JWST target.
S2581805921835444224,09:27:41.477,+23:45:43.58,SET 1.5,SET 300,2,2,3,PA,1.8,B37.1 04:35,Replacement for P22470 at 04:35 PDT only. r=17.04; X<=1.40; Moon>=85.2deg. Prepared slot alternative; skip if already observed; reschedule any displaced JWST target.
P22799,10:24:42.379,+37:34:15.74,SET 1.5,SET 300,2,2,3,PA,1.8,B37.2 04:35,Replacement for P22470 at 04:35 PDT only. r=17.77; X<=1.60; Moon>=90.3deg. Prepared slot alternative; skip if already observed; reschedule any displaced JWST target.
S2581805921835444224,09:27:41.477,+23:45:43.58,SET 1.5,SET 300,2,2,3,PA,1.8,B38.1 04:47,Replacement for J085337.26+014303.6 at 04:47 PDT only. r=17.04; X<=1.34; Moon>=85.2deg. Prepared slot alternative; skip if already observed; reschedule any displaced JWST target.
P22799,10:24:42.379,+37:34:15.74,SET 1.5,SET 300,2,2,3,PA,1.8,B38.2 04:47,Replacement for J085337.26+014303.6 at 04:47 PDT only. r=17.77; X<=1.52; Moon>=90.2deg. Prepared slot alternative; skip if already observed; reschedule any displaced JWST target.
S2581805921835444224,09:27:41.477,+23:45:43.58,SET 1.5,SET 300,2,2,3,PA,1.8,B39.1 04:59,Replacement for P24541 at 04:59 PDT only. r=17.04; X<=1.29; Moon>=85.1deg. Prepared slot alternative; skip if already observed; reschedule any displaced JWST target.
P22799,10:24:42.379,+37:34:15.74,SET 1.5,SET 300,2,2,3,PA,1.8,B39.2 04:59,Replacement for P24541 at 04:59 PDT only. r=17.77; X<=1.45; Moon>=90.1deg. Prepared slot alternative; skip if already observed; reschedule any displaced JWST target.
S2581805921835444224,09:27:41.477,+23:45:43.58,SET 1.5,SET 300,2,2,3,PA,1.8,B40.1 05:11,Replacement for CLAGN_0826 at 05:11 PDT only. r=17.04; X<=1.25; Moon>=85.0deg. Prepared slot alternative; skip if already observed; reschedule any displaced JWST target.
P22799,10:24:42.379,+37:34:15.74,SET 1.5,SET 300,2,2,3,PA,1.8,B40.2 05:11,Replacement for CLAGN_0826 at 05:11 PDT only. r=17.77; X<=1.40; Moon>=90.0deg. Prepared slot alternative; skip if already observed; reschedule any displaced JWST target.
