id,target,ra_deg,dec_deg,coordinates,offset_arcsec,pa_deg,nearest_allwise_arcsec,nearest_2mass_arcsec,moved,visual_review
F01,J075934.95+322143.3,119.9153499752042,32.33315872910747,07 59 39.684 +32 19 59.37,120,150,34.453536750761415,42.68206390098689,True,accepted
F02,J003352.71+202104.1,8.486796048986742,20.355451700641506,00 33 56.831 +20 21 19.63,60,75,33.30814196345718,36.87499192351533,True,accepted
F03,J105325.40+302419.3,163.38956493525365,30.407898830080054,10 53 33.496 +30 24 28.44,105,85,33.30613913620736,92.33226998276275,True,accepted
F04,J005346.16+223222.4,13.432994713143971,22.50735775862859,00 53 43.919 +22 30 26.49,120,195,32.878887069824685,55.574675094043215,True,accepted
F05,J085359.05+212803.4,133.5053558255841,21.49980838304439,08 54 01.285 +21 29 59.31,120,15,30.1651800445519,31.32045696744421,True,accepted
F06,J012558.06+151813.7,21.479697600709994,15.315590336811985,01 25 55.127 +15 18 56.13,60,315,32.607199415327855,60.04963052786078,True,accepted
F07,J234433.09+260038.9,356.1588860042569,26.019608584282512,23 44 38.133 +26 01 10.59,75,65,32.39295544528354,61.184745373090685,True,accepted
F08,J104427.75+271806.3,161.13370097793504,27.30611803877138,10 44 32.088 +27 18 22.02,60,75,34.65306587318887,59.01922573433081,True,accepted
F09,NGC2617,128.8948741500437,-4.088194271187089,08 35 34.770 -04 05 17.50,60,270,33.932580784880585,33.63655282399186,True,accepted
F10,J085337.26+014303.6,133.37880431004191,1.7053401182776642,08 53 30.913 +01 42 19.22,105,245,27.18116484373754,76.47615246216469,True,accepted
F11,J2330323-022745,352.6220719823411,-2.4408493064388193,23 30 29.297 -02 26 27.06,90,330,41.51316690336175,55.41418013879286,True,accepted
F12,J0458403-215931,74.64769429018398,-22.014286168007626,04 58 35.447 -22 00 51.43,105,220,30.242023642963854,47.73338531856793,True,accepted
R01,J162039.13+430814.6,245.1344917574634,43.137385339870335,16 20 32.278 +43 08 14.59,75,270,33.338392422377595,54.08903321355644,True,accepted
R02,J220537.71-071114.5,331.3746730870288,-7.178732669241002,22 05 29.922 -07 10 43.44,120,285,30.5419007889991,30.51627013666817,True,accepted
R03,J104705.16+544405.8,161.74983812981262,54.75662092782491,10 46 59.961 +54 45 23.84,90,330,30.04106153966434,30.548197640670683,True,accepted
R04,J082942.66+415436.8,127.38901138579723,41.89357680841711,08 29 33.363 +41 53 36.88,120,240,33.35893725376205,33.38452773263853,True,accepted
R05,J104043.38+273518.9,160.16749605071578,27.576825364913052,10 40 40.199 +27 34 36.57,60,225,47.21262095874879,54.09696113593072,True,accepted
R06,J083826.50+371906.7,129.5943603494731,37.32923981997958,08 38 22.646 +37 19 45.26,60,310,29.24338239527729,33.44086603551478,True,accepted
R07,J101152.98+544206.4,152.97074999999998,54.718444444444444,10 11 52.980 +54 43 06.40,60,0,52.079592677572975,60.01002436258695,False,accepted
R08,J094838.42+403043.7,147.17687393441312,40.501396769114436,09 48 42.450 +40 30 05.03,60,130,31.71371608246427,40.12214642612553,True,accepted
R09,UGC03601,103.92811713868937,39.98782990178462,06 55 42.748 +39 59 16.19,90,240,31.7930352249597,31.953000354874078,True,accepted
R10,J19263018+4133053,291.6418884542754,41.56845345162637,19 26 34.053 +41 34 06.43,75,35,29.89190456109148,29.877006962131478,True,accepted
R11,J1949137-184716,297.324621172905,-18.78922955508374,19 49 17.909 -18 47 21.23,60,95,28.782299265763054,28.595000576334698,True,accepted
R12,J20145928+2523010,303.7505331399239,25.346309321291336,20 15 00.128 +25 20 46.71,135,175,28.855746536698756,28.693563748937468,True,accepted
