mjd,mag,n,name,band
58292.4428241,17.8294106,15,P9506,g
58365.896736124996,17.83823445,46,P9506,g
58442.22846065,17.804549199999997,20,P9506,g
58509.15949075,17.83064745,5,P9506,g
58665.46734375,18.022493349999998,12,P9506,g
58714.4734606,17.934921250000002,55,P9506,g
58792.19645255,17.927269000000003,32,P9506,g
58876.62408565,17.821281425000002,10,P9506,g
59036.4671991,17.8942337,5,P9506,g
59084.418669,17.8680534,47,P9506,g
59176.687013899995,17.84754185,32,P9506,g
59227.68618635,17.9077244,6,P9506,g
59392.9442766,18.1049671,4,P9506,g
59447.857358225,18.084136,34,P9506,g
59523.1941782,18.0865211,15,P9506,g
59813.3384606,17.9179611,29,P9506,g
59881.3391435,17.8712254,31,P9506,g
59972.1312269,18.244688,7,P9506,g
60169.42332175,18.107069,22,P9506,g
60238.2321991,18.0354424,23,P9506,g
60533.2975,18.0000687,27,P9506,g
60606.2503704,17.981636,25,P9506,g
60677.1954514,18.0901947,11,P9506,g
60909.9141435,17.75901605,14,P9506,g
60953.3277083,17.7983608,11,P9506,g
61219.96119790012,17.6951647,4,P9506,g
58299.9561748,17.651389100000003,12,P9506,r
58362.91498265,17.632556925,50,P9506,r
58457.2032292,17.5962563,29,P9506,r
58669.4359375,17.7591839,9,P9506,r
58717.5051331,17.6997528,57,P9506,r
58788.63157985,17.691112525,34,P9506,r
58892.1332755,17.5871048,13,P9506,r
59034.871973400004,17.701849000000003,6,P9506,r
59085.4640278,17.6359196,51,P9506,r
59173.2183218,17.6240501,31,P9506,r
59261.1246933,17.70699405,20,P9506,r
59373.932430550005,17.83399585,4,P9506,r
59449.864380775005,17.8143635,32,P9506,r
59525.1623727,17.7989769,13,P9506,r
59627.6251852,17.6583624,8,P9506,r
59809.432847200005,17.66568565,26,P9506,r
59881.2850463,17.660511,29,P9506,r
59970.1400694,17.8099346,11,P9506,r
60088.4708565,17.7423744,3,P9506,r
60169.422986100006,17.788271425,26,P9506,r
60240.2727199,17.74788285,24,P9506,r
60324.6753443,17.8008108,4,P9506,r
60445.983344925,17.7337742,10,P9506,r
60538.3816319,17.735157,23,P9506,r
60608.3849769,17.7171135,27,P9506,r
60682.13470485,17.8060932,14,P9506,r
60822.4768981,17.6802368,19,P9506,r
60909.8621817,17.5375042,14,P9506,r
60952.32090275,17.55700685,10,P9506,r
58296.965708924996,17.629378775,16,P10381,g
58366.455463000006,17.79805375,31,P10381,g
58469.1876273,17.8674622,13,P10381,g
58511.6698206,17.787730699999997,4,P10381,g
58667.4440278,17.7944927,13,P10381,g
58724.9274363,17.633497225,42,P10381,g
58794.20766205,17.56583595,39,P10381,g
58881.1426042,17.5920868,11,P10381,g
59036.4667361,17.37526605,3,P10381,g
59081.9409433,17.4057865,66,P10381,g
59179.170911475,17.317875375,40,P10381,g
59229.66726855,17.3136635,18,P10381,g
59449.846657999995,17.347393525,36,P10381,g
59521.73743055,17.541038075,22,P10381,g
59624.1387558,17.411134699999998,3,P10381,g
59815.436713,17.5688906,27,P10381,g
59882.2233449,17.4404945,35,P10381,g
59977.145480349995,17.2323456,11,P10381,g
60172.42845485,17.173130524999998,32,P10381,g
60236.2437037,17.03161145,35,P10381,g
60351.636979150004,17.1151495,6,P10381,g
60538.9297859,16.938535675,28,P10381,g
60612.357106475,16.9892826,34,P10381,g
60680.135428249996,16.8941388,14,P10381,g
60916.8925058,17.0190115,16,P10381,g
60969.3373611,17.14352605,25,P10381,g
61054.13639755,17.08257015,16,P10381,g
61262.443726900034,17.09492715,31,P10381,g
61301.31907409988,17.02390115,15,P10381,g
58305.9057494,17.35179615,12,P10381,r
58355.4930324,17.48175715,37,P10381,r
58447.330734949996,17.5089626,21,P10381,r
58666.9519676,17.4716668,14,P10381,r
58728.94393225,17.346666325,44,P10381,r
58795.69815975,17.312373625,38,P10381,r
58884.1360417,17.30457785,15,P10381,r
59005.47494215,17.1676674,9,P10381,r
59080.94033565,17.2066574,68,P10381,r
59176.7316551,17.12887095,40,P10381,r
59256.1535069,17.1612587,31,P10381,r
59363.97310185,17.2426462,10,P10381,r
59451.34302665,17.166913049999998,31,P10381,r
59522.3090856,17.2791634,25,P10381,r
59628.1355208,17.1916313,7,P10381,r
59731.4645833,17.27210235,11,P10381,r
59809.9498495,17.268265725,28,P10381,r
59881.22868925,17.198925,34,P10381,r
59980.12310185,17.0427361,11,P10381,r
60097.46590855,16.8484344,9,P10381,r
60171.403912,16.9803658,35,P10381,r
60235.3033102,16.8967037,35,P10381,r
60342.6621875,16.9139862,6,P10381,r
60459.46865165,16.8236141,5,P10381,r
60539.3786227,16.8194389,27,P10381,r
60607.33935765,16.8571262,38,P10381,r
60678.66512735,16.797575000000002,12,P10381,r
60822.482019675,16.855986124999998,10,P10381,r
60916.4050926,16.8889599,21,P10381,r
60969.277083300054,16.957844599999998,29,P10381,r
61054.12889759999,16.94202735,16,P10381,r
61181.48668979993,16.8406111,3,P10381,r
61250.855613450054,16.945857599999997,44,P10381,r
61301.36626154999,16.9027236,14,P10381,r
58304.4622917,17.9480171,11,P11530,g
58366.434074100005,17.8346958,43,P11530,g
58469.1640162,16.7631855,19,P11530,g
58512.644985524996,16.879230975,12,P11530,g
58674.955408,17.788445475,8,P11530,g
58712.98300925,17.98596955,46,P11530,g
58791.2724884,18.2092285,37,P11530,g
58877.18546875,18.0574589,19,P11530,g
59076.4722454,18.447340949999997,53,P11530,g
59172.213891775,18.47382785,32,P11530,g
59229.1869676,18.4625072,19,P11530,g
59460.921597199995,18.474747649999998,28,P11530,g
59517.2381597,18.4593105,19,P11530,g
59627.1753588,18.4815884,5,P11530,g
59812.43101275,18.034939799999997,25,P11530,g
59897.2270978,17.978553275,28,P11530,g
59970.1562153,17.7937069,9,P11530,g
60174.4343287,18.1299419,21,P11530,g
60247.11226275,17.99489495,27,P11530,g
60340.21155095,18.069494249999998,5,P11530,g
60541.388423025,18.270952700000002,22,P11530,g
60611.362604174996,18.1623964,34,P11530,g
60684.214537,18.16809465,15,P11530,g
60895.48234375,18.363962200000003,23,P11530,g
60971.28172455006,18.47119905,32,P11530,g
61055.145671300124,18.461810699999997,19,P11530,g
61264.432309000054,18.338278699999996,33,P11530,g
61299.85950232507,18.287382199999996,14,P11530,g
58302.4546412,17.353807449999998,12,P11530,r
58359.3192477,17.2755632,49,P11530,r
58465.27044560001,16.553936,23,P11530,r
58511.11940395,16.65043545,5,P11530,r
58671.963585075,17.235750175,8,P11530,r
58713.9186169,17.378024574999998,52,P11530,r
58791.3440741,17.50692275,37,P11530,r
58883.133738425,17.413720125,22,P11530,r
59078.445772574996,17.607399899999997,54,P11530,r
59174.2781019,17.63772295,29,P11530,r
59256.15233795,17.634567250000003,29,P11530,r
59461.386088,17.61545465,31,P11530,r
59521.290217025,17.5963621,16,P11530,r
59632.131087949994,17.5988798,6,P11530,r
59807.954325800005,17.400712475,22,P11530,r
59888.2592824,17.369362825,30,P11530,r
59969.66690395,17.2827854,12,P11530,r
60171.4024306,17.4331875,23,P11530,r
60247.1386169,17.3764677,29,P11530,r
60315.211273149995,17.4038525,7,P11530,r
60545.42958045,17.5135074,20,P11530,r
60610.194554350004,17.47186185,35,P11530,r
60680.143822325,17.482400875,12,P11530,r
60835.47461225,17.478596675,4,P11530,r
60884.410104149996,17.5746174,45,P11530,r
60969.300463,17.654010800000002,29,P11530,r
61054.12302079983,17.629092800000002,21,P11530,r
61255.45200229995,17.572102299999997,35,P11530,r
61299.46424769983,17.5496993,13,P11530,r
58285.4453241,18.0833588,15,P7837,g
58363.803538775,18.12279035,30,P7837,g
58440.233397,18.1794357,16,P7837,g
58672.4296181,18.3259697,7,P7837,g
58736.941571175,18.295071150000002,44,P7837,g
58802.6983854,18.23700235,26,P7837,g
58875.1339815,18.2131691,5,P7837,g
59033.472743050006,18.2368746,4,P7837,g
59089.340376149994,18.3211174,47,P7837,g
59172.1894676,18.4193535,28,P7837,g
59228.1453993,18.3199425,6,P7837,g
59387.3860648,18.2087688,17,P7837,g
59450.838561900004,18.2238164,62,P7837,g
59522.7463918,18.21961115,28,P7837,g
59749.932627300004,18.24097635,8,P7837,g
59810.4140278,18.1540575,55,P7837,g
59883.2466088,18.26512055,59,P7837,g
60116.4046528,18.1509552,3,P7837,g
60170.87841145,18.102400799999998,54,P7837,g
60242.3618287,18.24740795,49,P7837,g
60528.357453699995,18.1123667,30,P7837,g
60615.3696586,18.108888649999997,28,P7837,g
60676.09684605,18.0758448,8,P7837,g
60909.3411574,18.0980644,17,P7837,g
60952.33774885,18.1629047,14,P7837,g
58289.97127315,17.8156662,16,P7837,r
58361.3130382,17.8589306,39,P7837,r
58443.1000926,17.8689995,11,P7837,r
58670.942974549995,17.997017399999997,4,P7837,r
58737.3335648,17.9801674,43,P7837,r
58792.1785995,17.9491482,25,P7837,r
58885.1343171,17.906086,7,P7837,r
59020.47201965,17.9486475,4,P7837,r
59087.88233215,17.981423375,46,P7837,r
59171.20815975,18.0876293,26,P7837,r
59252.615405100005,17.973013899999998,16,P7837,r
59370.4177778,17.9215593,30,P7837,r
59450.37141205,17.9078979,63,P7837,r
59523.124097199994,17.913435,27,P7837,r
59629.111956,17.9787197,3,P7837,r
59708.4769676,17.9047699,17,P7837,r
59807.844612275,17.858339299999997,54,P7837,r
59883.2985764,17.9199944,53,P7837,r
59972.1601736,17.9237938,3,P7837,r
60063.9957089,17.9139814,16,P7837,r
60170.4001157,17.808101649999998,55,P7837,r
60242.1980903,17.9290237,47,P7837,r
60352.6199971,17.860070200000003,10,P7837,r
60424.4892998,17.9446754,15,P7837,r
60520.40667245,17.842639,22,P7837,r
60624.15582755,17.85105705,20,P7837,r
60674.128640049996,17.815768249999998,12,P7837,r
60788.99346065,17.941135875,12,P7837,r
60905.3519792,17.8367348,19,P7837,r
60955.3403935,17.8619213,15,P7837,r
58290.938200250006,16.770627949999998,12,P9694,g
58367.4010706,16.80054475,43,P9694,g
58457.1294907,16.857352249999998,19,P9694,g
58508.152228025,16.86138535,6,P9694,g
58670.945353,16.96877575,10,P9694,g
58733.927910900005,17.003830425,46,P9694,g
58801.1906713,17.0541039,21,P9694,g
58877.62086805,16.9919357,8,P9694,g
59037.46332175,17.0659008,4,P9694,g
59088.406608799996,16.89931105,40,P9694,g
59182.1722917,16.8117619,27,P9694,g
59230.1538831,16.8154993,6,P9694,g
59392.943802099995,16.834834100000002,4,P9694,g
59449.25966435,16.8914051,29,P9694,g
59524.3090856,16.8493252,13,P9694,g
59817.4210069,16.5603294,23,P9694,g
59895.2812384,16.54824925,32,P9694,g
59967.1852199,16.5834751,7,P9694,g
60170.4428588,16.5572548,25,P9694,g
60237.757456575,16.52103805,32,P9694,g
60539.41310765,16.616857500000002,22,P9694,g
60606.2612153,16.5186043,25,P9694,g
60678.112963,16.4522266,7,P9694,g
60891.391736100006,16.5433321,31,P9694,g
60962.8076736,16.637627199999997,18,P9694,g
61260.38199070003,16.664824199999998,11,P9694,g
58298.4569444,16.5662975,11,P9694,r
58363.44193865,16.597097400000003,47,P9694,r
58464.26921295001,16.6381569,19,P9694,r
58667.930162050005,16.742211349999998,8,P9694,r
58732.932297449996,16.7415247,46,P9694,r
58791.3431713,16.7980576,23,P9694,r
58882.64065395,16.740107549999998,10,P9694,r
59037.38042825,16.7963352,4,P9694,r
59082.948342025,16.674496650000002,40,P9694,r
59171.1953356,16.6077023,27,P9694,r
59256.1184838,16.5788002,19,P9694,r
59450.3784606,16.6389484,31,P9694,r
59525.225179400004,16.6043873,12,P9694,r
59624.1209144,16.5331192,5,P9694,r
59811.90565395,16.385555250000003,22,P9694,r
59882.781950200006,16.3862743,34,P9694,r
59969.1366551,16.3921986,7,P9694,r
60185.869429950006,16.38605595,32,P9694,r
60238.2952199,16.3743095,25,P9694,r
60354.1201505,16.4215584,7,P9694,r
60545.41282985,16.4202576,22,P9694,r
60608.3840394,16.3490829,27,P9694,r
60678.0949074,16.2934551,11,P9694,r
60823.4752662,16.3228865,9,P9694,r
60885.3450347,16.3580093,43,P9694,r
60953.2217361,16.4332237,13,P9694,r
